timestamp,station_id,temperature,pressure,humidity,latitude,longitude,elevation,is_anomaly,anomaly_type,severity,is_fault,affected_params,clean_temperature,clean_pressure,clean_humidity,anomaly_metadata
2026-08-01 00:00:00+00:00,AWS-001,20.92,989.83,72.32,28.6139,77.209,216.0,False,NORMAL,NONE,False,none,20.92,989.83,72.32,{}
2026-08-01 00:05:00+00:00,AWS-001,20.62,989.95,73.5,28.6139,77.209,216.0,False,NORMAL,NONE,False,none,20.62,989.95,73.5,{}
2026-08-01 00:10:00+00:00,AWS-001,20.66,990.03,72.42,28.6139,77.209,216.0,False,NORMAL,NONE,False,none,20.66,990.03,72.42,{}
2026-08-01 00:15:00+00:00,AWS-001,20.71,990.02,72.87,28.6139,77.209,216.0,False,NORMAL,NONE,False,none,20.71,990.02,72.87,{}
2026-08-01 00:20:00+00:00,AWS-001,20.26,990.03,74.99,28.6139,77.209,216.0,False,NORMAL,NONE,False,none,20.26,990.03,74.99,{}
2026-08-01 00:25:00+00:00,AWS-001,19.97,990.05,76.56,28.6139,77.209,216.0,False,NORMAL,NONE,False,none,19.97,990.05,76.56,{}
2026-08-01 00:30:00+00:00,AWS-001,19.95,990.04,77.26,28.6139,77.209,216.0,False,NORMAL,NONE,False,none,19.95,990.04,77.26,{}
2026-08-01 00:35:00+00:00,AWS-001,19.85,989.95,77.61,28.6139,77.209,216.0,False,NORMAL,NONE,False,none,19.85,989.95,77.61,{}
2026-08-01 00:40:00+00:00,AWS-001,19.81,989.8,77.84,28.6139,77.209,216.0,False,NORMAL,NONE,False,none,19.81,989.8,77.84,{}
2026-08-01 00:45:00+00:00,AWS-001,19.63,989.75,78.85,28.6139,77.209,216.0,False,NORMAL,NONE,False,none,19.63,989.75,78.85,{}
2026-08-01 00:50:00+00:00,AWS-001,19.75,989.86,79.35,28.6139,77.209,216.0,False,NORMAL,NONE,False,none,19.75,989.86,79.35,{}
2026-08-01 00:55:00+00:00,AWS-001,19.83,989.97,78.95,28.6139,77.209,216.0,False,NORMAL,NONE,False,none,19.83,989.97,78.95,{}
2026-08-01 01:00:00+00:00,AWS-001,19.79,989.93,78.41,28.6139,77.209,216.0,False,NORMAL,NONE,False,none,19.79,989.93,78.41,{}
2026-08-01 01:05:00+00:00,AWS-001,19.92,989.86,77.14,28.6139,77.209,216.0,False,NORMAL,NONE,False,none,19.92,989.86,77.14,{}
2026-08-01 01:10:00+00:00,AWS-001,19.92,989.87,77.44,28.6139,77.209,216.0,False,NORMAL,NONE,False,none,19.92,989.87,77.44,{}
2026-08-01 01:15:00+00:00,AWS-001,19.7,989.88,77.99,28.6139,77.209,216.0,False,NORMAL,NONE,False,none,19.7,989.88,77.99,{}
2026-08-01 01:20:00+00:00,AWS-001,19.71,989.9,77.24,28.6139,77.209,216.0,False,NORMAL,NONE,False,none,19.71,989.9,77.24,{}
2026-08-01 01:25:00+00:00,AWS-001,19.49,989.73,79.1,28.6139,77.209,216.0,False,NORMAL,NONE,False,none,19.49,989.73,79.1,{}
2026-08-01 01:30:00+00:00,AWS-001,19.6,989.91,79.23,28.6139,77.209,216.0,False,NORMAL,NONE,False,none,19.6,989.91,79.23,{}
2026-08-01 01:35:00+00:00,AWS-001,19.55,989.95,79.45,28.6139,77.209,216.0,False,NORMAL,NONE,False,none,19.55,989.95,79.45,{}
2026-08-01 01:40:00+00:00,AWS-001,19.47,989.92,80.18,28.6139,77.209,216.0,False,NORMAL,NONE,False,none,19.47,989.92,80.18,{}
2026-08-01 01:45:00+00:00,AWS-001,19.32,989.85,81.18,28.6139,77.209,216.0,False,NORMAL,NONE,False,none,19.32,989.85,81.18,{}
2026-08-01 01:50:00+00:00,AWS-001,19.51,989.89,80.72,28.6139,77.209,216.0,False,NORMAL,NONE,False,none,19.51,989.89,80.72,{}
2026-08-01 01:55:00+00:00,AWS-001,19.44,989.89,81.46,28.6139,77.209,216.0,False,NORMAL,NONE,False,none,19.44,989.89,81.46,{}
2026-08-01 02:00:00+00:00,AWS-001,19.34,989.87,80.31,28.6139,77.209,216.0,False,NORMAL,NONE,False,none,19.34,989.87,80.31,{}
2026-08-01 02:05:00+00:00,AWS-001,19.26,989.88,80.78,28.6139,77.209,216.0,False,NORMAL,NONE,False,none,19.26,989.88,80.78,{}
2026-08-01 02:10:00+00:00,AWS-001,19.34,989.85,80.91,28.6139,77.209,216.0,False,NORMAL,NONE,False,none,19.34,989.85,80.91,{}
2026-08-01 02:15:00+00:00,AWS-001,19.39,989.85,80.57,28.6139,77.209,216.0,False,NORMAL,NONE,False,none,19.39,989.85,80.57,{}
2026-08-01 02:20:00+00:00,AWS-001,19.44,989.87,80.51,28.6139,77.209,216.0,False,NORMAL,NONE,False,none,19.44,989.87,80.51,{}
2026-08-01 02:25:00+00:00,AWS-001,19.48,989.87,80.88,28.6139,77.209,216.0,False,NORMAL,NONE,False,none,19.48,989.87,80.88,{}
2026-08-01 02:30:00+00:00,AWS-001,19.81,989.87,79.34,28.6139,77.209,216.0,False,NORMAL,NONE,False,none,19.81,989.87,79.34,{}
2026-08-01 02:35:00+00:00,AWS-001,19.68,989.93,80.99,28.6139,77.209,216.0,False,NORMAL,NONE,False,none,19.68,989.93,80.99,{}
2026-08-01 02:40:00+00:00,AWS-001,19.55,989.81,82.24,28.6139,77.209,216.0,False,NORMAL,NONE,False,none,19.55,989.81,82.24,{}
2026-08-01 02:45:00+00:00,AWS-001,19.39,989.75,82.78,28.6139,77.209,216.0,False,NORMAL,NONE,False,none,19.39,989.75,82.78,{}
2026-08-01 02:50:00+00:00,AWS-001,19.49,989.75,82.0,28.6139,77.209,216.0,False,NORMAL,NONE,False,none,19.49,989.75,82.0,{}
2026-08-01 02:55:00+00:00,AWS-001,19.67,989.7,79.2,28.6139,77.209,216.0,False,NORMAL,NONE,False,none,19.67,989.7,79.2,{}
2026-08-01 03:00:00+00:00,AWS-001,19.62,989.68,79.41,28.6139,77.209,216.0,False,NORMAL,NONE,False,none,19.62,989.68,79.41,{}
2026-08-01 03:05:00+00:00,AWS-001,19.47,989.76,79.53,28.6139,77.209,216.0,False,NORMAL,NONE,False,none,19.47,989.76,79.53,{}
2026-08-01 03:10:00+00:00,AWS-001,19.34,989.75,80.62,28.6139,77.209,216.0,False,NORMAL,NONE,False,none,19.34,989.75,80.62,{}
2026-08-01 03:15:00+00:00,AWS-001,19.48,989.64,80.25,28.6139,77.209,216.0,False,NORMAL,NONE,False,none,19.48,989.64,80.25,{}
2026-08-01 03:20:00+00:00,AWS-001,19.62,989.63,80.16,28.6139,77.209,216.0,False,NORMAL,NONE,False,none,19.62,989.63,80.16,{}
2026-08-01 03:25:00+00:00,AWS-001,19.72,989.65,80.64,28.6139,77.209,216.0,False,NORMAL,NONE,False,none,19.72,989.65,80.64,{}
2026-08-01 03:30:00+00:00,AWS-001,19.61,989.68,81.12,28.6139,77.209,216.0,False,NORMAL,NONE,False,none,19.61,989.68,81.12,{}
2026-08-01 03:35:00+00:00,AWS-001,19.67,989.73,82.22,28.6139,77.209,216.0,False,NORMAL,NONE,False,none,19.67,989.73,82.22,{}
2026-08-01 03:40:00+00:00,AWS-001,19.72,989.78,81.91,28.6139,77.209,216.0,False,NORMAL,NONE,False,none,19.72,989.78,81.91,{}
2026-08-01 03:45:00+00:00,AWS-001,19.78,989.79,80.54,28.6139,77.209,216.0,False,NORMAL,NONE,False,none,19.78,989.79,80.54,{}
2026-08-01 03:50:00+00:00,AWS-001,19.95,989.74,79.28,28.6139,77.209,216.0,False,NORMAL,NONE,False,none,19.95,989.74,79.28,{}
2026-08-01 03:55:00+00:00,AWS-001,20.0,989.74,78.79,28.6139,77.209,216.0,False,NORMAL,NONE,False,none,20.0,989.74,78.79,{}
2026-08-01 04:00:00+00:00,AWS-001,20.13,989.74,78.57,28.6139,77.209,216.0,False,NORMAL,NONE,False,none,20.13,989.74,78.57,{}
2026-08-01 04:05:00+00:00,AWS-001,20.16,989.76,77.85,28.6139,77.209,216.0,False,NORMAL,NONE,False,none,20.16,989.76,77.85,{}
2026-08-01 04:10:00+00:00,AWS-001,20.22,989.84,77.42,28.6139,77.209,216.0,False,NORMAL,NONE,False,none,20.22,989.84,77.42,{}
2026-08-01 04:15:00+00:00,AWS-001,20.35,989.9,76.82,28.6139,77.209,216.0,False,NORMAL,NONE,False,none,20.35,989.9,76.82,{}
2026-08-01 04:20:00+00:00,AWS-001,20.12,989.99,77.73,28.6139,77.209,216.0,False,NORMAL,NONE,False,none,20.12,989.99,77.73,{}
2026-08-01 04:25:00+00:00,AWS-001,20.12,990.0,78.38,28.6139,77.209,216.0,False,NORMAL,NONE,False,none,20.12,990.0,78.38,{}
2026-08-01 04:30:00+00:00,AWS-001,20.11,990.13,78.9,28.6139,77.209,216.0,False,NORMAL,NONE,False,none,20.11,990.13,78.9,{}
2026-08-01 04:35:00+00:00,AWS-001,20.08,990.21,79.76,28.6139,77.209,216.0,False,NORMAL,NONE,False,none,20.08,990.21,79.76,{}
2026-08-01 04:40:00+00:00,AWS-001,20.12,990.25,79.2,28.6139,77.209,216.0,False,NORMAL,NONE,False,none,20.12,990.25,79.2,{}
2026-08-01 04:45:00+00:00,AWS-001,20.47,990.32,78.23,28.6139,77.209,216.0,False,NORMAL,NONE,False,none,20.47,990.32,78.23,{}
2026-08-01 04:50:00+00:00,AWS-001,20.39,990.31,77.56,28.6139,77.209,216.0,False,NORMAL,NONE,False,none,20.39,990.31,77.56,{}
2026-08-01 04:55:00+00:00,AWS-001,20.64,990.23,75.48,28.6139,77.209,216.0,False,NORMAL,NONE,False,none,20.64,990.23,75.48,{}
2026-08-01 05:00:00+00:00,AWS-001,20.43,990.25,75.82,28.6139,77.209,216.0,False,NORMAL,NONE,False,none,20.43,990.25,75.82,{}
2026-08-01 05:05:00+00:00,AWS-001,20.49,990.35,75.8,28.6139,77.209,216.0,False,NORMAL,NONE,False,none,20.49,990.35,75.8,{}
2026-08-01 05:10:00+00:00,AWS-001,20.63,990.41,76.08,28.6139,77.209,216.0,False,NORMAL,NONE,False,none,20.63,990.41,76.08,{}
2026-08-01 05:15:00+00:00,AWS-001,20.84,990.46,74.77,28.6139,77.209,216.0,False,NORMAL,NONE,False,none,20.84,990.46,74.77,{}
2026-08-01 05:20:00+00:00,AWS-001,21.06,990.47,73.57,28.6139,77.209,216.0,False,NORMAL,NONE,False,none,21.06,990.47,73.57,{}
2026-08-01 05:25:00+00:00,AWS-001,21.27,990.42,72.58,28.6139,77.209,216.0,False,NORMAL,NONE,False,none,21.27,990.42,72.58,{}
2026-08-01 05:30:00+00:00,AWS-001,21.29,990.58,73.0,28.6139,77.209,216.0,False,NORMAL,NONE,False,none,21.29,990.58,73.0,{}
2026-08-01 05:35:00+00:00,AWS-001,21.3,990.64,72.72,28.6139,77.209,216.0,False,NORMAL,NONE,False,none,21.3,990.64,72.72,{}
2026-08-01 05:40:00+00:00,AWS-001,21.54,990.68,71.41,28.6139,77.209,216.0,False,NORMAL,NONE,False,none,21.54,990.68,71.41,{}
2026-08-01 05:45:00+00:00,AWS-001,21.6,990.72,70.47,28.6139,77.209,216.0,False,NORMAL,NONE,False,none,21.6,990.72,70.47,{}
2026-08-01 05:50:00+00:00,AWS-001,21.48,990.87,70.88,28.6139,77.209,216.0,False,NORMAL,NONE,False,none,21.48,990.87,70.88,{}
2026-08-01 05:55:00+00:00,AWS-001,21.41,990.99,72.19,28.6139,77.209,216.0,False,NORMAL,NONE,False,none,21.41,990.99,72.19,{}
2026-08-01 06:00:00+00:00,AWS-001,21.41,991.0,72.4,28.6139,77.209,216.0,False,NORMAL,NONE,False,none,21.41,991.0,72.4,{}
2026-08-01 06:05:00+00:00,AWS-001,21.65,991.14,70.95,28.6139,77.209,216.0,False,NORMAL,NONE,False,none,21.65,991.14,70.95,{}
2026-08-01 06:10:00+00:00,AWS-001,21.82,991.2,71.14,28.6139,77.209,216.0,False,NORMAL,NONE,False,none,21.82,991.2,71.14,{}
2026-08-01 06:15:00+00:00,AWS-001,22.08,991.24,69.68,28.6139,77.209,216.0,False,NORMAL,NONE,False,none,22.08,991.24,69.68,{}
2026-08-01 06:20:00+00:00,AWS-001,22.14,991.29,70.41,28.6139,77.209,216.0,False,NORMAL,NONE,False,none,22.14,991.29,70.41,{}
2026-08-01 06:25:00+00:00,AWS-001,22.3,991.32,70.54,28.6139,77.209,216.0,False,NORMAL,NONE,False,none,22.3,991.32,70.54,{}
2026-08-01 06:30:00+00:00,AWS-001,22.54,991.33,69.39,28.6139,77.209,216.0,False,NORMAL,NONE,False,none,22.54,991.33,69.39,{}
2026-08-01 06:35:00+00:00,AWS-001,22.61,991.46,67.99,28.6139,77.209,216.0,False,NORMAL,NONE,False,none,22.61,991.46,67.99,{}
2026-08-01 06:40:00+00:00,AWS-001,22.81,991.52,68.61,28.6139,77.209,216.0,False,NORMAL,NONE,False,none,22.81,991.52,68.61,{}
2026-08-01 06:45:00+00:00,AWS-001,22.82,991.64,68.6,28.6139,77.209,216.0,False,NORMAL,NONE,False,none,22.82,991.64,68.6,{}
2026-08-01 06:50:00+00:00,AWS-001,22.9,991.74,67.88,28.6139,77.209,216.0,False,NORMAL,NONE,False,none,22.9,991.74,67.88,{}
2026-08-01 06:55:00+00:00,AWS-001,22.98,991.85,68.01,28.6139,77.209,216.0,False,NORMAL,NONE,False,none,22.98,991.85,68.01,{}
2026-08-01 07:00:00+00:00,AWS-001,22.93,991.8,68.44,28.6139,77.209,216.0,False,NORMAL,NONE,False,none,22.93,991.8,68.44,{}
2026-08-01 07:05:00+00:00,AWS-001,23.19,991.83,68.0,28.6139,77.209,216.0,False,NORMAL,NONE,False,none,23.19,991.83,68.0,{}
2026-08-01 07:10:00+00:00,AWS-001,23.27,991.95,66.93,28.6139,77.209,216.0,False,NORMAL,NONE,False,none,23.27,991.95,66.93,{}
2026-08-01 07:15:00+00:00,AWS-001,23.44,991.96,66.25,28.6139,77.209,216.0,False,NORMAL,NONE,False,none,23.44,991.96,66.25,{}
2026-08-01 07:20:00+00:00,AWS-001,23.68,992.07,64.35,28.6139,77.209,216.0,False,NORMAL,NONE,False,none,23.68,992.07,64.35,{}
2026-08-01 07:25:00+00:00,AWS-001,23.91,992.07,63.84,28.6139,77.209,216.0,False,NORMAL,NONE,False,none,23.91,992.07,63.84,{}
2026-08-01 07:30:00+00:00,AWS-001,24.16,992.16,62.77,28.6139,77.209,216.0,False,NORMAL,NONE,False,none,24.16,992.16,62.77,{}
2026-08-01 07:35:00+00:00,AWS-001,24.27,992.34,62.43,28.6139,77.209,216.0,False,NORMAL,NONE,False,none,24.27,992.34,62.43,{}
2026-08-01 07:40:00+00:00,AWS-001,24.33,992.46,62.01,28.6139,77.209,216.0,False,NORMAL,NONE,False,none,24.33,992.46,62.01,{}
2026-08-01 07:45:00+00:00,AWS-001,24.46,992.42,61.31,28.6139,77.209,216.0,False,NORMAL,NONE,False,none,24.46,992.42,61.31,{}
2026-08-01 07:50:00+00:00,AWS-001,24.33,992.55,61.22,28.6139,77.209,216.0,False,NORMAL,NONE,False,none,24.33,992.55,61.22,{}
2026-08-01 07:55:00+00:00,AWS-001,24.26,992.73,62.01,28.6139,77.209,216.0,False,NORMAL,NONE,False,none,24.26,992.73,62.01,{}
2026-08-01 08:00:00+00:00,AWS-001,24.25,992.96,62.99,28.6139,77.209,216.0,False,NORMAL,NONE,False,none,24.25,992.96,62.99,{}
2026-08-01 08:05:00+00:00,AWS-001,24.3,993.03,62.27,28.6139,77.209,216.0,False,NORMAL,NONE,False,none,24.3,993.03,62.27,{}
2026-08-01 08:10:00+00:00,AWS-001,24.6,993.0,61.45,28.6139,77.209,216.0,False,NORMAL,NONE,False,none,24.6,993.0,61.45,{}
2026-08-01 08:15:00+00:00,AWS-001,24.66,993.08,61.38,28.6139,77.209,216.0,False,NORMAL,NONE,False,none,24.66,993.08,61.38,{}
2026-08-01 08:20:00+00:00,AWS-001,24.82,993.22,60.67,28.6139,77.209,216.0,False,NORMAL,NONE,False,none,24.82,993.22,60.67,{}
2026-08-01 08:25:00+00:00,AWS-001,25.26,993.25,58.04,28.6139,77.209,216.0,False,NORMAL,NONE,False,none,25.26,993.25,58.04,{}
2026-08-01 08:30:00+00:00,AWS-001,25.39,993.35,56.83,28.6139,77.209,216.0,False,NORMAL,NONE,False,none,25.39,993.35,56.83,{}
2026-08-01 08:35:00+00:00,AWS-001,25.7,993.34,55.45,28.6139,77.209,216.0,False,NORMAL,NONE,False,none,25.7,993.34,55.45,{}
2026-08-01 08:40:00+00:00,AWS-001,25.71,993.4,54.27,28.6139,77.209,216.0,False,NORMAL,NONE,False,none,25.71,993.4,54.27,{}
2026-08-01 08:45:00+00:00,AWS-001,25.86,993.29,55.05,28.6139,77.209,216.0,False,NORMAL,NONE,False,none,25.86,993.29,55.05,{}
2026-08-01 08:50:00+00:00,AWS-001,25.88,993.28,55.4,28.6139,77.209,216.0,False,NORMAL,NONE,False,none,25.88,993.28,55.4,{}
2026-08-01 08:55:00+00:00,AWS-001,26.02,993.33,55.06,28.6139,77.209,216.0,False,NORMAL,NONE,False,none,26.02,993.33,55.06,{}
2026-08-01 09:00:00+00:00,AWS-001,26.36,993.36,52.7,28.6139,77.209,216.0,False,NORMAL,NONE,False,none,26.36,993.36,52.7,{}
2026-08-01 09:05:00+00:00,AWS-001,26.24,993.33,52.24,28.6139,77.209,216.0,False,NORMAL,NONE,False,none,26.24,993.33,52.24,{}
2026-08-01 09:10:00+00:00,AWS-001,26.51,993.35,51.79,28.6139,77.209,216.0,False,NORMAL,NONE,False,none,26.51,993.35,51.79,{}
2026-08-01 09:15:00+00:00,AWS-001,26.74,993.42,52.7,28.6139,77.209,216.0,False,NORMAL,NONE,False,none,26.74,993.42,52.7,{}
2026-08-01 09:20:00+00:00,AWS-001,26.82,993.46,52.15,28.6139,77.209,216.0,False,NORMAL,NONE,False,none,26.82,993.46,52.15,{}
2026-08-01 09:25:00+00:00,AWS-001,26.76,993.5,53.07,28.6139,77.209,216.0,False,NORMAL,NONE,False,none,26.76,993.5,53.07,{}
2026-08-01 09:30:00+00:00,AWS-001,26.97,993.58,52.16,28.6139,77.209,216.0,False,NORMAL,NONE,False,none,26.97,993.58,52.16,{}
2026-08-01 09:35:00+00:00,AWS-001,27.08,993.6,51.98,28.6139,77.209,216.0,False,NORMAL,NONE,False,none,27.08,993.6,51.98,{}
2026-08-01 09:40:00+00:00,AWS-001,27.31,993.71,52.12,28.6139,77.209,216.0,False,NORMAL,NONE,False,none,27.31,993.71,52.12,{}
2026-08-01 09:45:00+00:00,AWS-001,27.5,993.67,51.3,28.6139,77.209,216.0,False,NORMAL,NONE,False,none,27.5,993.67,51.3,{}
2026-08-01 09:50:00+00:00,AWS-001,27.94,993.81,49.56,28.6139,77.209,216.0,False,NORMAL,NONE,False,none,27.94,993.81,49.56,{}
2026-08-01 09:55:00+00:00,AWS-001,28.04,993.89,50.24,28.6139,77.209,216.0,False,NORMAL,NONE,False,none,28.04,993.89,50.24,{}
2026-08-01 10:00:00+00:00,AWS-001,28.01,993.87,50.28,28.6139,77.209,216.0,False,NORMAL,NONE,False,none,28.01,993.87,50.28,{}
2026-08-01 10:05:00+00:00,AWS-001,28.2,993.86,50.36,28.6139,77.209,216.0,False,NORMAL,NONE,False,none,28.2,993.86,50.36,{}
2026-08-01 10:10:00+00:00,AWS-001,28.39,993.88,49.23,28.6139,77.209,216.0,False,NORMAL,NONE,False,none,28.39,993.88,49.23,{}
2026-08-01 10:15:00+00:00,AWS-001,28.76,993.92,49.02,28.6139,77.209,216.0,False,NORMAL,NONE,False,none,28.76,993.92,49.02,{}
2026-08-01 10:20:00+00:00,AWS-001,29.01,993.98,48.32,28.6139,77.209,216.0,False,NORMAL,NONE,False,none,29.01,993.98,48.32,{}
2026-08-01 10:25:00+00:00,AWS-001,29.17,993.89,47.99,28.6139,77.209,216.0,False,NORMAL,NONE,False,none,29.17,993.89,47.99,{}
2026-08-01 10:30:00+00:00,AWS-001,29.5,993.91,46.98,28.6139,77.209,216.0,False,NORMAL,NONE,False,none,29.5,993.91,46.98,{}
2026-08-01 10:35:00+00:00,AWS-001,29.37,993.78,46.84,28.6139,77.209,216.0,False,NORMAL,NONE,False,none,29.37,993.78,46.84,{}
2026-08-01 10:40:00+00:00,AWS-001,29.35,993.77,46.77,28.6139,77.209,216.0,False,NORMAL,NONE,False,none,29.35,993.77,46.77,{}
2026-08-01 10:45:00+00:00,AWS-001,29.31,993.85,46.53,28.6139,77.209,216.0,False,NORMAL,NONE,False,none,29.31,993.85,46.53,{}
2026-08-01 10:50:00+00:00,AWS-001,29.37,993.76,46.95,28.6139,77.209,216.0,False,NORMAL,NONE,False,none,29.37,993.76,46.95,{}
2026-08-01 10:55:00+00:00,AWS-001,29.27,993.66,46.97,28.6139,77.209,216.0,False,NORMAL,NONE,False,none,29.27,993.66,46.97,{}
2026-08-01 11:00:00+00:00,AWS-001,29.53,993.67,45.25,28.6139,77.209,216.0,False,NORMAL,NONE,False,none,29.53,993.67,45.25,{}
2026-08-01 11:05:00+00:00,AWS-001,29.63,993.75,44.01,28.6139,77.209,216.0,False,NORMAL,NONE,False,none,29.63,993.75,44.01,{}
2026-08-01 11:10:00+00:00,AWS-001,29.52,993.75,43.44,28.6139,77.209,216.0,False,NORMAL,NONE,False,none,29.52,993.75,43.44,{}
2026-08-01 11:15:00+00:00,AWS-001,29.51,993.62,44.21,28.6139,77.209,216.0,False,NORMAL,NONE,False,none,29.51,993.62,44.21,{}
2026-08-01 11:20:00+00:00,AWS-001,29.73,993.51,43.15,28.6139,77.209,216.0,False,NORMAL,NONE,False,none,29.73,993.51,43.15,{}
2026-08-01 11:25:00+00:00,AWS-001,30.03,993.51,42.9,28.6139,77.209,216.0,False,NORMAL,NONE,False,none,30.03,993.51,42.9,{}
2026-08-01 11:30:00+00:00,AWS-001,30.49,993.43,42.07,28.6139,77.209,216.0,False,NORMAL,NONE,False,none,30.49,993.43,42.07,{}
2026-08-01 11:35:00+00:00,AWS-001,31.06,993.43,40.84,28.6139,77.209,216.0,False,NORMAL,NONE,False,none,31.06,993.43,40.84,{}
2026-08-01 11:40:00+00:00,AWS-001,31.15,993.43,41.07,28.6139,77.209,216.0,False,NORMAL,NONE,False,none,31.15,993.43,41.07,{}
2026-08-01 11:45:00+00:00,AWS-001,31.01,993.39,41.61,28.6139,77.209,216.0,False,NORMAL,NONE,False,none,31.01,993.39,41.61,{}
2026-08-01 11:50:00+00:00,AWS-001,30.71,993.48,40.72,28.6139,77.209,216.0,False,NORMAL,NONE,False,none,30.71,993.48,40.72,{}
2026-08-01 11:55:00+00:00,AWS-001,30.85,993.49,40.5,28.6139,77.209,216.0,False,NORMAL,NONE,False,none,30.85,993.49,40.5,{}
2026-08-01 12:00:00+00:00,AWS-001,30.8,993.53,41.19,28.6139,77.209,216.0,False,NORMAL,NONE,False,none,30.8,993.53,41.19,{}
2026-08-01 12:05:00+00:00,AWS-001,30.83,993.55,42.38,28.6139,77.209,216.0,False,NORMAL,NONE,False,none,30.83,993.55,42.38,{}
2026-08-01 12:10:00+00:00,AWS-001,30.83,993.5,43.47,28.6139,77.209,216.0,False,NORMAL,NONE,False,none,30.83,993.5,43.47,{}
2026-08-01 12:15:00+00:00,AWS-001,30.92,993.44,42.27,28.6139,77.209,216.0,False,NORMAL,NONE,False,none,30.92,993.44,42.27,{}
2026-08-01 12:20:00+00:00,AWS-001,31.2,993.38,41.38,28.6139,77.209,216.0,False,NORMAL,NONE,False,none,31.2,993.38,41.38,{}
2026-08-01 12:25:00+00:00,AWS-001,31.31,993.38,40.19,28.6139,77.209,216.0,False,NORMAL,NONE,False,none,31.31,993.38,40.19,{}
2026-08-01 12:30:00+00:00,AWS-001,31.36,993.3,41.24,28.6139,77.209,216.0,False,NORMAL,NONE,False,none,31.36,993.3,41.24,{}
2026-08-01 12:35:00+00:00,AWS-001,31.26,993.36,42.13,28.6139,77.209,216.0,False,NORMAL,NONE,False,none,31.26,993.36,42.13,{}
2026-08-01 12:40:00+00:00,AWS-001,31.07,993.26,42.72,28.6139,77.209,216.0,False,NORMAL,NONE,False,none,31.07,993.26,42.72,{}
2026-08-01 12:45:00+00:00,AWS-001,31.11,993.23,42.64,28.6139,77.209,216.0,False,NORMAL,NONE,False,none,31.11,993.23,42.64,{}
2026-08-01 12:50:00+00:00,AWS-001,31.22,993.17,43.15,28.6139,77.209,216.0,False,NORMAL,NONE,False,none,31.22,993.17,43.15,{}
2026-08-01 12:55:00+00:00,AWS-001,31.63,993.09,42.76,28.6139,77.209,216.0,False,NORMAL,NONE,False,none,31.63,993.09,42.76,{}
2026-08-01 13:00:00+00:00,AWS-001,31.72,993.18,42.99,28.6139,77.209,216.0,False,NORMAL,NONE,False,none,31.72,993.18,42.99,{}
2026-08-01 13:05:00+00:00,AWS-001,31.94,993.09,42.41,28.6139,77.209,216.0,False,NORMAL,NONE,False,none,31.94,993.09,42.41,{}
2026-08-01 13:10:00+00:00,AWS-001,31.89,993.02,41.95,28.6139,77.209,216.0,False,NORMAL,NONE,False,none,31.89,993.02,41.95,{}
2026-08-01 13:15:00+00:00,AWS-001,31.74,992.94,42.52,28.6139,77.209,216.0,False,NORMAL,NONE,False,none,31.74,992.94,42.52,{}
2026-08-01 13:20:00+00:00,AWS-001,31.65,992.89,42.96,28.6139,77.209,216.0,False,NORMAL,NONE,False,none,31.65,992.89,42.96,{}
2026-08-01 13:25:00+00:00,AWS-001,31.61,992.84,42.61,28.6139,77.209,216.0,False,NORMAL,NONE,False,none,31.61,992.84,42.61,{}
2026-08-01 13:30:00+00:00,AWS-001,32.05,992.73,41.12,28.6139,77.209,216.0,False,NORMAL,NONE,False,none,32.05,992.73,41.12,{}
2026-08-01 13:35:00+00:00,AWS-001,31.94,992.67,41.89,28.6139,77.209,216.0,False,NORMAL,NONE,False,none,31.94,992.67,41.89,{}
2026-08-01 13:40:00+00:00,AWS-001,32.13,992.67,42.25,28.6139,77.209,216.0,False,NORMAL,NONE,False,none,32.13,992.67,42.25,{}
2026-08-01 13:45:00+00:00,AWS-001,32.01,992.69,41.67,28.6139,77.209,216.0,False,NORMAL,NONE,False,none,32.01,992.69,41.67,{}
2026-08-01 13:50:00+00:00,AWS-001,32.21,992.65,40.81,28.6139,77.209,216.0,False,NORMAL,NONE,False,none,32.21,992.65,40.81,{}
2026-08-01 13:55:00+00:00,AWS-001,32.29,992.61,40.66,28.6139,77.209,216.0,False,NORMAL,NONE,False,none,32.29,992.61,40.66,{}
2026-08-01 14:00:00+00:00,AWS-001,32.27,992.55,40.82,28.6139,77.209,216.0,False,NORMAL,NONE,False,none,32.27,992.55,40.82,{}
2026-08-01 14:05:00+00:00,AWS-001,32.27,992.48,40.27,28.6139,77.209,216.0,False,NORMAL,NONE,False,none,32.27,992.48,40.27,{}
2026-08-01 14:10:00+00:00,AWS-001,32.17,992.39,41.56,28.6139,77.209,216.0,False,NORMAL,NONE,False,none,32.17,992.39,41.56,{}
2026-08-01 14:15:00+00:00,AWS-001,32.27,992.27,41.34,28.6139,77.209,216.0,False,NORMAL,NONE,False,none,32.27,992.27,41.34,{}
2026-08-01 14:20:00+00:00,AWS-001,32.2,992.21,41.55,28.6139,77.209,216.0,False,NORMAL,NONE,False,none,32.2,992.21,41.55,{}
2026-08-01 14:25:00+00:00,AWS-001,32.01,992.25,42.8,28.6139,77.209,216.0,False,NORMAL,NONE,False,none,32.01,992.25,42.8,{}
2026-08-01 14:30:00+00:00,AWS-001,31.83,992.2,42.52,28.6139,77.209,216.0,False,NORMAL,NONE,False,none,31.83,992.2,42.52,{}
2026-08-01 14:35:00+00:00,AWS-001,31.91,992.16,41.97,28.6139,77.209,216.0,False,NORMAL,NONE,False,none,31.91,992.16,41.97,{}
2026-08-01 14:40:00+00:00,AWS-001,32.21,992.13,40.25,28.6139,77.209,216.0,False,NORMAL,NONE,False,none,32.21,992.13,40.25,{}
2026-08-01 14:45:00+00:00,AWS-001,32.23,992.19,39.99,28.6139,77.209,216.0,False,NORMAL,NONE,False,none,32.23,992.19,39.99,{}
2026-08-01 14:50:00+00:00,AWS-001,32.21,992.11,39.05,28.6139,77.209,216.0,False,NORMAL,NONE,False,none,32.21,992.11,39.05,{}
2026-08-01 14:55:00+00:00,AWS-001,32.24,992.12,39.53,28.6139,77.209,216.0,False,NORMAL,NONE,False,none,32.24,992.12,39.53,{}
2026-08-01 15:00:00+00:00,AWS-001,32.44,992.1,39.36,28.6139,77.209,216.0,False,NORMAL,NONE,False,none,32.44,992.1,39.36,{}
2026-08-01 15:05:00+00:00,AWS-001,32.43,992.09,39.17,28.6139,77.209,216.0,False,NORMAL,NONE,False,none,32.43,992.09,39.17,{}
2026-08-01 15:10:00+00:00,AWS-001,32.31,992.1,39.38,28.6139,77.209,216.0,False,NORMAL,NONE,False,none,32.31,992.1,39.38,{}
2026-08-01 15:15:00+00:00,AWS-001,32.45,992.09,39.55,28.6139,77.209,216.0,False,NORMAL,NONE,False,none,32.45,992.09,39.55,{}
2026-08-01 15:20:00+00:00,AWS-001,32.46,992.13,38.76,28.6139,77.209,216.0,False,NORMAL,NONE,False,none,32.46,992.13,38.76,{}
2026-08-01 15:25:00+00:00,AWS-001,32.64,992.12,38.55,28.6139,77.209,216.0,False,NORMAL,NONE,False,none,32.64,992.12,38.55,{}
2026-08-01 15:30:00+00:00,AWS-001,32.57,992.21,39.17,28.6139,77.209,216.0,False,NORMAL,NONE,False,none,32.57,992.21,39.17,{}
2026-08-01 15:35:00+00:00,AWS-001,32.26,992.2,38.68,28.6139,77.209,216.0,False,NORMAL,NONE,False,none,32.26,992.2,38.68,{}
2026-08-01 15:40:00+00:00,AWS-001,31.96,992.09,39.92,28.6139,77.209,216.0,False,NORMAL,NONE,False,none,31.96,992.09,39.92,{}
2026-08-01 15:45:00+00:00,AWS-001,32.19,992.13,38.39,28.6139,77.209,216.0,False,NORMAL,NONE,False,none,32.19,992.13,38.39,{}
2026-08-01 15:50:00+00:00,AWS-001,32.4,992.15,38.06,28.6139,77.209,216.0,False,NORMAL,NONE,False,none,32.4,992.15,38.06,{}
2026-08-01 15:55:00+00:00,AWS-001,32.26,992.15,37.83,28.6139,77.209,216.0,False,NORMAL,NONE,False,none,32.26,992.15,37.83,{}
2026-08-01 16:00:00+00:00,AWS-001,32.09,992.13,39.38,28.6139,77.209,216.0,False,NORMAL,NONE,False,none,32.09,992.13,39.38,{}
2026-08-01 16:05:00+00:00,AWS-001,32.24,992.01,38.4,28.6139,77.209,216.0,False,NORMAL,NONE,False,none,32.24,992.01,38.4,{}
2026-08-01 16:10:00+00:00,AWS-001,31.93,991.92,38.24,28.6139,77.209,216.0,False,NORMAL,NONE,False,none,31.93,991.92,38.24,{}
2026-08-01 16:15:00+00:00,AWS-001,31.69,992.04,39.2,28.6139,77.209,216.0,False,NORMAL,NONE,False,none,31.69,992.04,39.2,{}
2026-08-01 16:20:00+00:00,AWS-001,31.72,992.03,39.13,28.6139,77.209,216.0,False,NORMAL,NONE,False,none,31.72,992.03,39.13,{}
2026-08-01 16:25:00+00:00,AWS-001,31.57,992.11,38.8,28.6139,77.209,216.0,False,NORMAL,NONE,False,none,31.57,992.11,38.8,{}
2026-08-01 16:30:00+00:00,AWS-001,31.49,992.04,39.69,28.6139,77.209,216.0,False,NORMAL,NONE,False,none,31.49,992.04,39.69,{}
2026-08-01 16:35:00+00:00,AWS-001,31.38,992.01,38.95,28.6139,77.209,216.0,False,NORMAL,NONE,False,none,31.38,992.01,38.95,{}
2026-08-01 16:40:00+00:00,AWS-001,31.35,992.09,38.77,28.6139,77.209,216.0,False,NORMAL,NONE,False,none,31.35,992.09,38.77,{}
2026-08-01 16:45:00+00:00,AWS-001,31.5,992.11,38.51,28.6139,77.209,216.0,False,NORMAL,NONE,False,none,31.5,992.11,38.51,{}
2026-08-01 16:50:00+00:00,AWS-001,31.39,992.18,39.7,28.6139,77.209,216.0,False,NORMAL,NONE,False,none,31.39,992.18,39.7,{}
2026-08-01 16:55:00+00:00,AWS-001,31.38,992.22,40.84,28.6139,77.209,216.0,False,NORMAL,NONE,False,none,31.38,992.22,40.84,{}
2026-08-01 17:00:00+00:00,AWS-001,30.91,992.24,42.8,28.6139,77.209,216.0,False,NORMAL,NONE,False,none,30.91,992.24,42.8,{}
2026-08-01 17:05:00+00:00,AWS-001,30.82,992.24,42.94,28.6139,77.209,216.0,False,NORMAL,NONE,False,none,30.82,992.24,42.94,{}
2026-08-01 17:10:00+00:00,AWS-001,30.59,992.21,41.99,28.6139,77.209,216.0,False,NORMAL,NONE,False,none,30.59,992.21,41.99,{}
2026-08-01 17:15:00+00:00,AWS-001,30.31,992.35,43.18,28.6139,77.209,216.0,False,NORMAL,NONE,False,none,30.31,992.35,43.18,{}
2026-08-01 17:20:00+00:00,AWS-001,30.11,992.48,44.8,28.6139,77.209,216.0,False,NORMAL,NONE,False,none,30.11,992.48,44.8,{}
2026-08-01 17:25:00+00:00,AWS-001,30.01,992.46,45.84,28.6139,77.209,216.0,False,NORMAL,NONE,False,none,30.01,992.46,45.84,{}
2026-08-01 17:30:00+00:00,AWS-001,30.12,992.44,45.75,28.6139,77.209,216.0,False,NORMAL,NONE,False,none,30.12,992.44,45.75,{}
2026-08-01 17:35:00+00:00,AWS-001,29.83,992.47,45.63,28.6139,77.209,216.0,False,NORMAL,NONE,False,none,29.83,992.47,45.63,{}
2026-08-01 17:40:00+00:00,AWS-001,29.78,992.54,45.42,28.6139,77.209,216.0,False,NORMAL,NONE,False,none,29.78,992.54,45.42,{}
2026-08-01 17:45:00+00:00,AWS-001,29.64,992.59,47.06,28.6139,77.209,216.0,False,NORMAL,NONE,False,none,29.64,992.59,47.06,{}
2026-08-01 17:50:00+00:00,AWS-001,29.53,992.67,46.33,28.6139,77.209,216.0,False,NORMAL,NONE,False,none,29.53,992.67,46.33,{}
2026-08-01 17:55:00+00:00,AWS-001,29.64,992.72,45.33,28.6139,77.209,216.0,False,NORMAL,NONE,False,none,29.64,992.72,45.33,{}
2026-08-01 18:00:00+00:00,AWS-001,29.64,992.76,46.05,28.6139,77.209,216.0,False,NORMAL,NONE,False,none,29.64,992.76,46.05,{}
2026-08-01 18:05:00+00:00,AWS-001,29.76,992.96,45.47,28.6139,77.209,216.0,False,NORMAL,NONE,False,none,29.76,992.96,45.47,{}
2026-08-01 18:10:00+00:00,AWS-001,29.6,992.97,45.2,28.6139,77.209,216.0,False,NORMAL,NONE,False,none,29.6,992.97,45.2,{}
2026-08-01 18:15:00+00:00,AWS-001,29.35,993.12,46.99,28.6139,77.209,216.0,False,NORMAL,NONE,False,none,29.35,993.12,46.99,{}
2026-08-01 18:20:00+00:00,AWS-001,29.2,993.24,47.69,28.6139,77.209,216.0,False,NORMAL,NONE,False,none,29.2,993.24,47.69,{}
2026-08-01 18:25:00+00:00,AWS-001,29.13,993.31,47.6,28.6139,77.209,216.0,False,NORMAL,NONE,False,none,29.13,993.31,47.6,{}
2026-08-01 18:30:00+00:00,AWS-001,29.04,993.23,47.12,28.6139,77.209,216.0,False,NORMAL,NONE,False,none,29.04,993.23,47.12,{}
2026-08-01 18:35:00+00:00,AWS-001,28.73,993.28,49.37,28.6139,77.209,216.0,False,NORMAL,NONE,False,none,28.73,993.28,49.37,{}
2026-08-01 18:40:00+00:00,AWS-001,28.64,993.3,49.51,28.6139,77.209,216.0,False,NORMAL,NONE,False,none,28.64,993.3,49.51,{}
2026-08-01 18:45:00+00:00,AWS-001,28.57,993.35,50.52,28.6139,77.209,216.0,False,NORMAL,NONE,False,none,28.57,993.35,50.52,{}
2026-08-01 18:50:00+00:00,AWS-001,28.87,993.34,50.03,28.6139,77.209,216.0,False,NORMAL,NONE,False,none,28.87,993.34,50.03,{}
2026-08-01 18:55:00+00:00,AWS-001,29.01,993.44,49.05,28.6139,77.209,216.0,False,NORMAL,NONE,False,none,29.01,993.44,49.05,{}
2026-08-01 19:00:00+00:00,AWS-001,28.66,993.55,49.53,28.6139,77.209,216.0,False,NORMAL,NONE,False,none,28.66,993.55,49.53,{}
2026-08-01 19:05:00+00:00,AWS-001,28.43,993.67,51.0,28.6139,77.209,216.0,False,NORMAL,NONE,False,none,28.43,993.67,51.0,{}
2026-08-01 19:10:00+00:00,AWS-001,28.02,993.69,52.92,28.6139,77.209,216.0,False,NORMAL,NONE,False,none,28.02,993.69,52.92,{}
2026-08-01 19:15:00+00:00,AWS-001,27.78,993.67,52.11,28.6139,77.209,216.0,False,NORMAL,NONE,False,none,27.78,993.67,52.11,{}
2026-08-01 19:20:00+00:00,AWS-001,27.71,993.74,52.58,28.6139,77.209,216.0,False,NORMAL,NONE,False,none,27.71,993.74,52.58,{}
2026-08-01 19:25:00+00:00,AWS-001,27.78,993.9,52.17,28.6139,77.209,216.0,False,NORMAL,NONE,False,none,27.78,993.9,52.17,{}
2026-08-01 19:30:00+00:00,AWS-001,27.5,993.94,52.27,28.6139,77.209,216.0,False,NORMAL,NONE,False,none,27.5,993.94,52.27,{}
2026-08-01 19:35:00+00:00,AWS-001,27.25,994.01,53.23,28.6139,77.209,216.0,False,NORMAL,NONE,False,none,27.25,994.01,53.23,{}
2026-08-01 19:40:00+00:00,AWS-001,26.76,994.03,53.91,28.6139,77.209,216.0,False,NORMAL,NONE,False,none,26.76,994.03,53.91,{}
2026-08-01 19:45:00+00:00,AWS-001,26.64,994.05,54.1,28.6139,77.209,216.0,False,NORMAL,NONE,False,none,26.64,994.05,54.1,{}
2026-08-01 19:50:00+00:00,AWS-001,26.37,994.13,54.62,28.6139,77.209,216.0,False,NORMAL,NONE,False,none,26.37,994.13,54.62,{}
2026-08-01 19:55:00+00:00,AWS-001,26.21,994.16,55.06,28.6139,77.209,216.0,False,NORMAL,NONE,False,none,26.21,994.16,55.06,{}
2026-08-01 20:00:00+00:00,AWS-001,25.99,994.22,55.97,28.6139,77.209,216.0,False,NORMAL,NONE,False,none,25.99,994.22,55.97,{}
2026-08-01 20:05:00+00:00,AWS-001,25.91,994.29,55.8,28.6139,77.209,216.0,False,NORMAL,NONE,False,none,25.91,994.29,55.8,{}
2026-08-01 20:10:00+00:00,AWS-001,25.54,994.34,58.31,28.6139,77.209,216.0,False,NORMAL,NONE,False,none,25.54,994.34,58.31,{}
2026-08-01 20:15:00+00:00,AWS-001,25.25,994.41,59.72,28.6139,77.209,216.0,False,NORMAL,NONE,False,none,25.25,994.41,59.72,{}
2026-08-01 20:20:00+00:00,AWS-001,25.58,994.39,59.72,28.6139,77.209,216.0,False,NORMAL,NONE,False,none,25.58,994.39,59.72,{}
2026-08-01 20:25:00+00:00,AWS-001,25.28,994.37,60.52,28.6139,77.209,216.0,False,NORMAL,NONE,False,none,25.28,994.37,60.52,{}
2026-08-01 20:30:00+00:00,AWS-001,25.03,994.4,60.94,28.6139,77.209,216.0,False,NORMAL,NONE,False,none,25.03,994.4,60.94,{}
2026-08-01 20:35:00+00:00,AWS-001,25.28,994.43,61.11,28.6139,77.209,216.0,False,NORMAL,NONE,False,none,25.28,994.43,61.11,{}
2026-08-01 20:40:00+00:00,AWS-001,25.67,994.44,59.19,28.6139,77.209,216.0,False,NORMAL,NONE,False,none,25.67,994.44,59.19,{}
2026-08-01 20:45:00+00:00,AWS-001,25.31,994.49,60.21,28.6139,77.209,216.0,False,NORMAL,NONE,False,none,25.31,994.49,60.21,{}
2026-08-01 20:50:00+00:00,AWS-001,25.11,994.57,61.29,28.6139,77.209,216.0,False,NORMAL,NONE,False,none,25.11,994.57,61.29,{}
2026-08-01 20:55:00+00:00,AWS-001,25.04,994.67,60.64,28.6139,77.209,216.0,False,NORMAL,NONE,False,none,25.04,994.67,60.64,{}
2026-08-01 21:00:00+00:00,AWS-001,25.19,994.77,60.55,28.6139,77.209,216.0,False,NORMAL,NONE,False,none,25.19,994.77,60.55,{}
2026-08-01 21:05:00+00:00,AWS-001,24.85,994.7,62.06,28.6139,77.209,216.0,False,NORMAL,NONE,False,none,24.85,994.7,62.06,{}
2026-08-01 21:10:00+00:00,AWS-001,24.66,994.65,63.45,28.6139,77.209,216.0,False,NORMAL,NONE,False,none,24.66,994.65,63.45,{}
2026-08-01 21:15:00+00:00,AWS-001,24.65,994.65,63.85,28.6139,77.209,216.0,False,NORMAL,NONE,False,none,24.65,994.65,63.85,{}
2026-08-01 21:20:00+00:00,AWS-001,24.56,994.67,64.71,28.6139,77.209,216.0,False,NORMAL,NONE,False,none,24.56,994.67,64.71,{}
2026-08-01 21:25:00+00:00,AWS-001,24.34,994.68,65.14,28.6139,77.209,216.0,False,NORMAL,NONE,False,none,24.34,994.68,65.14,{}
2026-08-01 21:30:00+00:00,AWS-001,24.17,994.66,64.97,28.6139,77.209,216.0,False,NORMAL,NONE,False,none,24.17,994.66,64.97,{}
2026-08-01 21:35:00+00:00,AWS-001,23.79,994.66,67.6,28.6139,77.209,216.0,False,NORMAL,NONE,False,none,23.79,994.66,67.6,{}
2026-08-01 21:40:00+00:00,AWS-001,23.63,994.7,66.91,28.6139,77.209,216.0,False,NORMAL,NONE,False,none,23.63,994.7,66.91,{}
2026-08-01 21:45:00+00:00,AWS-001,23.48,994.63,66.5,28.6139,77.209,216.0,False,NORMAL,NONE,False,none,23.48,994.63,66.5,{}
2026-08-01 21:50:00+00:00,AWS-001,23.41,994.79,67.16,28.6139,77.209,216.0,False,NORMAL,NONE,False,none,23.41,994.79,67.16,{}
2026-08-01 21:55:00+00:00,AWS-001,23.2,994.79,68.99,28.6139,77.209,216.0,False,NORMAL,NONE,False,none,23.2,994.79,68.99,{}
2026-08-01 22:00:00+00:00,AWS-001,23.17,994.85,69.04,28.6139,77.209,216.0,False,NORMAL,NONE,False,none,23.17,994.85,69.04,{}
2026-08-01 22:05:00+00:00,AWS-001,23.22,994.81,69.28,28.6139,77.209,216.0,False,NORMAL,NONE,False,none,23.22,994.81,69.28,{}
2026-08-01 22:10:00+00:00,AWS-001,23.11,994.83,68.24,28.6139,77.209,216.0,False,NORMAL,NONE,False,none,23.11,994.83,68.24,{}
2026-08-01 22:15:00+00:00,AWS-001,23.03,994.83,68.23,28.6139,77.209,216.0,False,NORMAL,NONE,False,none,23.03,994.83,68.23,{}
2026-08-01 22:20:00+00:00,AWS-001,22.9,994.86,67.64,28.6139,77.209,216.0,False,NORMAL,NONE,False,none,22.9,994.86,67.64,{}
2026-08-01 22:25:00+00:00,AWS-001,22.76,994.83,68.92,28.6139,77.209,216.0,False,NORMAL,NONE,False,none,22.76,994.83,68.92,{}
2026-08-01 22:30:00+00:00,AWS-001,22.5,994.9,69.14,28.6139,77.209,216.0,False,NORMAL,NONE,False,none,22.5,994.9,69.14,{}
2026-08-01 22:35:00+00:00,AWS-001,22.43,994.78,68.86,28.6139,77.209,216.0,False,NORMAL,NONE,False,none,22.43,994.78,68.86,{}
2026-08-01 22:40:00+00:00,AWS-001,22.29,994.82,70.11,28.6139,77.209,216.0,False,NORMAL,NONE,False,none,22.29,994.82,70.11,{}
2026-08-01 22:45:00+00:00,AWS-001,22.52,994.79,70.02,28.6139,77.209,216.0,False,NORMAL,NONE,False,none,22.52,994.79,70.02,{}
2026-08-01 22:50:00+00:00,AWS-001,22.62,994.7,69.57,28.6139,77.209,216.0,False,NORMAL,NONE,False,none,22.62,994.7,69.57,{}
2026-08-01 22:55:00+00:00,AWS-001,22.5,994.79,70.54,28.6139,77.209,216.0,False,NORMAL,NONE,False,none,22.5,994.79,70.54,{}
2026-08-01 23:00:00+00:00,AWS-001,22.19,994.86,72.25,28.6139,77.209,216.0,False,NORMAL,NONE,False,none,22.19,994.86,72.25,{}
2026-08-01 23:05:00+00:00,AWS-001,21.85,994.69,73.6,28.6139,77.209,216.0,False,NORMAL,NONE,False,none,21.85,994.69,73.6,{}
2026-08-01 23:10:00+00:00,AWS-001,21.92,994.66,72.58,28.6139,77.209,216.0,False,NORMAL,NONE,False,none,21.92,994.66,72.58,{}
2026-08-01 23:15:00+00:00,AWS-001,21.81,994.66,73.5,28.6139,77.209,216.0,False,NORMAL,NONE,False,none,21.81,994.66,73.5,{}
2026-08-01 23:20:00+00:00,AWS-001,21.75,994.65,74.22,28.6139,77.209,216.0,False,NORMAL,NONE,False,none,21.75,994.65,74.22,{}
2026-08-01 23:25:00+00:00,AWS-001,21.31,994.69,76.76,28.6139,77.209,216.0,False,NORMAL,NONE,False,none,21.31,994.69,76.76,{}
2026-08-01 23:30:00+00:00,AWS-001,21.36,994.71,76.62,28.6139,77.209,216.0,False,NORMAL,NONE,False,none,21.36,994.71,76.62,{}
2026-08-01 23:35:00+00:00,AWS-001,21.31,994.66,75.97,28.6139,77.209,216.0,False,NORMAL,NONE,False,none,21.31,994.66,75.97,{}
2026-08-01 23:40:00+00:00,AWS-001,21.0,994.73,77.88,28.6139,77.209,216.0,False,NORMAL,NONE,False,none,21.0,994.73,77.88,{}
2026-08-01 23:45:00+00:00,AWS-001,20.83,994.72,78.66,28.6139,77.209,216.0,False,NORMAL,NONE,False,none,20.83,994.72,78.66,{}
2026-08-01 23:50:00+00:00,AWS-001,20.78,994.62,78.5,28.6139,77.209,216.0,False,NORMAL,NONE,False,none,20.78,994.62,78.5,{}
2026-08-01 23:55:00+00:00,AWS-001,20.7,994.51,78.71,28.6139,77.209,216.0,False,NORMAL,NONE,False,none,20.7,994.51,78.71,{}
2026-08-02 00:00:00+00:00,AWS-001,20.51,994.52,79.25,28.6139,77.209,216.0,False,NORMAL,NONE,False,none,20.51,994.52,79.25,{}
2026-08-02 00:05:00+00:00,AWS-001,20.41,994.4,80.38,28.6139,77.209,216.0,False,NORMAL,NONE,False,none,20.41,994.4,80.38,{}
2026-08-02 00:10:00+00:00,AWS-001,20.3,994.3,80.07,28.6139,77.209,216.0,False,NORMAL,NONE,False,none,20.3,994.3,80.07,{}
2026-08-02 00:15:00+00:00,AWS-001,20.25,994.22,79.78,28.6139,77.209,216.0,False,NORMAL,NONE,False,none,20.25,994.22,79.78,{}
2026-08-02 00:20:00+00:00,AWS-001,20.43,994.18,78.91,28.6139,77.209,216.0,False,NORMAL,NONE,False,none,20.43,994.18,78.91,{}
2026-08-02 00:25:00+00:00,AWS-001,19.9,994.1,82.79,28.6139,77.209,216.0,False,NORMAL,NONE,False,none,19.9,994.1,82.79,{}
2026-08-02 00:30:00+00:00,AWS-001,19.82,993.96,83.89,28.6139,77.209,216.0,False,NORMAL,NONE,False,none,19.82,993.96,83.89,{}
2026-08-02 00:35:00+00:00,AWS-001,19.81,993.97,82.82,28.6139,77.209,216.0,False,NORMAL,NONE,False,none,19.81,993.97,82.82,{}
2026-08-02 00:40:00+00:00,AWS-001,19.82,993.89,83.72,28.6139,77.209,216.0,False,NORMAL,NONE,False,none,19.82,993.89,83.72,{}
2026-08-02 00:45:00+00:00,AWS-001,19.71,993.94,85.09,28.6139,77.209,216.0,False,NORMAL,NONE,False,none,19.71,993.94,85.09,{}
2026-08-02 00:50:00+00:00,AWS-001,19.37,993.89,85.92,28.6139,77.209,216.0,False,NORMAL,NONE,False,none,19.37,993.89,85.92,{}
2026-08-02 00:55:00+00:00,AWS-001,19.42,993.9,84.03,28.6139,77.209,216.0,False,NORMAL,NONE,False,none,19.42,993.9,84.03,{}
2026-08-02 01:00:00+00:00,AWS-001,19.7,993.86,82.75,28.6139,77.209,216.0,False,NORMAL,NONE,False,none,19.7,993.86,82.75,{}
2026-08-02 01:05:00+00:00,AWS-001,19.39,993.86,85.26,28.6139,77.209,216.0,False,NORMAL,NONE,False,none,19.39,993.86,85.26,{}
2026-08-02 01:10:00+00:00,AWS-001,19.51,993.81,85.65,28.6139,77.209,216.0,False,NORMAL,NONE,False,none,19.51,993.81,85.65,{}
2026-08-02 01:15:00+00:00,AWS-001,19.42,993.75,85.47,28.6139,77.209,216.0,False,NORMAL,NONE,False,none,19.42,993.75,85.47,{}
2026-08-02 01:20:00+00:00,AWS-001,19.39,993.73,86.77,28.6139,77.209,216.0,False,NORMAL,NONE,False,none,19.39,993.73,86.77,{}
2026-08-02 01:25:00+00:00,AWS-001,19.18,993.8,86.26,28.6139,77.209,216.0,False,NORMAL,NONE,False,none,19.18,993.8,86.26,{}
2026-08-02 01:30:00+00:00,AWS-001,19.12,993.69,86.41,28.6139,77.209,216.0,False,NORMAL,NONE,False,none,19.12,993.69,86.41,{}
2026-08-02 01:35:00+00:00,AWS-001,19.34,993.65,85.06,28.6139,77.209,216.0,False,NORMAL,NONE,False,none,19.34,993.65,85.06,{}
2026-08-02 01:40:00+00:00,AWS-001,19.41,993.57,85.52,28.6139,77.209,216.0,False,NORMAL,NONE,False,none,19.41,993.57,85.52,{}
2026-08-02 01:45:00+00:00,AWS-001,19.67,993.52,84.99,28.6139,77.209,216.0,False,NORMAL,NONE,False,none,19.67,993.52,84.99,{}
2026-08-02 01:50:00+00:00,AWS-001,19.8,993.44,84.78,28.6139,77.209,216.0,False,NORMAL,NONE,False,none,19.8,993.44,84.78,{}
2026-08-02 01:55:00+00:00,AWS-001,19.79,993.24,83.77,28.6139,77.209,216.0,False,NORMAL,NONE,False,none,19.79,993.24,83.77,{}
2026-08-02 02:00:00+00:00,AWS-001,20.0,993.16,83.18,28.6139,77.209,216.0,False,NORMAL,NONE,False,none,20.0,993.16,83.18,{}
2026-08-02 02:05:00+00:00,AWS-001,19.97,993.16,83.54,28.6139,77.209,216.0,False,NORMAL,NONE,False,none,19.97,993.16,83.54,{}
2026-08-02 02:10:00+00:00,AWS-001,20.0,993.05,82.14,28.6139,77.209,216.0,False,NORMAL,NONE,False,none,20.0,993.05,82.14,{}
2026-08-02 02:15:00+00:00,AWS-001,19.85,993.05,81.64,28.6139,77.209,216.0,False,NORMAL,NONE,False,none,19.85,993.05,81.64,{}
2026-08-02 02:20:00+00:00,AWS-001,19.78,993.0,82.89,28.6139,77.209,216.0,False,NORMAL,NONE,False,none,19.78,993.0,82.89,{}
2026-08-02 02:25:00+00:00,AWS-001,19.59,992.94,83.84,28.6139,77.209,216.0,False,NORMAL,NONE,False,none,19.59,992.94,83.84,{}
2026-08-02 02:30:00+00:00,AWS-001,19.71,992.94,82.5,28.6139,77.209,216.0,False,NORMAL,NONE,False,none,19.71,992.94,82.5,{}
2026-08-02 02:35:00+00:00,AWS-001,19.46,992.92,83.91,28.6139,77.209,216.0,False,NORMAL,NONE,False,none,19.46,992.92,83.91,{}
2026-08-02 02:40:00+00:00,AWS-001,19.56,992.89,83.76,28.6139,77.209,216.0,False,NORMAL,NONE,False,none,19.56,992.89,83.76,{}
2026-08-02 02:45:00+00:00,AWS-001,19.5,992.9,84.18,28.6139,77.209,216.0,False,NORMAL,NONE,False,none,19.5,992.9,84.18,{}
2026-08-02 02:50:00+00:00,AWS-001,19.67,992.86,82.4,28.6139,77.209,216.0,False,NORMAL,NONE,False,none,19.67,992.86,82.4,{}
2026-08-02 02:55:00+00:00,AWS-001,19.76,992.71,83.38,28.6139,77.209,216.0,False,NORMAL,NONE,False,none,19.76,992.71,83.38,{}
2026-08-02 03:00:00+00:00,AWS-001,20.01,992.65,82.71,28.6139,77.209,216.0,False,NORMAL,NONE,False,none,20.01,992.65,82.71,{}
2026-08-02 03:05:00+00:00,AWS-001,20.07,992.51,82.16,28.6139,77.209,216.0,False,NORMAL,NONE,False,none,20.07,992.51,82.16,{}
2026-08-02 03:10:00+00:00,AWS-001,19.73,992.53,83.65,28.6139,77.209,216.0,False,NORMAL,NONE,False,none,19.73,992.53,83.65,{}
2026-08-02 03:15:00+00:00,AWS-001,19.7,992.55,84.06,28.6139,77.209,216.0,False,NORMAL,NONE,False,none,19.7,992.55,84.06,{}
2026-08-02 03:20:00+00:00,AWS-001,19.49,992.58,84.41,28.6139,77.209,216.0,False,NORMAL,NONE,False,none,19.49,992.58,84.41,{}
2026-08-02 03:25:00+00:00,AWS-001,19.42,992.58,85.05,28.6139,77.209,216.0,False,NORMAL,NONE,False,none,19.42,992.58,85.05,{}
2026-08-02 03:30:00+00:00,AWS-001,19.7,992.61,82.75,28.6139,77.209,216.0,False,NORMAL,NONE,False,none,19.7,992.61,82.75,{}
2026-08-02 03:35:00+00:00,AWS-001,19.82,992.49,82.28,28.6139,77.209,216.0,False,NORMAL,NONE,False,none,19.82,992.49,82.28,{}
2026-08-02 03:40:00+00:00,AWS-001,19.7,992.47,82.28,28.6139,77.209,216.0,False,NORMAL,NONE,False,none,19.7,992.47,82.28,{}
2026-08-02 03:45:00+00:00,AWS-001,19.55,992.37,82.57,28.6139,77.209,216.0,False,NORMAL,NONE,False,none,19.55,992.37,82.57,{}
2026-08-02 03:50:00+00:00,AWS-001,19.61,992.34,83.63,28.6139,77.209,216.0,False,NORMAL,NONE,False,none,19.61,992.34,83.63,{}
2026-08-02 03:55:00+00:00,AWS-001,19.45,992.44,84.57,28.6139,77.209,216.0,False,NORMAL,NONE,False,none,19.45,992.44,84.57,{}
2026-08-02 04:00:00+00:00,AWS-001,19.42,992.5,84.95,28.6139,77.209,216.0,False,NORMAL,NONE,False,none,19.42,992.5,84.95,{}
2026-08-02 04:05:00+00:00,AWS-001,19.56,992.53,82.97,28.6139,77.209,216.0,False,NORMAL,NONE,False,none,19.56,992.53,82.97,{}
2026-08-02 04:10:00+00:00,AWS-001,19.84,992.51,81.39,28.6139,77.209,216.0,False,NORMAL,NONE,False,none,19.84,992.51,81.39,{}
2026-08-02 04:15:00+00:00,AWS-001,20.0,992.44,81.11,28.6139,77.209,216.0,False,NORMAL,NONE,False,none,20.0,992.44,81.11,{}
2026-08-02 04:20:00+00:00,AWS-001,19.67,992.46,83.1,28.6139,77.209,216.0,False,NORMAL,NONE,False,none,19.67,992.46,83.1,{}
2026-08-02 04:25:00+00:00,AWS-001,19.82,992.53,81.07,28.6139,77.209,216.0,False,NORMAL,NONE,False,none,19.82,992.53,81.07,{}
2026-08-02 04:30:00+00:00,AWS-001,19.92,992.55,80.97,28.6139,77.209,216.0,False,NORMAL,NONE,False,none,19.92,992.55,80.97,{}
2026-08-02 04:35:00+00:00,AWS-001,20.08,992.46,80.62,28.6139,77.209,216.0,False,NORMAL,NONE,False,none,20.08,992.46,80.62,{}
2026-08-02 04:40:00+00:00,AWS-001,20.43,992.48,79.84,28.6139,77.209,216.0,False,NORMAL,NONE,False,none,20.43,992.48,79.84,{}
2026-08-02 04:45:00+00:00,AWS-001,20.14,992.39,80.89,28.6139,77.209,216.0,False,NORMAL,NONE,False,none,20.14,992.39,80.89,{}
2026-08-02 04:50:00+00:00,AWS-001,20.15,992.46,79.55,28.6139,77.209,216.0,False,NORMAL,NONE,False,none,20.15,992.46,79.55,{}
2026-08-02 04:55:00+00:00,AWS-001,20.36,992.44,78.14,28.6139,77.209,216.0,False,NORMAL,NONE,False,none,20.36,992.44,78.14,{}
2026-08-02 05:00:00+00:00,AWS-001,20.19,992.4,78.6,28.6139,77.209,216.0,False,NORMAL,NONE,False,none,20.19,992.4,78.6,{}
2026-08-02 05:05:00+00:00,AWS-001,20.57,992.49,77.58,28.6139,77.209,216.0,False,NORMAL,NONE,False,none,20.57,992.49,77.58,{}
2026-08-02 05:10:00+00:00,AWS-001,20.73,992.56,75.34,28.6139,77.209,216.0,False,NORMAL,NONE,False,none,20.73,992.56,75.34,{}
2026-08-02 05:15:00+00:00,AWS-001,20.96,992.6,74.4,28.6139,77.209,216.0,False,NORMAL,NONE,False,none,20.96,992.6,74.4,{}
2026-08-02 05:20:00+00:00,AWS-001,20.94,992.77,75.83,28.6139,77.209,216.0,False,NORMAL,NONE,False,none,20.94,992.77,75.83,{}
2026-08-02 05:25:00+00:00,AWS-001,21.17,992.83,74.99,28.6139,77.209,216.0,False,NORMAL,NONE,False,none,21.17,992.83,74.99,{}
2026-08-02 05:30:00+00:00,AWS-001,21.43,992.81,74.56,28.6139,77.209,216.0,False,NORMAL,NONE,False,none,21.43,992.81,74.56,{}
2026-08-02 05:35:00+00:00,AWS-001,21.53,992.88,73.13,28.6139,77.209,216.0,False,NORMAL,NONE,False,none,21.53,992.88,73.13,{}
2026-08-02 05:40:00+00:00,AWS-001,21.64,992.89,71.87,28.6139,77.209,216.0,False,NORMAL,NONE,False,none,21.64,992.89,71.87,{}
2026-08-02 05:45:00+00:00,AWS-001,21.75,993.0,72.62,28.6139,77.209,216.0,False,NORMAL,NONE,False,none,21.75,993.0,72.62,{}
2026-08-02 05:50:00+00:00,AWS-001,21.68,993.04,73.17,28.6139,77.209,216.0,False,NORMAL,NONE,False,none,21.68,993.04,73.17,{}
2026-08-02 05:55:00+00:00,AWS-001,21.74,993.1,73.05,28.6139,77.209,216.0,False,NORMAL,NONE,False,none,21.74,993.1,73.05,{}
2026-08-02 06:00:00+00:00,AWS-001,21.82,993.04,72.1,28.6139,77.209,216.0,False,NORMAL,NONE,False,none,21.82,993.04,72.1,{}
2026-08-02 06:05:00+00:00,AWS-001,21.99,993.09,71.59,28.6139,77.209,216.0,False,NORMAL,NONE,False,none,21.99,993.09,71.59,{}
2026-08-02 06:10:00+00:00,AWS-001,22.25,993.12,69.84,28.6139,77.209,216.0,False,NORMAL,NONE,False,none,22.25,993.12,69.84,{}
2026-08-02 06:15:00+00:00,AWS-001,22.16,993.11,71.22,28.6139,77.209,216.0,False,NORMAL,NONE,False,none,22.16,993.11,71.22,{}
2026-08-02 06:20:00+00:00,AWS-001,22.25,993.14,72.63,28.6139,77.209,216.0,False,NORMAL,NONE,False,none,22.25,993.14,72.63,{}
2026-08-02 06:25:00+00:00,AWS-001,22.62,993.22,71.18,28.6139,77.209,216.0,False,NORMAL,NONE,False,none,22.62,993.22,71.18,{}
2026-08-02 06:30:00+00:00,AWS-001,22.58,993.27,70.72,28.6139,77.209,216.0,False,NORMAL,NONE,False,none,22.58,993.27,70.72,{}
2026-08-02 06:35:00+00:00,AWS-001,22.55,993.24,69.12,28.6139,77.209,216.0,False,NORMAL,NONE,False,none,22.55,993.24,69.12,{}
2026-08-02 06:40:00+00:00,AWS-001,22.72,993.28,67.5,28.6139,77.209,216.0,False,NORMAL,NONE,False,none,22.72,993.28,67.5,{}
2026-08-02 06:45:00+00:00,AWS-001,22.98,993.31,67.65,28.6139,77.209,216.0,False,NORMAL,NONE,False,none,22.98,993.31,67.65,{}
2026-08-02 06:50:00+00:00,AWS-001,23.09,993.38,66.62,28.6139,77.209,216.0,False,NORMAL,NONE,False,none,23.09,993.38,66.62,{}
2026-08-02 06:55:00+00:00,AWS-001,23.43,993.44,65.2,28.6139,77.209,216.0,False,NORMAL,NONE,False,none,23.43,993.44,65.2,{}
2026-08-02 07:00:00+00:00,AWS-001,23.66,993.48,64.86,28.6139,77.209,216.0,False,NORMAL,NONE,False,none,23.66,993.48,64.86,{}
2026-08-02 07:05:00+00:00,AWS-001,23.88,993.51,65.03,28.6139,77.209,216.0,False,NORMAL,NONE,False,none,23.88,993.51,65.03,{}
2026-08-02 07:10:00+00:00,AWS-001,24.04,993.58,64.21,28.6139,77.209,216.0,False,NORMAL,NONE,False,none,24.04,993.58,64.21,{}
2026-08-02 07:15:00+00:00,AWS-001,24.5,993.69,62.19,28.6139,77.209,216.0,False,NORMAL,NONE,False,none,24.5,993.69,62.19,{}
2026-08-02 07:20:00+00:00,AWS-001,24.49,993.76,62.26,28.6139,77.209,216.0,False,NORMAL,NONE,False,none,24.49,993.76,62.26,{}
2026-08-02 07:25:00+00:00,AWS-001,24.21,993.9,62.93,28.6139,77.209,216.0,False,NORMAL,NONE,False,none,24.21,993.9,62.93,{}
2026-08-02 07:30:00+00:00,AWS-001,24.57,994.01,61.25,28.6139,77.209,216.0,False,NORMAL,NONE,False,none,24.57,994.01,61.25,{}
2026-08-02 07:35:00+00:00,AWS-001,24.57,994.14,61.62,28.6139,77.209,216.0,False,NORMAL,NONE,False,none,24.57,994.14,61.62,{}
2026-08-02 07:40:00+00:00,AWS-001,24.68,994.25,61.38,28.6139,77.209,216.0,False,NORMAL,NONE,False,none,24.68,994.25,61.38,{}
2026-08-02 07:45:00+00:00,AWS-001,24.99,994.37,61.61,28.6139,77.209,216.0,False,NORMAL,NONE,False,none,24.99,994.37,61.61,{}
2026-08-02 07:50:00+00:00,AWS-001,24.8,994.32,62.4,28.6139,77.209,216.0,False,NORMAL,NONE,False,none,24.8,994.32,62.4,{}
2026-08-02 07:55:00+00:00,AWS-001,24.7,994.39,63.26,28.6139,77.209,216.0,False,NORMAL,NONE,False,none,24.7,994.39,63.26,{}
2026-08-02 08:00:00+00:00,AWS-001,24.58,994.49,62.76,28.6139,77.209,216.0,False,NORMAL,NONE,False,none,24.58,994.49,62.76,{}
2026-08-02 08:05:00+00:00,AWS-001,24.62,994.59,62.79,28.6139,77.209,216.0,False,NORMAL,NONE,False,none,24.62,994.59,62.79,{}
2026-08-02 08:10:00+00:00,AWS-001,24.88,994.56,61.21,28.6139,77.209,216.0,False,NORMAL,NONE,False,none,24.88,994.56,61.21,{}
2026-08-02 08:15:00+00:00,AWS-001,25.14,994.61,60.45,28.6139,77.209,216.0,False,NORMAL,NONE,False,none,25.14,994.61,60.45,{}
2026-08-02 08:20:00+00:00,AWS-001,25.35,994.63,60.05,28.6139,77.209,216.0,False,NORMAL,NONE,False,none,25.35,994.63,60.05,{}
2026-08-02 08:25:00+00:00,AWS-001,25.26,994.76,60.22,28.6139,77.209,216.0,False,NORMAL,NONE,False,none,25.26,994.76,60.22,{}
2026-08-02 08:30:00+00:00,AWS-001,25.06,994.68,62.33,28.6139,77.209,216.0,False,NORMAL,NONE,False,none,25.06,994.68,62.33,{}
2026-08-02 08:35:00+00:00,AWS-001,25.29,994.65,62.07,28.6139,77.209,216.0,False,NORMAL,NONE,False,none,25.29,994.65,62.07,{}
2026-08-02 08:40:00+00:00,AWS-001,25.42,994.56,61.92,28.6139,77.209,216.0,False,NORMAL,NONE,False,none,25.42,994.56,61.92,{}
2026-08-02 08:45:00+00:00,AWS-001,25.71,994.6,60.93,28.6139,77.209,216.0,False,NORMAL,NONE,False,none,25.71,994.6,60.93,{}
2026-08-02 08:50:00+00:00,AWS-001,26.02,994.76,60.51,28.6139,77.209,216.0,False,NORMAL,NONE,False,none,26.02,994.76,60.51,{}
2026-08-02 08:55:00+00:00,AWS-001,26.21,994.77,58.37,28.6139,77.209,216.0,False,NORMAL,NONE,False,none,26.21,994.77,58.37,{}
2026-08-02 09:00:00+00:00,AWS-001,26.5,994.79,57.92,28.6139,77.209,216.0,False,NORMAL,NONE,False,none,26.5,994.79,57.92,{}
2026-08-02 09:05:00+00:00,AWS-001,26.69,994.83,56.26,28.6139,77.209,216.0,False,NORMAL,NONE,False,none,26.69,994.83,56.26,{}
2026-08-02 09:10:00+00:00,AWS-001,26.92,994.83,54.9,28.6139,77.209,216.0,False,NORMAL,NONE,False,none,26.92,994.83,54.9,{}
2026-08-02 09:15:00+00:00,AWS-001,26.93,994.86,55.03,28.6139,77.209,216.0,False,NORMAL,NONE,False,none,26.93,994.86,55.03,{}
2026-08-02 09:20:00+00:00,AWS-001,27.05,994.89,55.23,28.6139,77.209,216.0,False,NORMAL,NONE,False,none,27.05,994.89,55.23,{}
2026-08-02 09:25:00+00:00,AWS-001,27.22,994.84,53.65,28.6139,77.209,216.0,False,NORMAL,NONE,False,none,27.22,994.84,53.65,{}
2026-08-02 09:30:00+00:00,AWS-001,27.5,994.84,52.33,28.6139,77.209,216.0,False,NORMAL,NONE,False,none,27.5,994.84,52.33,{}
2026-08-02 09:35:00+00:00,AWS-001,27.56,994.88,52.14,28.6139,77.209,216.0,False,NORMAL,NONE,False,none,27.56,994.88,52.14,{}
2026-08-02 09:40:00+00:00,AWS-001,27.78,994.94,51.29,28.6139,77.209,216.0,False,NORMAL,NONE,False,none,27.78,994.94,51.29,{}
2026-08-02 09:45:00+00:00,AWS-001,27.86,995.01,51.55,28.6139,77.209,216.0,False,NORMAL,NONE,False,none,27.86,995.01,51.55,{}
2026-08-02 09:50:00+00:00,AWS-001,27.96,995.01,53.28,28.6139,77.209,216.0,False,NORMAL,NONE,False,none,27.96,995.01,53.28,{}
2026-08-02 09:55:00+00:00,AWS-001,28.23,995.02,52.34,28.6139,77.209,216.0,False,NORMAL,NONE,False,none,28.23,995.02,52.34,{}
2026-08-02 10:00:00+00:00,AWS-001,28.01,995.04,52.1,28.6139,77.209,216.0,False,NORMAL,NONE,False,none,28.01,995.04,52.1,{}
2026-08-02 10:05:00+00:00,AWS-001,27.95,994.98,51.19,28.6139,77.209,216.0,False,NORMAL,NONE,False,none,27.95,994.98,51.19,{}
2026-08-02 10:10:00+00:00,AWS-001,27.88,994.92,51.08,28.6139,77.209,216.0,False,NORMAL,NONE,False,none,27.88,994.92,51.08,{}
2026-08-02 10:15:00+00:00,AWS-001,27.69,994.9,50.98,28.6139,77.209,216.0,False,NORMAL,NONE,False,none,27.69,994.9,50.98,{}
2026-08-02 10:20:00+00:00,AWS-001,27.81,994.8,50.94,28.6139,77.209,216.0,False,NORMAL,NONE,False,none,27.81,994.8,50.94,{}
2026-08-02 10:25:00+00:00,AWS-001,28.17,994.81,50.16,28.6139,77.209,216.0,False,NORMAL,NONE,False,none,28.17,994.81,50.16,{}
2026-08-02 10:30:00+00:00,AWS-001,28.32,994.86,49.35,28.6139,77.209,216.0,False,NORMAL,NONE,False,none,28.32,994.86,49.35,{}
2026-08-02 10:35:00+00:00,AWS-001,28.55,994.79,49.93,28.6139,77.209,216.0,False,NORMAL,NONE,False,none,28.55,994.79,49.93,{}
2026-08-02 10:40:00+00:00,AWS-001,28.92,994.79,48.25,28.6139,77.209,216.0,False,NORMAL,NONE,False,none,28.92,994.79,48.25,{}
2026-08-02 10:45:00+00:00,AWS-001,29.29,994.73,47.05,28.6139,77.209,216.0,False,NORMAL,NONE,False,none,29.29,994.73,47.05,{}
2026-08-02 10:50:00+00:00,AWS-001,29.4,994.64,47.09,28.6139,77.209,216.0,False,NORMAL,NONE,False,none,29.4,994.64,47.09,{}
2026-08-02 10:55:00+00:00,AWS-001,29.75,994.74,46.62,28.6139,77.209,216.0,False,NORMAL,NONE,False,none,29.75,994.74,46.62,{}
2026-08-02 11:00:00+00:00,AWS-001,29.85,994.65,46.95,28.6139,77.209,216.0,False,NORMAL,NONE,False,none,29.85,994.65,46.95,{}
2026-08-02 11:05:00+00:00,AWS-001,29.8,994.54,47.07,28.6139,77.209,216.0,False,NORMAL,NONE,False,none,29.8,994.54,47.07,{}
2026-08-02 11:10:00+00:00,AWS-001,29.81,994.53,47.43,28.6139,77.209,216.0,False,NORMAL,NONE,False,none,29.81,994.53,47.43,{}
2026-08-02 11:15:00+00:00,AWS-001,29.68,994.51,47.0,28.6139,77.209,216.0,False,NORMAL,NONE,False,none,29.68,994.51,47.0,{}
2026-08-02 11:20:00+00:00,AWS-001,29.68,994.52,47.36,28.6139,77.209,216.0,False,NORMAL,NONE,False,none,29.68,994.52,47.36,{}
2026-08-02 11:25:00+00:00,AWS-001,29.77,994.6,47.4,28.6139,77.209,216.0,False,NORMAL,NONE,False,none,29.77,994.6,47.4,{}
2026-08-02 11:30:00+00:00,AWS-001,30.06,994.5,47.28,28.6139,77.209,216.0,False,NORMAL,NONE,False,none,30.06,994.5,47.28,{}
2026-08-02 11:35:00+00:00,AWS-001,30.47,994.42,44.76,28.6139,77.209,216.0,False,NORMAL,NONE,False,none,30.47,994.42,44.76,{}
2026-08-02 11:40:00+00:00,AWS-001,30.33,994.48,44.33,28.6139,77.209,216.0,False,NORMAL,NONE,False,none,30.33,994.48,44.33,{}
2026-08-02 11:45:00+00:00,AWS-001,30.51,994.48,44.31,28.6139,77.209,216.0,False,NORMAL,NONE,False,none,30.51,994.48,44.31,{}
2026-08-02 11:50:00+00:00,AWS-001,30.44,994.47,42.66,28.6139,77.209,216.0,False,NORMAL,NONE,False,none,30.44,994.47,42.66,{}
2026-08-02 11:55:00+00:00,AWS-001,30.64,994.37,42.59,28.6139,77.209,216.0,False,NORMAL,NONE,False,none,30.64,994.37,42.59,{}
2026-08-02 12:00:00+00:00,AWS-001,30.72,994.38,43.11,28.6139,77.209,216.0,False,NORMAL,NONE,False,none,30.72,994.38,43.11,{}
2026-08-02 12:05:00+00:00,AWS-001,30.52,994.36,43.19,28.6139,77.209,216.0,False,NORMAL,NONE,False,none,30.52,994.36,43.19,{}
2026-08-02 12:10:00+00:00,AWS-001,30.81,994.31,42.21,28.6139,77.209,216.0,False,NORMAL,NONE,False,none,30.81,994.31,42.21,{}
2026-08-02 12:15:00+00:00,AWS-001,30.82,994.2,41.56,28.6139,77.209,216.0,False,NORMAL,NONE,False,none,30.82,994.2,41.56,{}
2026-08-02 12:20:00+00:00,AWS-001,30.84,994.15,41.31,28.6139,77.209,216.0,False,NORMAL,NONE,False,none,30.84,994.15,41.31,{}
2026-08-02 12:25:00+00:00,AWS-001,30.78,994.18,41.31,28.6139,77.209,216.0,False,NORMAL,NONE,False,none,30.78,994.18,41.31,{}
2026-08-02 12:30:00+00:00,AWS-001,30.8,994.04,41.01,28.6139,77.209,216.0,False,NORMAL,NONE,False,none,30.8,994.04,41.01,{}
2026-08-02 12:35:00+00:00,AWS-001,31.01,993.93,40.27,28.6139,77.209,216.0,False,NORMAL,NONE,False,none,31.01,993.93,40.27,{}
2026-08-02 12:40:00+00:00,AWS-001,31.09,993.83,40.15,28.6139,77.209,216.0,False,NORMAL,NONE,False,none,31.09,993.83,40.15,{}
2026-08-02 12:45:00+00:00,AWS-001,31.26,993.75,39.82,28.6139,77.209,216.0,False,NORMAL,NONE,False,none,31.26,993.75,39.82,{}
2026-08-02 12:50:00+00:00,AWS-001,31.41,993.69,40.88,28.6139,77.209,216.0,False,NORMAL,NONE,False,none,31.41,993.69,40.88,{}
2026-08-02 12:55:00+00:00,AWS-001,31.71,993.69,39.95,28.6139,77.209,216.0,False,NORMAL,NONE,False,none,31.71,993.69,39.95,{}
2026-08-02 13:00:00+00:00,AWS-001,31.71,993.66,40.23,28.6139,77.209,216.0,False,NORMAL,NONE,False,none,31.71,993.66,40.23,{}
2026-08-02 13:05:00+00:00,AWS-001,31.51,993.6,40.32,28.6139,77.209,216.0,False,NORMAL,NONE,False,none,31.51,993.6,40.32,{}
2026-08-02 13:10:00+00:00,AWS-001,31.77,993.56,39.41,28.6139,77.209,216.0,False,NORMAL,NONE,False,none,31.77,993.56,39.41,{}
2026-08-02 13:15:00+00:00,AWS-001,31.77,993.53,38.45,28.6139,77.209,216.0,False,NORMAL,NONE,False,none,31.77,993.53,38.45,{}
2026-08-02 13:20:00+00:00,AWS-001,32.01,993.37,37.16,28.6139,77.209,216.0,False,NORMAL,NONE,False,none,32.01,993.37,37.16,{}
2026-08-02 13:25:00+00:00,AWS-001,32.1,993.38,36.55,28.6139,77.209,216.0,False,NORMAL,NONE,False,none,32.1,993.38,36.55,{}
2026-08-02 13:30:00+00:00,AWS-001,32.1,993.27,37.09,28.6139,77.209,216.0,False,NORMAL,NONE,False,none,32.1,993.27,37.09,{}
2026-08-02 13:35:00+00:00,AWS-001,32.18,993.19,37.93,28.6139,77.209,216.0,False,NORMAL,NONE,False,none,32.18,993.19,37.93,{}
2026-08-02 13:40:00+00:00,AWS-001,32.52,993.16,36.24,28.6139,77.209,216.0,False,NORMAL,NONE,False,none,32.52,993.16,36.24,{}
2026-08-02 13:45:00+00:00,AWS-001,32.84,993.1,35.53,28.6139,77.209,216.0,False,NORMAL,NONE,False,none,32.84,993.1,35.53,{}
2026-08-02 13:50:00+00:00,AWS-001,32.79,993.08,35.11,28.6139,77.209,216.0,False,NORMAL,NONE,False,none,32.79,993.08,35.11,{}
2026-08-02 13:55:00+00:00,AWS-001,32.75,993.04,35.41,28.6139,77.209,216.0,False,NORMAL,NONE,False,none,32.75,993.04,35.41,{}
2026-08-02 14:00:00+00:00,AWS-001,32.88,992.97,36.19,28.6139,77.209,216.0,False,NORMAL,NONE,False,none,32.88,992.97,36.19,{}
2026-08-02 14:05:00+00:00,AWS-001,32.67,993.01,36.57,28.6139,77.209,216.0,False,NORMAL,NONE,False,none,32.67,993.01,36.57,{}
2026-08-02 14:10:00+00:00,AWS-001,32.68,993.0,36.74,28.6139,77.209,216.0,False,NORMAL,NONE,False,none,32.68,993.0,36.74,{}
2026-08-02 14:15:00+00:00,AWS-001,32.63,992.96,37.96,28.6139,77.209,216.0,False,NORMAL,NONE,False,none,32.63,992.96,37.96,{}
2026-08-02 14:20:00+00:00,AWS-001,32.63,992.95,38.25,28.6139,77.209,216.0,False,NORMAL,NONE,False,none,32.63,992.95,38.25,{}
2026-08-02 14:25:00+00:00,AWS-001,32.45,992.85,38.15,28.6139,77.209,216.0,False,NORMAL,NONE,False,none,32.45,992.85,38.15,{}
2026-08-02 14:30:00+00:00,AWS-001,32.16,992.93,38.93,28.6139,77.209,216.0,False,NORMAL,NONE,False,none,32.16,992.93,38.93,{}
2026-08-02 14:35:00+00:00,AWS-001,31.82,992.81,39.2,28.6139,77.209,216.0,False,NORMAL,NONE,False,none,31.82,992.81,39.2,{}
2026-08-02 14:40:00+00:00,AWS-001,31.67,992.76,39.88,28.6139,77.209,216.0,False,NORMAL,NONE,False,none,31.67,992.76,39.88,{}
2026-08-02 14:45:00+00:00,AWS-001,31.65,992.7,40.3,28.6139,77.209,216.0,False,NORMAL,NONE,False,none,31.65,992.7,40.3,{}
2026-08-02 14:50:00+00:00,AWS-001,31.66,992.64,39.41,28.6139,77.209,216.0,False,NORMAL,NONE,False,none,31.66,992.64,39.41,{}
2026-08-02 14:55:00+00:00,AWS-001,32.03,992.57,38.79,28.6139,77.209,216.0,False,NORMAL,NONE,False,none,32.03,992.57,38.79,{}
2026-08-02 15:00:00+00:00,AWS-001,32.22,992.49,38.39,28.6139,77.209,216.0,False,NORMAL,NONE,False,none,32.22,992.49,38.39,{}
2026-08-02 15:05:00+00:00,AWS-001,32.03,992.54,39.23,28.6139,77.209,216.0,False,NORMAL,NONE,False,none,32.03,992.54,39.23,{}
2026-08-02 15:10:00+00:00,AWS-001,32.08,992.43,39.66,28.6139,77.209,216.0,False,NORMAL,NONE,False,none,32.08,992.43,39.66,{}
2026-08-02 15:15:00+00:00,AWS-001,31.99,992.47,40.09,28.6139,77.209,216.0,False,NORMAL,NONE,False,none,31.99,992.47,40.09,{}
2026-08-02 15:20:00+00:00,AWS-001,31.92,992.48,39.93,28.6139,77.209,216.0,False,NORMAL,NONE,False,none,31.92,992.48,39.93,{}
2026-08-02 15:25:00+00:00,AWS-001,31.94,992.43,40.43,28.6139,77.209,216.0,False,NORMAL,NONE,False,none,31.94,992.43,40.43,{}
2026-08-02 15:30:00+00:00,AWS-001,32.02,992.44,39.56,28.6139,77.209,216.0,False,NORMAL,NONE,False,none,32.02,992.44,39.56,{}
2026-08-02 15:35:00+00:00,AWS-001,31.92,992.41,38.9,28.6139,77.209,216.0,False,NORMAL,NONE,False,none,31.92,992.41,38.9,{}
2026-08-02 15:40:00+00:00,AWS-001,32.06,992.33,36.66,28.6139,77.209,216.0,False,NORMAL,NONE,False,none,32.06,992.33,36.66,{}
2026-08-02 15:45:00+00:00,AWS-001,31.81,992.25,37.55,28.6139,77.209,216.0,False,NORMAL,NONE,False,none,31.81,992.25,37.55,{}
2026-08-02 15:50:00+00:00,AWS-001,31.77,992.29,37.44,28.6139,77.209,216.0,False,NORMAL,NONE,False,none,31.77,992.29,37.44,{}
2026-08-02 15:55:00+00:00,AWS-001,32.16,992.32,37.18,28.6139,77.209,216.0,False,NORMAL,NONE,False,none,32.16,992.32,37.18,{}
2026-08-02 16:00:00+00:00,AWS-001,32.09,992.33,36.33,28.6139,77.209,216.0,False,NORMAL,NONE,False,none,32.09,992.33,36.33,{}
2026-08-02 16:05:00+00:00,AWS-001,32.23,992.3,36.03,28.6139,77.209,216.0,False,NORMAL,NONE,False,none,32.23,992.3,36.03,{}
2026-08-02 16:10:00+00:00,AWS-001,32.12,992.29,36.98,28.6139,77.209,216.0,False,NORMAL,NONE,False,none,32.12,992.29,36.98,{}
2026-08-02 16:15:00+00:00,AWS-001,32.09,992.28,36.68,28.6139,77.209,216.0,False,NORMAL,NONE,False,none,32.09,992.28,36.68,{}
2026-08-02 16:20:00+00:00,AWS-001,31.95,992.18,37.6,28.6139,77.209,216.0,False,NORMAL,NONE,False,none,31.95,992.18,37.6,{}
2026-08-02 16:25:00+00:00,AWS-001,31.8,992.2,37.85,28.6139,77.209,216.0,False,NORMAL,NONE,False,none,31.8,992.2,37.85,{}
2026-08-02 16:30:00+00:00,AWS-001,31.55,992.25,38.65,28.6139,77.209,216.0,False,NORMAL,NONE,False,none,31.55,992.25,38.65,{}
2026-08-02 16:35:00+00:00,AWS-001,31.53,992.27,39.32,28.6139,77.209,216.0,False,NORMAL,NONE,False,none,31.53,992.27,39.32,{}
2026-08-02 16:40:00+00:00,AWS-001,31.28,992.4,40.63,28.6139,77.209,216.0,False,NORMAL,NONE,False,none,31.28,992.4,40.63,{}
2026-08-02 16:45:00+00:00,AWS-001,31.3,992.35,40.66,28.6139,77.209,216.0,False,NORMAL,NONE,False,none,31.3,992.35,40.66,{}
2026-08-02 16:50:00+00:00,AWS-001,31.38,992.33,39.98,28.6139,77.209,216.0,False,NORMAL,NONE,False,none,31.38,992.33,39.98,{}
2026-08-02 16:55:00+00:00,AWS-001,31.32,992.36,39.92,28.6139,77.209,216.0,False,NORMAL,NONE,False,none,31.32,992.36,39.92,{}
2026-08-02 17:00:00+00:00,AWS-001,31.14,992.4,40.85,28.6139,77.209,216.0,False,NORMAL,NONE,False,none,31.14,992.4,40.85,{}
2026-08-02 17:05:00+00:00,AWS-001,31.1,992.32,40.34,28.6139,77.209,216.0,False,NORMAL,NONE,False,none,31.1,992.32,40.34,{}
2026-08-02 17:10:00+00:00,AWS-001,30.92,992.39,40.78,28.6139,77.209,216.0,False,NORMAL,NONE,False,none,30.92,992.39,40.78,{}
2026-08-02 17:15:00+00:00,AWS-001,30.95,992.44,40.57,28.6139,77.209,216.0,False,NORMAL,NONE,False,none,30.95,992.44,40.57,{}
2026-08-02 17:20:00+00:00,AWS-001,30.51,992.35,41.7,28.6139,77.209,216.0,False,NORMAL,NONE,False,none,30.51,992.35,41.7,{}
2026-08-02 17:25:00+00:00,AWS-001,30.36,992.39,41.56,28.6139,77.209,216.0,False,NORMAL,NONE,False,none,30.36,992.39,41.56,{}
2026-08-02 17:30:00+00:00,AWS-001,29.93,992.39,41.65,28.6139,77.209,216.0,False,NORMAL,NONE,False,none,29.93,992.39,41.65,{}
2026-08-02 17:35:00+00:00,AWS-001,29.63,992.41,43.11,28.6139,77.209,216.0,False,NORMAL,NONE,False,none,29.63,992.41,43.11,{}
2026-08-02 17:40:00+00:00,AWS-001,29.82,992.39,43.46,28.6139,77.209,216.0,False,NORMAL,NONE,False,none,29.82,992.39,43.46,{}
2026-08-02 17:45:00+00:00,AWS-001,29.9,992.47,42.24,28.6139,77.209,216.0,False,NORMAL,NONE,False,none,29.9,992.47,42.24,{}
2026-08-02 17:50:00+00:00,AWS-001,29.68,992.63,43.29,28.6139,77.209,216.0,False,NORMAL,NONE,False,none,29.68,992.63,43.29,{}
2026-08-02 17:55:00+00:00,AWS-001,29.35,992.69,45.03,28.6139,77.209,216.0,False,NORMAL,NONE,False,none,29.35,992.69,45.03,{}
2026-08-02 18:00:00+00:00,AWS-001,28.8,992.62,46.93,28.6139,77.209,216.0,False,NORMAL,NONE,False,none,28.8,992.62,46.93,{}
2026-08-02 18:05:00+00:00,AWS-001,28.7,992.69,46.93,28.6139,77.209,216.0,False,NORMAL,NONE,False,none,28.7,992.69,46.93,{}
2026-08-02 18:10:00+00:00,AWS-001,29.09,992.74,45.3,28.6139,77.209,216.0,False,NORMAL,NONE,False,none,29.09,992.74,45.3,{}
2026-08-02 18:15:00+00:00,AWS-001,29.08,992.73,45.47,28.6139,77.209,216.0,False,NORMAL,NONE,False,none,29.08,992.73,45.47,{}
2026-08-02 18:20:00+00:00,AWS-001,28.9,992.81,46.2,28.6139,77.209,216.0,False,NORMAL,NONE,False,none,28.9,992.81,46.2,{}
2026-08-02 18:25:00+00:00,AWS-001,28.89,992.92,46.32,28.6139,77.209,216.0,False,NORMAL,NONE,False,none,28.89,992.92,46.32,{}
2026-08-02 18:30:00+00:00,AWS-001,28.54,992.94,47.22,28.6139,77.209,216.0,False,NORMAL,NONE,False,none,28.54,992.94,47.22,{}
2026-08-02 18:35:00+00:00,AWS-001,28.41,992.9,46.91,28.6139,77.209,216.0,False,NORMAL,NONE,False,none,28.41,992.9,46.91,{}
2026-08-02 18:40:00+00:00,AWS-001,28.36,992.85,47.47,28.6139,77.209,216.0,False,NORMAL,NONE,False,none,28.36,992.85,47.47,{}
2026-08-02 18:45:00+00:00,AWS-001,28.26,992.88,48.11,28.6139,77.209,216.0,False,NORMAL,NONE,False,none,28.26,992.88,48.11,{}
2026-08-02 18:50:00+00:00,AWS-001,28.3,992.95,48.13,28.6139,77.209,216.0,False,NORMAL,NONE,False,none,28.3,992.95,48.13,{}
2026-08-02 18:55:00+00:00,AWS-001,28.25,992.99,48.34,28.6139,77.209,216.0,False,NORMAL,NONE,False,none,28.25,992.99,48.34,{}
2026-08-02 19:00:00+00:00,AWS-001,28.24,993.03,49.41,28.6139,77.209,216.0,False,NORMAL,NONE,False,none,28.24,993.03,49.41,{}
2026-08-02 19:05:00+00:00,AWS-001,27.99,993.13,49.54,28.6139,77.209,216.0,False,NORMAL,NONE,False,none,27.99,993.13,49.54,{}
2026-08-02 19:10:00+00:00,AWS-001,28.01,993.23,50.18,28.6139,77.209,216.0,False,NORMAL,NONE,False,none,28.01,993.23,50.18,{}
2026-08-02 19:15:00+00:00,AWS-001,28.14,993.31,49.15,28.6139,77.209,216.0,False,NORMAL,NONE,False,none,28.14,993.31,49.15,{}
2026-08-02 19:20:00+00:00,AWS-001,27.8,993.42,50.71,28.6139,77.209,216.0,False,NORMAL,NONE,False,none,27.8,993.42,50.71,{}
2026-08-02 19:25:00+00:00,AWS-001,27.5,993.44,52.16,28.6139,77.209,216.0,False,NORMAL,NONE,False,none,27.5,993.44,52.16,{}
2026-08-02 19:30:00+00:00,AWS-001,27.59,993.43,51.43,28.6139,77.209,216.0,False,NORMAL,NONE,False,none,27.59,993.43,51.43,{}
2026-08-02 19:35:00+00:00,AWS-001,27.4,993.46,52.83,28.6139,77.209,216.0,False,NORMAL,NONE,False,none,27.4,993.46,52.83,{}
2026-08-02 19:40:00+00:00,AWS-001,27.48,993.49,52.55,28.6139,77.209,216.0,False,NORMAL,NONE,False,none,27.48,993.49,52.55,{}
2026-08-02 19:45:00+00:00,AWS-001,27.22,993.43,52.41,28.6139,77.209,216.0,False,NORMAL,NONE,False,none,27.22,993.43,52.41,{}
2026-08-02 19:50:00+00:00,AWS-001,27.3,993.47,51.75,28.6139,77.209,216.0,False,NORMAL,NONE,False,none,27.3,993.47,51.75,{}
2026-08-02 19:55:00+00:00,AWS-001,27.12,993.61,52.84,28.6139,77.209,216.0,False,NORMAL,NONE,False,none,27.12,993.61,52.84,{}
2026-08-02 20:00:00+00:00,AWS-001,26.97,993.71,53.64,28.6139,77.209,216.0,False,NORMAL,NONE,False,none,26.97,993.71,53.64,{}
2026-08-02 20:05:00+00:00,AWS-001,27.04,993.8,52.47,28.6139,77.209,216.0,False,NORMAL,NONE,False,none,27.04,993.8,52.47,{}
2026-08-02 20:10:00+00:00,AWS-001,26.77,993.86,53.08,28.6139,77.209,216.0,False,NORMAL,NONE,False,none,26.77,993.86,53.08,{}
2026-08-02 20:15:00+00:00,AWS-001,26.41,993.99,54.21,28.6139,77.209,216.0,False,NORMAL,NONE,False,none,26.41,993.99,54.21,{}
2026-08-02 20:20:00+00:00,AWS-001,26.16,993.96,54.56,28.6139,77.209,216.0,False,NORMAL,NONE,False,none,26.16,993.96,54.56,{}
2026-08-02 20:25:00+00:00,AWS-001,26.08,993.95,56.27,28.6139,77.209,216.0,False,NORMAL,NONE,False,none,26.08,993.95,56.27,{}
2026-08-02 20:30:00+00:00,AWS-001,25.65,994.05,57.55,28.6139,77.209,216.0,False,NORMAL,NONE,False,none,25.65,994.05,57.55,{}
2026-08-02 20:35:00+00:00,AWS-001,25.62,994.09,57.35,28.6139,77.209,216.0,False,NORMAL,NONE,False,none,25.62,994.09,57.35,{}
2026-08-02 20:40:00+00:00,AWS-001,25.38,994.08,58.68,28.6139,77.209,216.0,False,NORMAL,NONE,False,none,25.38,994.08,58.68,{}
2026-08-02 20:45:00+00:00,AWS-001,25.44,994.15,57.96,28.6139,77.209,216.0,False,NORMAL,NONE,False,none,25.44,994.15,57.96,{}
2026-08-02 20:50:00+00:00,AWS-001,24.88,994.15,60.29,28.6139,77.209,216.0,False,NORMAL,NONE,False,none,24.88,994.15,60.29,{}
2026-08-02 20:55:00+00:00,AWS-001,24.64,994.13,59.79,28.6139,77.209,216.0,False,NORMAL,NONE,False,none,24.64,994.13,59.79,{}
2026-08-02 21:00:00+00:00,AWS-001,24.26,994.11,60.77,28.6139,77.209,216.0,False,NORMAL,NONE,False,none,24.26,994.11,60.77,{}
2026-08-02 21:05:00+00:00,AWS-001,24.06,994.16,62.15,28.6139,77.209,216.0,False,NORMAL,NONE,False,none,24.06,994.16,62.15,{}
2026-08-02 21:10:00+00:00,AWS-001,24.04,994.19,63.08,28.6139,77.209,216.0,False,NORMAL,NONE,False,none,24.04,994.19,63.08,{}
2026-08-02 21:15:00+00:00,AWS-001,23.93,994.31,62.71,28.6139,77.209,216.0,False,NORMAL,NONE,False,none,23.93,994.31,62.71,{}
2026-08-02 21:20:00+00:00,AWS-001,23.81,994.3,62.44,28.6139,77.209,216.0,False,NORMAL,NONE,False,none,23.81,994.3,62.44,{}
2026-08-02 21:25:00+00:00,AWS-001,23.71,994.29,63.14,28.6139,77.209,216.0,False,NORMAL,NONE,False,none,23.71,994.29,63.14,{}
2026-08-02 21:30:00+00:00,AWS-001,23.66,994.39,62.83,28.6139,77.209,216.0,False,NORMAL,NONE,False,none,23.66,994.39,62.83,{}
2026-08-02 21:35:00+00:00,AWS-001,23.4,994.45,63.63,28.6139,77.209,216.0,False,NORMAL,NONE,False,none,23.4,994.45,63.63,{}
2026-08-02 21:40:00+00:00,AWS-001,23.44,994.45,64.02,28.6139,77.209,216.0,False,NORMAL,NONE,False,none,23.44,994.45,64.02,{}
2026-08-02 21:45:00+00:00,AWS-001,23.45,994.35,63.54,28.6139,77.209,216.0,False,NORMAL,NONE,False,none,23.45,994.35,63.54,{}
2026-08-02 21:50:00+00:00,AWS-001,23.4,994.3,62.46,28.6139,77.209,216.0,False,NORMAL,NONE,False,none,23.4,994.3,62.46,{}
2026-08-02 21:55:00+00:00,AWS-001,23.37,994.24,61.91,28.6139,77.209,216.0,False,NORMAL,NONE,False,none,23.37,994.24,61.91,{}
2026-08-02 22:00:00+00:00,AWS-001,23.29,994.24,62.5,28.6139,77.209,216.0,False,NORMAL,NONE,False,none,23.29,994.24,62.5,{}
2026-08-02 22:05:00+00:00,AWS-001,23.49,994.21,60.77,28.6139,77.209,216.0,False,NORMAL,NONE,False,none,23.49,994.21,60.77,{}
2026-08-02 22:10:00+00:00,AWS-001,23.3,994.3,61.67,28.6139,77.209,216.0,False,NORMAL,NONE,False,none,23.3,994.3,61.67,{}
2026-08-02 22:15:00+00:00,AWS-001,23.08,994.19,61.97,28.6139,77.209,216.0,False,NORMAL,NONE,False,none,23.08,994.19,61.97,{}
2026-08-02 22:20:00+00:00,AWS-001,22.8,994.11,64.53,28.6139,77.209,216.0,False,NORMAL,NONE,False,none,22.8,994.11,64.53,{}
2026-08-02 22:25:00+00:00,AWS-001,22.49,994.12,67.33,28.6139,77.209,216.0,False,NORMAL,NONE,False,none,22.49,994.12,67.33,{}
2026-08-02 22:30:00+00:00,AWS-001,22.17,994.14,67.92,28.6139,77.209,216.0,False,NORMAL,NONE,False,none,22.17,994.14,67.92,{}
2026-08-02 22:35:00+00:00,AWS-001,21.94,993.97,69.13,28.6139,77.209,216.0,False,NORMAL,NONE,False,none,21.94,993.97,69.13,{}
2026-08-02 22:40:00+00:00,AWS-001,21.85,993.86,68.9,28.6139,77.209,216.0,False,NORMAL,NONE,False,none,21.85,993.86,68.9,{}
2026-08-02 22:45:00+00:00,AWS-001,21.83,993.85,68.88,28.6139,77.209,216.0,False,NORMAL,NONE,False,none,21.83,993.85,68.88,{}
2026-08-02 22:50:00+00:00,AWS-001,21.76,993.92,70.47,28.6139,77.209,216.0,False,NORMAL,NONE,False,none,21.76,993.92,70.47,{}
2026-08-02 22:55:00+00:00,AWS-001,21.54,994.01,71.02,28.6139,77.209,216.0,False,NORMAL,NONE,False,none,21.54,994.01,71.02,{}
2026-08-02 23:00:00+00:00,AWS-001,21.62,993.96,70.49,28.6139,77.209,216.0,False,NORMAL,NONE,False,none,21.62,993.96,70.49,{}
2026-08-02 23:05:00+00:00,AWS-001,21.65,993.92,69.77,28.6139,77.209,216.0,False,NORMAL,NONE,False,none,21.65,993.92,69.77,{}
2026-08-02 23:10:00+00:00,AWS-001,21.51,993.84,71.18,28.6139,77.209,216.0,False,NORMAL,NONE,False,none,21.51,993.84,71.18,{}
2026-08-02 23:15:00+00:00,AWS-001,21.3,993.85,70.01,28.6139,77.209,216.0,False,NORMAL,NONE,False,none,21.3,993.85,70.01,{}
2026-08-02 23:20:00+00:00,AWS-001,21.3,993.9,70.0,28.6139,77.209,216.0,False,NORMAL,NONE,False,none,21.3,993.9,70.0,{}
2026-08-02 23:25:00+00:00,AWS-001,21.23,993.93,70.55,28.6139,77.209,216.0,False,NORMAL,NONE,False,none,21.23,993.93,70.55,{}
2026-08-02 23:30:00+00:00,AWS-001,20.88,993.88,71.9,28.6139,77.209,216.0,False,NORMAL,NONE,False,none,20.88,993.88,71.9,{}
2026-08-02 23:35:00+00:00,AWS-001,20.8,993.77,73.08,28.6139,77.209,216.0,False,NORMAL,NONE,False,none,20.8,993.77,73.08,{}
2026-08-02 23:40:00+00:00,AWS-001,20.77,993.72,74.1,28.6139,77.209,216.0,False,NORMAL,NONE,False,none,20.77,993.72,74.1,{}
2026-08-02 23:45:00+00:00,AWS-001,20.55,993.75,74.24,28.6139,77.209,216.0,False,NORMAL,NONE,False,none,20.55,993.75,74.24,{}
2026-08-02 23:50:00+00:00,AWS-001,20.52,993.66,75.82,28.6139,77.209,216.0,False,NORMAL,NONE,False,none,20.52,993.66,75.82,{}
2026-08-02 23:55:00+00:00,AWS-001,20.21,993.5,76.26,28.6139,77.209,216.0,False,NORMAL,NONE,False,none,20.21,993.5,76.26,{}
2026-08-03 00:00:00+00:00,AWS-001,20.34,993.42,76.52,28.6139,77.209,216.0,False,NORMAL,NONE,False,none,20.34,993.42,76.52,{}
2026-08-03 00:05:00+00:00,AWS-001,20.48,993.36,75.87,28.6139,77.209,216.0,False,NORMAL,NONE,False,none,20.48,993.36,75.87,{}
2026-08-03 00:10:00+00:00,AWS-001,20.35,993.2,76.09,28.6139,77.209,216.0,False,NORMAL,NONE,False,none,20.35,993.2,76.09,{}
2026-08-03 00:15:00+00:00,AWS-001,20.33,993.16,75.9,28.6139,77.209,216.0,False,NORMAL,NONE,False,none,20.33,993.16,75.9,{}
2026-08-03 00:20:00+00:00,AWS-001,19.84,993.14,78.22,28.6139,77.209,216.0,False,NORMAL,NONE,False,none,19.84,993.14,78.22,{}
2026-08-03 00:25:00+00:00,AWS-001,19.61,993.2,79.47,28.6139,77.209,216.0,False,NORMAL,NONE,False,none,19.61,993.2,79.47,{}
2026-08-03 00:30:00+00:00,AWS-001,19.55,993.06,79.18,28.6139,77.209,216.0,False,NORMAL,NONE,False,none,19.55,993.06,79.18,{}
2026-08-03 00:35:00+00:00,AWS-001,19.36,993.04,80.05,28.6139,77.209,216.0,False,NORMAL,NONE,False,none,19.36,993.04,80.05,{}
2026-08-03 00:40:00+00:00,AWS-001,19.48,993.04,79.02,28.6139,77.209,216.0,False,NORMAL,NONE,False,none,19.48,993.04,79.02,{}
2026-08-03 00:45:00+00:00,AWS-001,19.8,993.0,76.83,28.6139,77.209,216.0,False,NORMAL,NONE,False,none,19.8,993.0,76.83,{}
2026-08-03 00:50:00+00:00,AWS-001,19.54,992.87,77.78,28.6139,77.209,216.0,False,NORMAL,NONE,False,none,19.54,992.87,77.78,{}
2026-08-03 00:55:00+00:00,AWS-001,19.37,992.74,78.17,28.6139,77.209,216.0,False,NORMAL,NONE,False,none,19.37,992.74,78.17,{}
2026-08-03 01:00:00+00:00,AWS-001,19.4,992.69,78.12,28.6139,77.209,216.0,False,NORMAL,NONE,False,none,19.4,992.69,78.12,{}
2026-08-03 01:05:00+00:00,AWS-001,19.64,992.63,77.49,28.6139,77.209,216.0,False,NORMAL,NONE,False,none,19.64,992.63,77.49,{}
2026-08-03 01:10:00+00:00,AWS-001,19.38,992.54,79.08,28.6139,77.209,216.0,False,NORMAL,NONE,False,none,19.38,992.54,79.08,{}
2026-08-03 01:15:00+00:00,AWS-001,19.4,992.55,80.43,28.6139,77.209,216.0,False,NORMAL,NONE,False,none,19.4,992.55,80.43,{}
2026-08-03 01:20:00+00:00,AWS-001,19.67,992.46,77.65,28.6139,77.209,216.0,False,NORMAL,NONE,False,none,19.67,992.46,77.65,{}
2026-08-03 01:25:00+00:00,AWS-001,19.33,992.29,79.81,28.6139,77.209,216.0,False,NORMAL,NONE,False,none,19.33,992.29,79.81,{}
2026-08-03 01:30:00+00:00,AWS-001,19.09,992.22,81.13,28.6139,77.209,216.0,False,NORMAL,NONE,False,none,19.09,992.22,81.13,{}
2026-08-03 01:35:00+00:00,AWS-001,19.01,992.19,82.08,28.6139,77.209,216.0,False,NORMAL,NONE,False,none,19.01,992.19,82.08,{}
2026-08-03 01:40:00+00:00,AWS-001,18.93,992.16,82.93,28.6139,77.209,216.0,False,NORMAL,NONE,False,none,18.93,992.16,82.93,{}
2026-08-03 01:45:00+00:00,AWS-001,19.09,992.12,81.97,28.6139,77.209,216.0,False,NORMAL,NONE,False,none,19.09,992.12,81.97,{}
2026-08-03 01:50:00+00:00,AWS-001,19.12,992.15,81.82,28.6139,77.209,216.0,False,NORMAL,NONE,False,none,19.12,992.15,81.82,{}
2026-08-03 01:55:00+00:00,AWS-001,18.82,992.01,82.84,28.6139,77.209,216.0,False,NORMAL,NONE,False,none,18.82,992.01,82.84,{}
2026-08-03 02:00:00+00:00,AWS-001,18.93,991.93,82.64,28.6139,77.209,216.0,False,NORMAL,NONE,False,none,18.93,991.93,82.64,{}
2026-08-03 02:05:00+00:00,AWS-001,18.85,991.96,81.8,28.6139,77.209,216.0,False,NORMAL,NONE,False,none,18.85,991.96,81.8,{}
2026-08-03 02:10:00+00:00,AWS-001,19.09,991.78,81.19,28.6139,77.209,216.0,False,NORMAL,NONE,False,none,19.09,991.78,81.19,{}
2026-08-03 02:15:00+00:00,AWS-001,18.99,991.73,81.74,28.6139,77.209,216.0,False,NORMAL,NONE,False,none,18.99,991.73,81.74,{}
2026-08-03 02:20:00+00:00,AWS-001,18.9,991.75,81.93,28.6139,77.209,216.0,False,NORMAL,NONE,False,none,18.9,991.75,81.93,{}
2026-08-03 02:25:00+00:00,AWS-001,19.01,991.76,81.25,28.6139,77.209,216.0,False,NORMAL,NONE,False,none,19.01,991.76,81.25,{}
2026-08-03 02:30:00+00:00,AWS-001,19.16,991.74,80.49,28.6139,77.209,216.0,False,NORMAL,NONE,False,none,19.16,991.74,80.49,{}
2026-08-03 02:35:00+00:00,AWS-001,19.23,991.72,81.0,28.6139,77.209,216.0,False,NORMAL,NONE,False,none,19.23,991.72,81.0,{}
2026-08-03 02:40:00+00:00,AWS-001,18.95,991.6,84.42,28.6139,77.209,216.0,False,NORMAL,NONE,False,none,18.95,991.6,84.42,{}
2026-08-03 02:45:00+00:00,AWS-001,19.07,991.62,84.2,28.6139,77.209,216.0,False,NORMAL,NONE,False,none,19.07,991.62,84.2,{}
2026-08-03 02:50:00+00:00,AWS-001,18.92,991.49,84.17,28.6139,77.209,216.0,False,NORMAL,NONE,False,none,18.92,991.49,84.17,{}
2026-08-03 02:55:00+00:00,AWS-001,19.0,991.38,83.82,28.6139,77.209,216.0,False,NORMAL,NONE,False,none,19.0,991.38,83.82,{}
2026-08-03 03:00:00+00:00,AWS-001,18.81,991.35,84.93,28.6139,77.209,216.0,False,NORMAL,NONE,False,none,18.81,991.35,84.93,{}
2026-08-03 03:05:00+00:00,AWS-001,18.95,991.28,83.26,28.6139,77.209,216.0,False,NORMAL,NONE,False,none,18.95,991.28,83.26,{}
2026-08-03 03:10:00+00:00,AWS-001,18.87,991.26,82.64,28.6139,77.209,216.0,False,NORMAL,NONE,False,none,18.87,991.26,82.64,{}
2026-08-03 03:15:00+00:00,AWS-001,18.73,991.24,83.27,28.6139,77.209,216.0,False,NORMAL,NONE,False,none,18.73,991.24,83.27,{}
2026-08-03 03:20:00+00:00,AWS-001,18.94,991.31,82.62,28.6139,77.209,216.0,False,NORMAL,NONE,False,none,18.94,991.31,82.62,{}
2026-08-03 03:25:00+00:00,AWS-001,19.06,991.29,80.89,28.6139,77.209,216.0,False,NORMAL,NONE,False,none,19.06,991.29,80.89,{}
2026-08-03 03:30:00+00:00,AWS-001,19.03,991.21,80.64,28.6139,77.209,216.0,False,NORMAL,NONE,False,none,19.03,991.21,80.64,{}
2026-08-03 03:35:00+00:00,AWS-001,19.35,991.21,79.49,28.6139,77.209,216.0,False,NORMAL,NONE,False,none,19.35,991.21,79.49,{}
2026-08-03 03:40:00+00:00,AWS-001,19.32,991.12,79.66,28.6139,77.209,216.0,False,NORMAL,NONE,False,none,19.32,991.12,79.66,{}
2026-08-03 03:45:00+00:00,AWS-001,19.39,991.14,80.25,28.6139,77.209,216.0,False,NORMAL,NONE,False,none,19.39,991.14,80.25,{}
2026-08-03 03:50:00+00:00,AWS-001,19.49,991.11,78.71,28.6139,77.209,216.0,False,NORMAL,NONE,False,none,19.49,991.11,78.71,{}
2026-08-03 03:55:00+00:00,AWS-001,19.45,991.11,80.45,28.6139,77.209,216.0,False,NORMAL,NONE,False,none,19.45,991.11,80.45,{}
2026-08-03 04:00:00+00:00,AWS-001,19.6,990.97,78.54,28.6139,77.209,216.0,False,NORMAL,NONE,False,none,19.6,990.97,78.54,{}
2026-08-03 04:05:00+00:00,AWS-001,19.57,990.82,77.36,28.6139,77.209,216.0,False,NORMAL,NONE,False,none,19.57,990.82,77.36,{}
2026-08-03 04:10:00+00:00,AWS-001,19.58,990.73,77.45,28.6139,77.209,216.0,False,NORMAL,NONE,False,none,19.58,990.73,77.45,{}
2026-08-03 04:15:00+00:00,AWS-001,19.89,990.83,75.37,28.6139,77.209,216.0,False,NORMAL,NONE,False,none,19.89,990.83,75.37,{}
2026-08-03 04:20:00+00:00,AWS-001,19.77,990.76,76.13,28.6139,77.209,216.0,False,NORMAL,NONE,False,none,19.77,990.76,76.13,{}
2026-08-03 04:25:00+00:00,AWS-001,19.45,990.8,77.82,28.6139,77.209,216.0,False,NORMAL,NONE,False,none,19.45,990.8,77.82,{}
2026-08-03 04:30:00+00:00,AWS-001,19.85,990.77,75.93,28.6139,77.209,216.0,False,NORMAL,NONE,False,none,19.85,990.77,75.93,{}
2026-08-03 04:35:00+00:00,AWS-001,20.36,990.76,73.12,28.6139,77.209,216.0,False,NORMAL,NONE,False,none,20.36,990.76,73.12,{}
2026-08-03 04:40:00+00:00,AWS-001,20.34,990.76,73.72,28.6139,77.209,216.0,False,NORMAL,NONE,False,none,20.34,990.76,73.72,{}
2026-08-03 04:45:00+00:00,AWS-001,20.08,990.87,74.88,28.6139,77.209,216.0,False,NORMAL,NONE,False,none,20.08,990.87,74.88,{}
2026-08-03 04:50:00+00:00,AWS-001,20.12,990.9,75.49,28.6139,77.209,216.0,False,NORMAL,NONE,False,none,20.12,990.9,75.49,{}
2026-08-03 04:55:00+00:00,AWS-001,20.18,990.92,75.11,28.6139,77.209,216.0,False,NORMAL,NONE,False,none,20.18,990.92,75.11,{}
2026-08-03 05:00:00+00:00,AWS-001,20.26,991.0,74.14,28.6139,77.209,216.0,False,NORMAL,NONE,False,none,20.26,991.0,74.14,{}
2026-08-03 05:05:00+00:00,AWS-001,20.19,990.96,73.51,28.6139,77.209,216.0,False,NORMAL,NONE,False,none,20.19,990.96,73.51,{}
2026-08-03 05:10:00+00:00,AWS-001,20.43,991.03,72.57,28.6139,77.209,216.0,False,NORMAL,NONE,False,none,20.43,991.03,72.57,{}
2026-08-03 05:15:00+00:00,AWS-001,20.64,991.08,71.04,28.6139,77.209,216.0,False,NORMAL,NONE,False,none,20.64,991.08,71.04,{}
2026-08-03 05:20:00+00:00,AWS-001,20.5,991.13,71.12,28.6139,77.209,216.0,False,NORMAL,NONE,False,none,20.5,991.13,71.12,{}
2026-08-03 05:25:00+00:00,AWS-001,20.76,991.11,70.68,28.6139,77.209,216.0,False,NORMAL,NONE,False,none,20.76,991.11,70.68,{}
2026-08-03 05:30:00+00:00,AWS-001,21.22,991.09,67.78,28.6139,77.209,216.0,False,NORMAL,NONE,False,none,21.22,991.09,67.78,{}
2026-08-03 05:35:00+00:00,AWS-001,21.33,991.04,68.6,28.6139,77.209,216.0,False,NORMAL,NONE,False,none,21.33,991.04,68.6,{}
2026-08-03 05:40:00+00:00,AWS-001,21.36,991.01,68.78,28.6139,77.209,216.0,False,NORMAL,NONE,False,none,21.36,991.01,68.78,{}
2026-08-03 05:45:00+00:00,AWS-001,21.43,990.97,68.61,28.6139,77.209,216.0,False,NORMAL,NONE,False,none,21.43,990.97,68.61,{}
2026-08-03 05:50:00+00:00,AWS-001,21.63,991.01,67.23,28.6139,77.209,216.0,False,NORMAL,NONE,False,none,21.63,991.01,67.23,{}
2026-08-03 05:55:00+00:00,AWS-001,21.43,991.02,68.75,28.6139,77.209,216.0,False,NORMAL,NONE,False,none,21.43,991.02,68.75,{}
2026-08-03 06:00:00+00:00,AWS-001,21.59,991.07,68.18,28.6139,77.209,216.0,False,NORMAL,NONE,False,none,21.59,991.07,68.18,{}
2026-08-03 06:05:00+00:00,AWS-001,21.65,991.12,67.57,28.6139,77.209,216.0,False,NORMAL,NONE,False,none,21.65,991.12,67.57,{}
2026-08-03 06:10:00+00:00,AWS-001,22.09,991.08,66.01,28.6139,77.209,216.0,False,NORMAL,NONE,False,none,22.09,991.08,66.01,{}
2026-08-03 06:15:00+00:00,AWS-001,22.16,991.04,64.76,28.6139,77.209,216.0,False,NORMAL,NONE,False,none,22.16,991.04,64.76,{}
2026-08-03 06:20:00+00:00,AWS-001,22.54,991.06,62.43,28.6139,77.209,216.0,False,NORMAL,NONE,False,none,22.54,991.06,62.43,{}
2026-08-03 06:25:00+00:00,AWS-001,22.43,991.05,62.51,28.6139,77.209,216.0,False,NORMAL,NONE,False,none,22.43,991.05,62.51,{}
2026-08-03 06:30:00+00:00,AWS-001,22.64,991.03,62.33,28.6139,77.209,216.0,False,NORMAL,NONE,False,none,22.64,991.03,62.33,{}
2026-08-03 06:35:00+00:00,AWS-001,22.78,991.17,62.06,28.6139,77.209,216.0,False,NORMAL,NONE,False,none,22.78,991.17,62.06,{}
2026-08-03 06:40:00+00:00,AWS-001,22.73,991.12,63.17,28.6139,77.209,216.0,False,NORMAL,NONE,False,none,22.73,991.12,63.17,{}
2026-08-03 06:45:00+00:00,AWS-001,22.88,991.27,62.14,28.6139,77.209,216.0,False,NORMAL,NONE,False,none,22.88,991.27,62.14,{}
2026-08-03 06:50:00+00:00,AWS-001,23.2,991.32,61.48,28.6139,77.209,216.0,False,NORMAL,NONE,False,none,23.2,991.32,61.48,{}
2026-08-03 06:55:00+00:00,AWS-001,23.24,991.4,61.36,28.6139,77.209,216.0,False,NORMAL,NONE,False,none,23.24,991.4,61.36,{}
2026-08-03 07:00:00+00:00,AWS-001,23.06,991.48,61.51,28.6139,77.209,216.0,False,NORMAL,NONE,False,none,23.06,991.48,61.51,{}
2026-08-03 07:05:00+00:00,AWS-001,23.2,991.53,61.39,28.6139,77.209,216.0,False,NORMAL,NONE,False,none,23.2,991.53,61.39,{}
2026-08-03 07:10:00+00:00,AWS-001,23.2,991.65,61.47,28.6139,77.209,216.0,False,NORMAL,NONE,False,none,23.2,991.65,61.47,{}
2026-08-03 07:15:00+00:00,AWS-001,23.3,991.59,60.77,28.6139,77.209,216.0,False,NORMAL,NONE,False,none,23.3,991.59,60.77,{}
2026-08-03 07:20:00+00:00,AWS-001,23.45,991.6,60.36,28.6139,77.209,216.0,False,NORMAL,NONE,False,none,23.45,991.6,60.36,{}
2026-08-03 07:25:00+00:00,AWS-001,23.34,991.56,60.83,28.6139,77.209,216.0,False,NORMAL,NONE,False,none,23.34,991.56,60.83,{}
2026-08-03 07:30:00+00:00,AWS-001,23.26,991.48,61.1,28.6139,77.209,216.0,False,NORMAL,NONE,False,none,23.26,991.48,61.1,{}
2026-08-03 07:35:00+00:00,AWS-001,23.57,991.47,59.82,28.6139,77.209,216.0,False,NORMAL,NONE,False,none,23.57,991.47,59.82,{}
2026-08-03 07:40:00+00:00,AWS-001,23.68,991.61,58.69,28.6139,77.209,216.0,False,NORMAL,NONE,False,none,23.68,991.61,58.69,{}
2026-08-03 07:45:00+00:00,AWS-001,23.46,991.62,59.76,28.6139,77.209,216.0,False,NORMAL,NONE,False,none,23.46,991.62,59.76,{}
2026-08-03 07:50:00+00:00,AWS-001,23.84,991.76,58.05,28.6139,77.209,216.0,False,NORMAL,NONE,False,none,23.84,991.76,58.05,{}
2026-08-03 07:55:00+00:00,AWS-001,24.11,991.89,56.68,28.6139,77.209,216.0,False,NORMAL,NONE,False,none,24.11,991.89,56.68,{}
2026-08-03 08:00:00+00:00,AWS-001,24.2,992.07,56.5,28.6139,77.209,216.0,False,NORMAL,NONE,False,none,24.2,992.07,56.5,{}
2026-08-03 08:05:00+00:00,AWS-001,24.19,992.16,57.25,28.6139,77.209,216.0,False,NORMAL,NONE,False,none,24.19,992.16,57.25,{}
2026-08-03 08:10:00+00:00,AWS-001,24.56,992.28,56.24,28.6139,77.209,216.0,False,NORMAL,NONE,False,none,24.56,992.28,56.24,{}
2026-08-03 08:15:00+00:00,AWS-001,24.83,992.27,55.12,28.6139,77.209,216.0,False,NORMAL,NONE,False,none,24.83,992.27,55.12,{}
2026-08-03 08:20:00+00:00,AWS-001,25.41,992.25,52.98,28.6139,77.209,216.0,False,NORMAL,NONE,False,none,25.41,992.25,52.98,{}
2026-08-03 08:25:00+00:00,AWS-001,25.62,992.23,52.89,28.6139,77.209,216.0,False,NORMAL,NONE,False,none,25.62,992.23,52.89,{}
2026-08-03 08:30:00+00:00,AWS-001,25.81,992.2,50.85,28.6139,77.209,216.0,False,NORMAL,NONE,False,none,25.81,992.2,50.85,{}
2026-08-03 08:35:00+00:00,AWS-001,25.91,992.18,51.35,28.6139,77.209,216.0,False,NORMAL,NONE,False,none,25.91,992.18,51.35,{}
2026-08-03 08:40:00+00:00,AWS-001,26.17,992.2,49.52,28.6139,77.209,216.0,False,NORMAL,NONE,False,none,26.17,992.2,49.52,{}
2026-08-03 08:45:00+00:00,AWS-001,26.39,992.14,48.29,28.6139,77.209,216.0,False,NORMAL,NONE,False,none,26.39,992.14,48.29,{}
2026-08-03 08:50:00+00:00,AWS-001,26.7,992.03,47.44,28.6139,77.209,216.0,False,NORMAL,NONE,False,none,26.7,992.03,47.44,{}
2026-08-03 08:55:00+00:00,AWS-001,26.7,992.03,49.22,28.6139,77.209,216.0,False,NORMAL,NONE,False,none,26.7,992.03,49.22,{}
2026-08-03 09:00:00+00:00,AWS-001,26.73,991.97,50.32,28.6139,77.209,216.0,False,NORMAL,NONE,False,none,26.73,991.97,50.32,{}
2026-08-03 09:05:00+00:00,AWS-001,26.76,991.91,50.61,28.6139,77.209,216.0,False,NORMAL,NONE,False,none,26.76,991.91,50.61,{}
2026-08-03 09:10:00+00:00,AWS-001,27.02,991.89,49.97,28.6139,77.209,216.0,False,NORMAL,NONE,False,none,27.02,991.89,49.97,{}
2026-08-03 09:15:00+00:00,AWS-001,27.38,991.85,47.64,28.6139,77.209,216.0,False,NORMAL,NONE,False,none,27.38,991.85,47.64,{}
2026-08-03 09:20:00+00:00,AWS-001,27.38,991.89,47.77,28.6139,77.209,216.0,False,NORMAL,NONE,False,none,27.38,991.89,47.77,{}
2026-08-03 09:25:00+00:00,AWS-001,27.41,991.86,47.38,28.6139,77.209,216.0,False,NORMAL,NONE,False,none,27.41,991.86,47.38,{}
2026-08-03 09:30:00+00:00,AWS-001,27.58,991.9,46.49,28.6139,77.209,216.0,False,NORMAL,NONE,False,none,27.58,991.9,46.49,{}
2026-08-03 09:35:00+00:00,AWS-001,27.64,991.88,46.54,28.6139,77.209,216.0,False,NORMAL,NONE,False,none,27.64,991.88,46.54,{}
2026-08-03 09:40:00+00:00,AWS-001,27.92,991.84,45.6,28.6139,77.209,216.0,False,NORMAL,NONE,False,none,27.92,991.84,45.6,{}
2026-08-03 09:45:00+00:00,AWS-001,27.64,991.81,47.04,28.6139,77.209,216.0,False,NORMAL,NONE,False,none,27.64,991.81,47.04,{}
2026-08-03 09:50:00+00:00,AWS-001,27.65,991.7,45.83,28.6139,77.209,216.0,False,NORMAL,NONE,False,none,27.65,991.7,45.83,{}
2026-08-03 09:55:00+00:00,AWS-001,27.68,991.68,46.0,28.6139,77.209,216.0,False,NORMAL,NONE,False,none,27.68,991.68,46.0,{}
2026-08-03 10:00:00+00:00,AWS-001,27.46,991.69,46.2,28.6139,77.209,216.0,False,NORMAL,NONE,False,none,27.46,991.69,46.2,{}
2026-08-03 10:05:00+00:00,AWS-001,27.52,991.71,46.02,28.6139,77.209,216.0,False,NORMAL,NONE,False,none,27.52,991.71,46.02,{}
2026-08-03 10:10:00+00:00,AWS-001,27.58,991.58,46.25,28.6139,77.209,216.0,False,NORMAL,NONE,False,none,27.58,991.58,46.25,{}
2026-08-03 10:15:00+00:00,AWS-001,27.78,991.45,45.18,28.6139,77.209,216.0,False,NORMAL,NONE,False,none,27.78,991.45,45.18,{}
2026-08-03 10:20:00+00:00,AWS-001,28.18,991.38,44.44,28.6139,77.209,216.0,False,NORMAL,NONE,False,none,28.18,991.38,44.44,{}
2026-08-03 10:25:00+00:00,AWS-001,28.32,991.42,44.12,28.6139,77.209,216.0,False,NORMAL,NONE,False,none,28.32,991.42,44.12,{}
2026-08-03 10:30:00+00:00,AWS-001,28.33,991.39,43.86,28.6139,77.209,216.0,False,NORMAL,NONE,False,none,28.33,991.39,43.86,{}
2026-08-03 10:35:00+00:00,AWS-001,28.51,991.29,43.29,28.6139,77.209,216.0,False,NORMAL,NONE,False,none,28.51,991.29,43.29,{}
2026-08-03 10:40:00+00:00,AWS-001,28.87,991.15,42.5,28.6139,77.209,216.0,False,NORMAL,NONE,False,none,28.87,991.15,42.5,{}
2026-08-03 10:45:00+00:00,AWS-001,28.86,991.07,42.24,28.6139,77.209,216.0,False,NORMAL,NONE,False,none,28.86,991.07,42.24,{}
2026-08-03 10:50:00+00:00,AWS-001,28.87,990.98,42.45,28.6139,77.209,216.0,False,NORMAL,NONE,False,none,28.87,990.98,42.45,{}
2026-08-03 10:55:00+00:00,AWS-001,29.14,990.99,41.8,28.6139,77.209,216.0,False,NORMAL,NONE,False,none,29.14,990.99,41.8,{}
2026-08-03 11:00:00+00:00,AWS-001,29.26,991.0,41.32,28.6139,77.209,216.0,False,NORMAL,NONE,False,none,29.26,991.0,41.32,{}
2026-08-03 11:05:00+00:00,AWS-001,29.52,990.88,41.91,28.6139,77.209,216.0,False,NORMAL,NONE,False,none,29.52,990.88,41.91,{}
2026-08-03 11:10:00+00:00,AWS-001,29.65,990.87,41.89,28.6139,77.209,216.0,False,NORMAL,NONE,False,none,29.65,990.87,41.89,{}
2026-08-03 11:15:00+00:00,AWS-001,29.9,990.84,41.05,28.6139,77.209,216.0,False,NORMAL,NONE,False,none,29.9,990.84,41.05,{}
2026-08-03 11:20:00+00:00,AWS-001,29.84,990.71,41.32,28.6139,77.209,216.0,False,NORMAL,NONE,False,none,29.84,990.71,41.32,{}
2026-08-03 11:25:00+00:00,AWS-001,29.96,990.64,40.38,28.6139,77.209,216.0,False,NORMAL,NONE,False,none,29.96,990.64,40.38,{}
2026-08-03 11:30:00+00:00,AWS-001,30.05,990.59,40.0,28.6139,77.209,216.0,False,NORMAL,NONE,False,none,30.05,990.59,40.0,{}
2026-08-03 11:35:00+00:00,AWS-001,29.97,990.53,40.11,28.6139,77.209,216.0,False,NORMAL,NONE,False,none,29.97,990.53,40.11,{}
2026-08-03 11:40:00+00:00,AWS-001,29.85,990.36,39.74,28.6139,77.209,216.0,False,NORMAL,NONE,False,none,29.85,990.36,39.74,{}
2026-08-03 11:45:00+00:00,AWS-001,30.13,990.3,39.56,28.6139,77.209,216.0,False,NORMAL,NONE,False,none,30.13,990.3,39.56,{}
2026-08-03 11:50:00+00:00,AWS-001,30.22,990.27,39.21,28.6139,77.209,216.0,False,NORMAL,NONE,False,none,30.22,990.27,39.21,{}
2026-08-03 11:55:00+00:00,AWS-001,30.19,990.29,39.23,28.6139,77.209,216.0,False,NORMAL,NONE,False,none,30.19,990.29,39.23,{}
2026-08-03 12:00:00+00:00,AWS-001,30.32,990.17,38.75,28.6139,77.209,216.0,False,NORMAL,NONE,False,none,30.32,990.17,38.75,{}
2026-08-03 12:05:00+00:00,AWS-001,30.65,990.05,40.07,28.6139,77.209,216.0,False,NORMAL,NONE,False,none,30.65,990.05,40.07,{}
2026-08-03 12:10:00+00:00,AWS-001,30.39,989.96,40.16,28.6139,77.209,216.0,False,NORMAL,NONE,False,none,30.39,989.96,40.16,{}
2026-08-03 12:15:00+00:00,AWS-001,30.29,989.9,39.06,28.6139,77.209,216.0,False,NORMAL,NONE,False,none,30.29,989.9,39.06,{}
2026-08-03 12:20:00+00:00,AWS-001,30.3,989.82,38.18,28.6139,77.209,216.0,False,NORMAL,NONE,False,none,30.3,989.82,38.18,{}
2026-08-03 12:25:00+00:00,AWS-001,30.72,989.78,38.01,28.6139,77.209,216.0,False,NORMAL,NONE,False,none,30.72,989.78,38.01,{}
2026-08-03 12:30:00+00:00,AWS-001,30.9,989.62,38.64,28.6139,77.209,216.0,False,NORMAL,NONE,False,none,30.9,989.62,38.64,{}
2026-08-03 12:35:00+00:00,AWS-001,31.14,989.56,37.69,28.6139,77.209,216.0,False,NORMAL,NONE,False,none,31.14,989.56,37.69,{}
2026-08-03 12:40:00+00:00,AWS-001,31.05,989.43,38.8,28.6139,77.209,216.0,False,NORMAL,NONE,False,none,31.05,989.43,38.8,{}
2026-08-03 12:45:00+00:00,AWS-001,30.97,989.34,39.39,28.6139,77.209,216.0,False,NORMAL,NONE,False,none,30.97,989.34,39.39,{}
2026-08-03 12:50:00+00:00,AWS-001,31.17,989.36,38.72,28.6139,77.209,216.0,False,NORMAL,NONE,False,none,31.17,989.36,38.72,{}
2026-08-03 12:55:00+00:00,AWS-001,31.28,989.18,38.23,28.6139,77.209,216.0,False,NORMAL,NONE,False,none,31.28,989.18,38.23,{}
2026-08-03 13:00:00+00:00,AWS-001,31.47,989.08,37.9,28.6139,77.209,216.0,False,NORMAL,NONE,False,none,31.47,989.08,37.9,{}
2026-08-03 13:05:00+00:00,AWS-001,31.51,988.92,38.3,28.6139,77.209,216.0,False,NORMAL,NONE,False,none,31.51,988.92,38.3,{}
2026-08-03 13:10:00+00:00,AWS-001,31.63,988.85,38.17,28.6139,77.209,216.0,False,NORMAL,NONE,False,none,31.63,988.85,38.17,{}
2026-08-03 13:15:00+00:00,AWS-001,31.72,988.83,37.4,28.6139,77.209,216.0,False,NORMAL,NONE,False,none,31.72,988.83,37.4,{}
2026-08-03 13:20:00+00:00,AWS-001,31.9,988.76,36.84,28.6139,77.209,216.0,False,NORMAL,NONE,False,none,31.9,988.76,36.84,{}
2026-08-03 13:25:00+00:00,AWS-001,32.07,988.66,37.7,28.6139,77.209,216.0,False,NORMAL,NONE,False,none,32.07,988.66,37.7,{}
2026-08-03 13:30:00+00:00,AWS-001,31.82,988.66,38.16,28.6139,77.209,216.0,False,NORMAL,NONE,False,none,31.82,988.66,38.16,{}
2026-08-03 13:35:00+00:00,AWS-001,31.5,988.58,39.18,28.6139,77.209,216.0,False,NORMAL,NONE,False,none,31.5,988.58,39.18,{}
2026-08-03 13:40:00+00:00,AWS-001,31.75,988.54,38.71,28.6139,77.209,216.0,False,NORMAL,NONE,False,none,31.75,988.54,38.71,{}
2026-08-03 13:45:00+00:00,AWS-001,32.01,988.49,38.08,28.6139,77.209,216.0,False,NORMAL,NONE,False,none,32.01,988.49,38.08,{}
2026-08-03 13:50:00+00:00,AWS-001,31.87,988.22,38.17,28.6139,77.209,216.0,False,NORMAL,NONE,False,none,31.87,988.22,38.17,{}
2026-08-03 13:55:00+00:00,AWS-001,31.6,988.13,39.06,28.6139,77.209,216.0,False,NORMAL,NONE,False,none,31.6,988.13,39.06,{}
2026-08-03 14:00:00+00:00,AWS-001,31.7,987.99,39.03,28.6139,77.209,216.0,False,NORMAL,NONE,False,none,31.7,987.99,39.03,{}
2026-08-03 14:05:00+00:00,AWS-001,31.92,987.87,38.42,28.6139,77.209,216.0,False,NORMAL,NONE,False,none,31.92,987.87,38.42,{}
2026-08-03 14:10:00+00:00,AWS-001,32.25,987.88,37.0,28.6139,77.209,216.0,False,NORMAL,NONE,False,none,32.25,987.88,37.0,{}
2026-08-03 14:15:00+00:00,AWS-001,32.33,987.78,36.9,28.6139,77.209,216.0,False,NORMAL,NONE,False,none,32.33,987.78,36.9,{}
2026-08-03 14:20:00+00:00,AWS-001,32.26,987.82,36.82,28.6139,77.209,216.0,False,NORMAL,NONE,False,none,32.26,987.82,36.82,{}
2026-08-03 14:25:00+00:00,AWS-001,32.1,987.65,36.78,28.6139,77.209,216.0,False,NORMAL,NONE,False,none,32.1,987.65,36.78,{}
2026-08-03 14:30:00+00:00,AWS-001,32.11,987.51,38.35,28.6139,77.209,216.0,False,NORMAL,NONE,False,none,32.11,987.51,38.35,{}
2026-08-03 14:35:00+00:00,AWS-001,32.06,987.49,37.13,28.6139,77.209,216.0,False,NORMAL,NONE,False,none,32.06,987.49,37.13,{}
2026-08-03 14:40:00+00:00,AWS-001,31.9,987.4,37.92,28.6139,77.209,216.0,False,NORMAL,NONE,False,none,31.9,987.4,37.92,{}
2026-08-03 14:45:00+00:00,AWS-001,32.26,987.35,36.41,28.6139,77.209,216.0,False,NORMAL,NONE,False,none,32.26,987.35,36.41,{}
2026-08-03 14:50:00+00:00,AWS-001,32.53,987.28,35.85,28.6139,77.209,216.0,False,NORMAL,NONE,False,none,32.53,987.28,35.85,{}
2026-08-03 14:55:00+00:00,AWS-001,32.66,987.2,37.12,28.6139,77.209,216.0,False,NORMAL,NONE,False,none,32.66,987.2,37.12,{}
2026-08-03 15:00:00+00:00,AWS-001,32.42,987.12,36.64,28.6139,77.209,216.0,False,NORMAL,NONE,False,none,32.42,987.12,36.64,{}
2026-08-03 15:05:00+00:00,AWS-001,32.51,987.07,35.83,28.6139,77.209,216.0,False,NORMAL,NONE,False,none,32.51,987.07,35.83,{}
2026-08-03 15:10:00+00:00,AWS-001,32.54,987.05,35.66,28.6139,77.209,216.0,False,NORMAL,NONE,False,none,32.54,987.05,35.66,{}
2026-08-03 15:15:00+00:00,AWS-001,32.53,987.08,35.07,28.6139,77.209,216.0,False,NORMAL,NONE,False,none,32.53,987.08,35.07,{}
2026-08-03 15:20:00+00:00,AWS-001,32.65,987.01,35.4,28.6139,77.209,216.0,False,NORMAL,NONE,False,none,32.65,987.01,35.4,{}
2026-08-03 15:25:00+00:00,AWS-001,32.64,986.92,35.0,28.6139,77.209,216.0,False,NORMAL,NONE,False,none,32.64,986.92,35.0,{}
2026-08-03 15:30:00+00:00,AWS-001,32.65,986.83,35.38,28.6139,77.209,216.0,False,NORMAL,NONE,False,none,32.65,986.83,35.38,{}
2026-08-03 15:35:00+00:00,AWS-001,32.63,986.86,34.5,28.6139,77.209,216.0,False,NORMAL,NONE,False,none,32.63,986.86,34.5,{}
2026-08-03 15:40:00+00:00,AWS-001,32.56,986.84,33.57,28.6139,77.209,216.0,False,NORMAL,NONE,False,none,32.56,986.84,33.57,{}
2026-08-03 15:45:00+00:00,AWS-001,32.13,986.67,34.5,28.6139,77.209,216.0,False,NORMAL,NONE,False,none,32.13,986.67,34.5,{}
2026-08-03 15:50:00+00:00,AWS-001,32.06,986.51,33.86,28.6139,77.209,216.0,False,NORMAL,NONE,False,none,32.06,986.51,33.86,{}
2026-08-03 15:55:00+00:00,AWS-001,31.88,986.43,35.52,28.6139,77.209,216.0,False,NORMAL,NONE,False,none,31.88,986.43,35.52,{}
2026-08-03 16:00:00+00:00,AWS-001,31.6,986.41,35.28,28.6139,77.209,216.0,False,NORMAL,NONE,False,none,31.6,986.41,35.28,{}
2026-08-03 16:05:00+00:00,AWS-001,31.83,986.38,34.4,28.6139,77.209,216.0,False,NORMAL,NONE,False,none,31.83,986.38,34.4,{}
2026-08-03 16:10:00+00:00,AWS-001,32.03,986.38,34.56,28.6139,77.209,216.0,False,NORMAL,NONE,False,none,32.03,986.38,34.56,{}
2026-08-03 16:15:00+00:00,AWS-001,32.14,986.34,34.2,28.6139,77.209,216.0,False,NORMAL,NONE,False,none,32.14,986.34,34.2,{}
2026-08-03 16:20:00+00:00,AWS-001,32.04,986.39,33.69,28.6139,77.209,216.0,False,NORMAL,NONE,False,none,32.04,986.39,33.69,{}
2026-08-03 16:25:00+00:00,AWS-001,32.12,986.41,35.17,28.6139,77.209,216.0,False,NORMAL,NONE,False,none,32.12,986.41,35.17,{}
2026-08-03 16:30:00+00:00,AWS-001,31.96,986.38,34.97,28.6139,77.209,216.0,False,NORMAL,NONE,False,none,31.96,986.38,34.97,{}
2026-08-03 16:35:00+00:00,AWS-001,31.84,986.41,35.27,28.6139,77.209,216.0,False,NORMAL,NONE,False,none,31.84,986.41,35.27,{}
2026-08-03 16:40:00+00:00,AWS-001,31.51,986.28,36.01,28.6139,77.209,216.0,False,NORMAL,NONE,False,none,31.51,986.28,36.01,{}
2026-08-03 16:45:00+00:00,AWS-001,31.45,986.25,36.75,28.6139,77.209,216.0,False,NORMAL,NONE,False,none,31.45,986.25,36.75,{}
2026-08-03 16:50:00+00:00,AWS-001,31.33,986.24,37.36,28.6139,77.209,216.0,False,NORMAL,NONE,False,none,31.33,986.24,37.36,{}
2026-08-03 16:55:00+00:00,AWS-001,30.99,986.26,37.6,28.6139,77.209,216.0,False,NORMAL,NONE,False,none,30.99,986.26,37.6,{}
2026-08-03 17:00:00+00:00,AWS-001,30.89,986.13,37.72,28.6139,77.209,216.0,False,NORMAL,NONE,False,none,30.89,986.13,37.72,{}
2026-08-03 17:05:00+00:00,AWS-001,30.78,986.11,37.93,28.6139,77.209,216.0,False,NORMAL,NONE,False,none,30.78,986.11,37.93,{}
2026-08-03 17:10:00+00:00,AWS-001,30.98,986.12,38.07,28.6139,77.209,216.0,False,NORMAL,NONE,False,none,30.98,986.12,38.07,{}
2026-08-03 17:15:00+00:00,AWS-001,30.99,986.14,37.32,28.6139,77.209,216.0,False,NORMAL,NONE,False,none,30.99,986.14,37.32,{}
2026-08-03 17:20:00+00:00,AWS-001,30.85,986.2,39.05,28.6139,77.209,216.0,False,NORMAL,NONE,False,none,30.85,986.2,39.05,{}
2026-08-03 17:25:00+00:00,AWS-001,30.74,986.23,38.72,28.6139,77.209,216.0,False,NORMAL,NONE,False,none,30.74,986.23,38.72,{}
2026-08-03 17:30:00+00:00,AWS-001,30.6,986.22,39.03,28.6139,77.209,216.0,False,NORMAL,NONE,False,none,30.6,986.22,39.03,{}
2026-08-03 17:35:00+00:00,AWS-001,30.43,986.24,38.7,28.6139,77.209,216.0,False,NORMAL,NONE,False,none,30.43,986.24,38.7,{}
2026-08-03 17:40:00+00:00,AWS-001,30.11,986.22,38.71,28.6139,77.209,216.0,False,NORMAL,NONE,False,none,30.11,986.22,38.71,{}
2026-08-03 17:45:00+00:00,AWS-001,29.97,986.22,38.7,28.6139,77.209,216.0,False,NORMAL,NONE,False,none,29.97,986.22,38.7,{}
2026-08-03 17:50:00+00:00,AWS-001,29.74,986.25,38.9,28.6139,77.209,216.0,False,NORMAL,NONE,False,none,29.74,986.25,38.9,{}
2026-08-03 17:55:00+00:00,AWS-001,29.43,986.24,39.69,28.6139,77.209,216.0,False,NORMAL,NONE,False,none,29.43,986.24,39.69,{}
2026-08-03 18:00:00+00:00,AWS-001,29.44,986.25,39.36,28.6139,77.209,216.0,False,NORMAL,NONE,False,none,29.44,986.25,39.36,{}
2026-08-03 18:05:00+00:00,AWS-001,29.41,986.3,40.22,28.6139,77.209,216.0,False,NORMAL,NONE,False,none,29.41,986.3,40.22,{}
2026-08-03 18:10:00+00:00,AWS-001,29.01,986.33,40.94,28.6139,77.209,216.0,False,NORMAL,NONE,False,none,29.01,986.33,40.94,{}
2026-08-03 18:15:00+00:00,AWS-001,28.92,986.39,40.88,28.6139,77.209,216.0,False,NORMAL,NONE,False,none,28.92,986.39,40.88,{}
2026-08-03 18:20:00+00:00,AWS-001,29.0,986.51,40.73,28.6139,77.209,216.0,False,NORMAL,NONE,False,none,29.0,986.51,40.73,{}
2026-08-03 18:25:00+00:00,AWS-001,29.08,986.53,41.48,28.6139,77.209,216.0,False,NORMAL,NONE,False,none,29.08,986.53,41.48,{}
2026-08-03 18:30:00+00:00,AWS-001,29.12,986.48,41.67,28.6139,77.209,216.0,False,NORMAL,NONE,False,none,29.12,986.48,41.67,{}
2026-08-03 18:35:00+00:00,AWS-001,28.98,986.49,42.08,28.6139,77.209,216.0,False,NORMAL,NONE,False,none,28.98,986.49,42.08,{}
2026-08-03 18:40:00+00:00,AWS-001,28.69,986.49,42.01,28.6139,77.209,216.0,False,NORMAL,NONE,False,none,28.69,986.49,42.01,{}
2026-08-03 18:45:00+00:00,AWS-001,28.38,986.51,42.31,28.6139,77.209,216.0,False,NORMAL,NONE,False,none,28.38,986.51,42.31,{}
2026-08-03 18:50:00+00:00,AWS-001,28.32,986.58,41.94,28.6139,77.209,216.0,False,NORMAL,NONE,False,none,28.32,986.58,41.94,{}
2026-08-03 18:55:00+00:00,AWS-001,28.27,986.46,43.29,28.6139,77.209,216.0,False,NORMAL,NONE,False,none,28.27,986.46,43.29,{}
2026-08-03 19:00:00+00:00,AWS-001,28.35,986.53,43.6,28.6139,77.209,216.0,False,NORMAL,NONE,False,none,28.35,986.53,43.6,{}
2026-08-03 19:05:00+00:00,AWS-001,28.38,986.62,43.11,28.6139,77.209,216.0,False,NORMAL,NONE,False,none,28.38,986.62,43.11,{}
2026-08-03 19:10:00+00:00,AWS-001,28.18,986.63,43.45,28.6139,77.209,216.0,False,NORMAL,NONE,False,none,28.18,986.63,43.45,{}
2026-08-03 19:15:00+00:00,AWS-001,27.8,986.64,44.13,28.6139,77.209,216.0,False,NORMAL,NONE,False,none,27.8,986.64,44.13,{}
2026-08-03 19:20:00+00:00,AWS-001,27.61,986.6,44.34,28.6139,77.209,216.0,False,NORMAL,NONE,False,none,27.61,986.6,44.34,{}
2026-08-03 19:25:00+00:00,AWS-001,27.51,986.57,45.2,28.6139,77.209,216.0,False,NORMAL,NONE,False,none,27.51,986.57,45.2,{}
2026-08-03 19:30:00+00:00,AWS-001,27.33,986.59,45.71,28.6139,77.209,216.0,False,NORMAL,NONE,False,none,27.33,986.59,45.71,{}
2026-08-03 19:35:00+00:00,AWS-001,27.1,986.61,47.88,28.6139,77.209,216.0,False,NORMAL,NONE,False,none,27.1,986.61,47.88,{}
2026-08-03 19:40:00+00:00,AWS-001,27.02,986.62,48.88,28.6139,77.209,216.0,False,NORMAL,NONE,False,none,27.02,986.62,48.88,{}
2026-08-03 19:45:00+00:00,AWS-001,26.8,986.63,50.18,28.6139,77.209,216.0,False,NORMAL,NONE,False,none,26.8,986.63,50.18,{}
2026-08-03 19:50:00+00:00,AWS-001,26.57,986.66,51.02,28.6139,77.209,216.0,False,NORMAL,NONE,False,none,26.57,986.66,51.02,{}
2026-08-03 19:55:00+00:00,AWS-001,26.51,986.68,50.67,28.6139,77.209,216.0,False,NORMAL,NONE,False,none,26.51,986.68,50.67,{}
2026-08-03 20:00:00+00:00,AWS-001,26.32,986.58,51.41,28.6139,77.209,216.0,False,NORMAL,NONE,False,none,26.32,986.58,51.41,{}
2026-08-03 20:05:00+00:00,AWS-001,26.24,986.6,51.2,28.6139,77.209,216.0,False,NORMAL,NONE,False,none,26.24,986.6,51.2,{}
2026-08-03 20:10:00+00:00,AWS-001,26.16,986.68,52.32,28.6139,77.209,216.0,False,NORMAL,NONE,False,none,26.16,986.68,52.32,{}
2026-08-03 20:15:00+00:00,AWS-001,25.83,986.65,53.27,28.6139,77.209,216.0,False,NORMAL,NONE,False,none,25.83,986.65,53.27,{}
2026-08-03 20:20:00+00:00,AWS-001,25.64,986.7,53.74,28.6139,77.209,216.0,False,NORMAL,NONE,False,none,25.64,986.7,53.74,{}
2026-08-03 20:25:00+00:00,AWS-001,25.77,986.6,53.15,28.6139,77.209,216.0,False,NORMAL,NONE,False,none,25.77,986.6,53.15,{}
2026-08-03 20:30:00+00:00,AWS-001,25.44,986.56,55.04,28.6139,77.209,216.0,False,NORMAL,NONE,False,none,25.44,986.56,55.04,{}
2026-08-03 20:35:00+00:00,AWS-001,24.97,986.49,55.25,28.6139,77.209,216.0,False,NORMAL,NONE,False,none,24.97,986.49,55.25,{}
2026-08-03 20:40:00+00:00,AWS-001,24.59,986.54,57.5,28.6139,77.209,216.0,False,NORMAL,NONE,False,none,24.59,986.54,57.5,{}
2026-08-03 20:45:00+00:00,AWS-001,24.54,986.6,57.2,28.6139,77.209,216.0,False,NORMAL,NONE,False,none,24.54,986.6,57.2,{}
2026-08-03 20:50:00+00:00,AWS-001,24.49,986.55,56.23,28.6139,77.209,216.0,False,NORMAL,NONE,False,none,24.49,986.55,56.23,{}
2026-08-03 20:55:00+00:00,AWS-001,24.4,986.57,55.96,28.6139,77.209,216.0,False,NORMAL,NONE,False,none,24.4,986.57,55.96,{}
2026-08-03 21:00:00+00:00,AWS-001,24.53,986.62,54.49,28.6139,77.209,216.0,False,NORMAL,NONE,False,none,24.53,986.62,54.49,{}
2026-08-03 21:05:00+00:00,AWS-001,23.98,986.56,56.93,28.6139,77.209,216.0,False,NORMAL,NONE,False,none,23.98,986.56,56.93,{}
2026-08-03 21:10:00+00:00,AWS-001,23.98,986.51,56.31,28.6139,77.209,216.0,False,NORMAL,NONE,False,none,23.98,986.51,56.31,{}
2026-08-03 21:15:00+00:00,AWS-001,24.17,986.5,55.94,28.6139,77.209,216.0,False,NORMAL,NONE,False,none,24.17,986.5,55.94,{}
2026-08-03 21:20:00+00:00,AWS-001,23.87,986.39,57.8,28.6139,77.209,216.0,False,NORMAL,NONE,False,none,23.87,986.39,57.8,{}
2026-08-03 21:25:00+00:00,AWS-001,23.71,986.34,57.91,28.6139,77.209,216.0,False,NORMAL,NONE,False,none,23.71,986.34,57.91,{}
2026-08-03 21:30:00+00:00,AWS-001,23.5,986.41,58.56,28.6139,77.209,216.0,False,NORMAL,NONE,False,none,23.5,986.41,58.56,{}
2026-08-03 21:35:00+00:00,AWS-001,23.27,986.32,58.63,28.6139,77.209,216.0,False,NORMAL,NONE,False,none,23.27,986.32,58.63,{}
2026-08-03 21:40:00+00:00,AWS-001,23.15,986.3,59.01,28.6139,77.209,216.0,False,NORMAL,NONE,False,none,23.15,986.3,59.01,{}
2026-08-03 21:45:00+00:00,AWS-001,23.32,986.27,60.22,28.6139,77.209,216.0,False,NORMAL,NONE,False,none,23.32,986.27,60.22,{}
2026-08-03 21:50:00+00:00,AWS-001,23.52,986.19,59.91,28.6139,77.209,216.0,False,NORMAL,NONE,False,none,23.52,986.19,59.91,{}
2026-08-03 21:55:00+00:00,AWS-001,23.32,986.13,60.31,28.6139,77.209,216.0,False,NORMAL,NONE,False,none,23.32,986.13,60.31,{}
2026-08-03 22:00:00+00:00,AWS-001,23.5,986.17,59.17,28.6139,77.209,216.0,False,NORMAL,NONE,False,none,23.5,986.17,59.17,{}
2026-08-03 22:05:00+00:00,AWS-001,23.34,986.12,59.71,28.6139,77.209,216.0,False,NORMAL,NONE,False,none,23.34,986.12,59.71,{}
2026-08-03 22:10:00+00:00,AWS-001,23.46,986.08,59.32,28.6139,77.209,216.0,False,NORMAL,NONE,False,none,23.46,986.08,59.32,{}
2026-08-03 22:15:00+00:00,AWS-001,23.25,986.09,59.79,28.6139,77.209,216.0,False,NORMAL,NONE,False,none,23.25,986.09,59.79,{}
2026-08-03 22:20:00+00:00,AWS-001,23.09,985.98,60.73,28.6139,77.209,216.0,False,NORMAL,NONE,False,none,23.09,985.98,60.73,{}
2026-08-03 22:25:00+00:00,AWS-001,22.97,985.83,60.52,28.6139,77.209,216.0,False,NORMAL,NONE,False,none,22.97,985.83,60.52,{}
2026-08-03 22:30:00+00:00,AWS-001,23.33,985.85,58.69,28.6139,77.209,216.0,False,NORMAL,NONE,False,none,23.33,985.85,58.69,{}
2026-08-03 22:35:00+00:00,AWS-001,23.23,985.77,59.4,28.6139,77.209,216.0,False,NORMAL,NONE,False,none,23.23,985.77,59.4,{}
2026-08-03 22:40:00+00:00,AWS-001,22.88,985.73,60.04,28.6139,77.209,216.0,False,NORMAL,NONE,False,none,22.88,985.73,60.04,{}
2026-08-03 22:45:00+00:00,AWS-001,22.84,985.59,60.84,28.6139,77.209,216.0,False,NORMAL,NONE,False,none,22.84,985.59,60.84,{}
2026-08-03 22:50:00+00:00,AWS-001,22.56,985.52,61.95,28.6139,77.209,216.0,False,NORMAL,NONE,False,none,22.56,985.52,61.95,{}
2026-08-03 22:55:00+00:00,AWS-001,22.29,985.36,61.91,28.6139,77.209,216.0,False,NORMAL,NONE,False,none,22.29,985.36,61.91,{}
2026-08-03 23:00:00+00:00,AWS-001,22.27,985.28,62.3,28.6139,77.209,216.0,False,NORMAL,NONE,False,none,22.27,985.28,62.3,{}
2026-08-03 23:05:00+00:00,AWS-001,22.1,985.15,62.1,28.6139,77.209,216.0,False,NORMAL,NONE,False,none,22.1,985.15,62.1,{}
2026-08-03 23:10:00+00:00,AWS-001,21.97,985.01,63.35,28.6139,77.209,216.0,False,NORMAL,NONE,False,none,21.97,985.01,63.35,{}
2026-08-03 23:15:00+00:00,AWS-001,21.81,984.91,64.06,28.6139,77.209,216.0,False,NORMAL,NONE,False,none,21.81,984.91,64.06,{}
2026-08-03 23:20:00+00:00,AWS-001,21.7,984.69,65.84,28.6139,77.209,216.0,False,NORMAL,NONE,False,none,21.7,984.69,65.84,{}
2026-08-03 23:25:00+00:00,AWS-001,21.62,984.55,66.86,28.6139,77.209,216.0,False,NORMAL,NONE,False,none,21.62,984.55,66.86,{}
2026-08-03 23:30:00+00:00,AWS-001,21.14,984.53,68.05,28.6139,77.209,216.0,False,NORMAL,NONE,False,none,21.14,984.53,68.05,{}
2026-08-03 23:35:00+00:00,AWS-001,21.14,984.47,66.78,28.6139,77.209,216.0,False,NORMAL,NONE,False,none,21.14,984.47,66.78,{}
2026-08-03 23:40:00+00:00,AWS-001,20.86,984.33,67.69,28.6139,77.209,216.0,False,NORMAL,NONE,False,none,20.86,984.33,67.69,{}
2026-08-03 23:45:00+00:00,AWS-001,20.52,984.28,68.6,28.6139,77.209,216.0,False,NORMAL,NONE,False,none,20.52,984.28,68.6,{}
2026-08-03 23:50:00+00:00,AWS-001,20.45,984.15,70.4,28.6139,77.209,216.0,False,NORMAL,NONE,False,none,20.45,984.15,70.4,{}
2026-08-03 23:55:00+00:00,AWS-001,20.4,984.11,70.71,28.6139,77.209,216.0,False,NORMAL,NONE,False,none,20.4,984.11,70.71,{}
2026-08-04 00:00:00+00:00,AWS-001,20.16,984.02,72.45,28.6139,77.209,216.0,False,NORMAL,NONE,False,none,20.16,984.02,72.45,{}
2026-08-04 00:05:00+00:00,AWS-001,20.25,983.92,71.87,28.6139,77.209,216.0,False,NORMAL,NONE,False,none,20.25,983.92,71.87,{}
2026-08-04 00:10:00+00:00,AWS-001,19.95,983.82,73.09,28.6139,77.209,216.0,False,NORMAL,NONE,False,none,19.95,983.82,73.09,{}
2026-08-04 00:15:00+00:00,AWS-001,19.84,983.89,73.6,28.6139,77.209,216.0,False,NORMAL,NONE,False,none,19.84,983.89,73.6,{}
2026-08-04 00:20:00+00:00,AWS-001,19.71,983.74,74.95,28.6139,77.209,216.0,False,NORMAL,NONE,False,none,19.71,983.74,74.95,{}
2026-08-04 00:25:00+00:00,AWS-001,19.68,983.66,75.22,28.6139,77.209,216.0,False,NORMAL,NONE,False,none,19.68,983.66,75.22,{}
2026-08-04 00:30:00+00:00,AWS-001,19.69,983.61,74.38,28.6139,77.209,216.0,False,NORMAL,NONE,False,none,19.69,983.61,74.38,{}
2026-08-04 00:35:00+00:00,AWS-001,19.49,983.45,76.37,28.6139,77.209,216.0,False,NORMAL,NONE,False,none,19.49,983.45,76.37,{}
2026-08-04 00:40:00+00:00,AWS-001,19.59,983.26,75.57,28.6139,77.209,216.0,False,NORMAL,NONE,False,none,19.59,983.26,75.57,{}
2026-08-04 00:45:00+00:00,AWS-001,19.57,983.13,75.31,28.6139,77.209,216.0,False,NORMAL,NONE,False,none,19.57,983.13,75.31,{}
2026-08-04 00:50:00+00:00,AWS-001,19.21,983.09,75.15,28.6139,77.209,216.0,False,NORMAL,NONE,False,none,19.21,983.09,75.15,{}
2026-08-04 00:55:00+00:00,AWS-001,18.89,982.98,77.37,28.6139,77.209,216.0,False,NORMAL,NONE,False,none,18.89,982.98,77.37,{}
2026-08-04 01:00:00+00:00,AWS-001,18.92,982.87,77.42,28.6139,77.209,216.0,False,NORMAL,NONE,False,none,18.92,982.87,77.42,{}
2026-08-04 01:05:00+00:00,AWS-001,18.91,982.84,77.64,28.6139,77.209,216.0,False,NORMAL,NONE,False,none,18.91,982.84,77.64,{}
2026-08-04 01:10:00+00:00,AWS-001,18.92,982.69,77.44,28.6139,77.209,216.0,False,NORMAL,NONE,False,none,18.92,982.69,77.44,{}
2026-08-04 01:15:00+00:00,AWS-001,18.94,982.6,77.11,28.6139,77.209,216.0,False,NORMAL,NONE,False,none,18.94,982.6,77.11,{}
2026-08-04 01:20:00+00:00,AWS-001,18.99,982.42,76.76,28.6139,77.209,216.0,False,NORMAL,NONE,False,none,18.99,982.42,76.76,{}
2026-08-04 01:25:00+00:00,AWS-001,19.15,982.35,76.42,28.6139,77.209,216.0,False,NORMAL,NONE,False,none,19.15,982.35,76.42,{}
2026-08-04 01:30:00+00:00,AWS-001,18.96,982.28,77.89,28.6139,77.209,216.0,False,NORMAL,NONE,False,none,18.96,982.28,77.89,{}
2026-08-04 01:35:00+00:00,AWS-001,18.77,982.24,78.68,28.6139,77.209,216.0,False,NORMAL,NONE,False,none,18.77,982.24,78.68,{}
2026-08-04 01:40:00+00:00,AWS-001,18.62,982.09,80.08,28.6139,77.209,216.0,False,NORMAL,NONE,False,none,18.62,982.09,80.08,{}
2026-08-04 01:45:00+00:00,AWS-001,18.71,981.99,79.5,28.6139,77.209,216.0,False,NORMAL,NONE,False,none,18.71,981.99,79.5,{}
2026-08-04 01:50:00+00:00,AWS-001,18.95,981.83,77.96,28.6139,77.209,216.0,False,NORMAL,NONE,False,none,18.95,981.83,77.96,{}
2026-08-04 01:55:00+00:00,AWS-001,18.89,981.74,78.42,28.6139,77.209,216.0,False,NORMAL,NONE,False,none,18.89,981.74,78.42,{}
2026-08-04 02:00:00+00:00,AWS-001,18.48,981.75,79.55,28.6139,77.209,216.0,False,NORMAL,NONE,False,none,18.48,981.75,79.55,{}
2026-08-04 02:05:00+00:00,AWS-001,18.26,981.65,80.94,28.6139,77.209,216.0,False,NORMAL,NONE,False,none,18.26,981.65,80.94,{}
2026-08-04 02:10:00+00:00,AWS-001,18.22,981.49,80.3,28.6139,77.209,216.0,False,NORMAL,NONE,False,none,18.22,981.49,80.3,{}
2026-08-04 02:15:00+00:00,AWS-001,18.22,981.38,79.85,28.6139,77.209,216.0,False,NORMAL,NONE,False,none,18.22,981.38,79.85,{}
2026-08-04 02:20:00+00:00,AWS-001,18.25,981.22,78.7,28.6139,77.209,216.0,False,NORMAL,NONE,False,none,18.25,981.22,78.7,{}
2026-08-04 02:25:00+00:00,AWS-001,18.36,981.08,78.49,28.6139,77.209,216.0,False,NORMAL,NONE,False,none,18.36,981.08,78.49,{}
2026-08-04 02:30:00+00:00,AWS-001,18.39,981.06,79.72,28.6139,77.209,216.0,False,NORMAL,NONE,False,none,18.39,981.06,79.72,{}
2026-08-04 02:35:00+00:00,AWS-001,18.65,980.92,78.51,28.6139,77.209,216.0,False,NORMAL,NONE,False,none,18.65,980.92,78.51,{}
2026-08-04 02:40:00+00:00,AWS-001,18.6,980.89,79.35,28.6139,77.209,216.0,False,NORMAL,NONE,False,none,18.6,980.89,79.35,{}
2026-08-04 02:45:00+00:00,AWS-001,18.52,980.83,81.29,28.6139,77.209,216.0,False,NORMAL,NONE,False,none,18.52,980.83,81.29,{}
2026-08-04 02:50:00+00:00,AWS-001,18.68,980.75,80.59,28.6139,77.209,216.0,False,NORMAL,NONE,False,none,18.68,980.75,80.59,{}
2026-08-04 02:55:00+00:00,AWS-001,18.49,980.71,80.88,28.6139,77.209,216.0,False,NORMAL,NONE,False,none,18.49,980.71,80.88,{}
2026-08-04 03:00:00+00:00,AWS-001,18.65,980.61,79.62,28.6139,77.209,216.0,False,NORMAL,NONE,False,none,18.65,980.61,79.62,{}
2026-08-04 03:05:00+00:00,AWS-001,18.75,980.61,79.14,28.6139,77.209,216.0,False,NORMAL,NONE,False,none,18.75,980.61,79.14,{}
2026-08-04 03:10:00+00:00,AWS-001,18.8,980.52,78.5,28.6139,77.209,216.0,False,NORMAL,NONE,False,none,18.8,980.52,78.5,{}
2026-08-04 03:15:00+00:00,AWS-001,19.14,980.45,76.56,28.6139,77.209,216.0,False,NORMAL,NONE,False,none,19.14,980.45,76.56,{}
2026-08-04 03:20:00+00:00,AWS-001,19.07,980.38,77.6,28.6139,77.209,216.0,False,NORMAL,NONE,False,none,19.07,980.38,77.6,{}
2026-08-04 03:25:00+00:00,AWS-001,19.47,980.38,76.36,28.6139,77.209,216.0,False,NORMAL,NONE,False,none,19.47,980.38,76.36,{}
2026-08-04 03:30:00+00:00,AWS-001,19.44,980.37,75.33,28.6139,77.209,216.0,False,NORMAL,NONE,False,none,19.44,980.37,75.33,{}
2026-08-04 03:35:00+00:00,AWS-001,19.25,980.17,75.79,28.6139,77.209,216.0,False,NORMAL,NONE,False,none,19.25,980.17,75.79,{}
2026-08-04 03:40:00+00:00,AWS-001,19.32,980.16,75.33,28.6139,77.209,216.0,False,NORMAL,NONE,False,none,19.32,980.16,75.33,{}
2026-08-04 03:45:00+00:00,AWS-001,19.19,980.03,76.47,28.6139,77.209,216.0,False,NORMAL,NONE,False,none,19.19,980.03,76.47,{}
2026-08-04 03:50:00+00:00,AWS-001,19.14,979.99,77.51,28.6139,77.209,216.0,False,NORMAL,NONE,False,none,19.14,979.99,77.51,{}
2026-08-04 03:55:00+00:00,AWS-001,19.3,979.96,78.43,28.6139,77.209,216.0,False,NORMAL,NONE,False,none,19.3,979.96,78.43,{}
2026-08-04 04:00:00+00:00,AWS-001,19.47,979.92,77.03,28.6139,77.209,216.0,False,NORMAL,NONE,False,none,19.47,979.92,77.03,{}
2026-08-04 04:05:00+00:00,AWS-001,19.44,979.93,76.73,28.6139,77.209,216.0,False,NORMAL,NONE,False,none,19.44,979.93,76.73,{}
2026-08-04 04:10:00+00:00,AWS-001,19.69,979.96,75.82,28.6139,77.209,216.0,False,NORMAL,NONE,False,none,19.69,979.96,75.82,{}
2026-08-04 04:15:00+00:00,AWS-001,19.94,979.89,74.05,28.6139,77.209,216.0,False,NORMAL,NONE,False,none,19.94,979.89,74.05,{}
2026-08-04 04:20:00+00:00,AWS-001,20.22,979.83,72.62,28.6139,77.209,216.0,False,NORMAL,NONE,False,none,20.22,979.83,72.62,{}
2026-08-04 04:25:00+00:00,AWS-001,20.33,979.82,71.83,28.6139,77.209,216.0,False,NORMAL,NONE,False,none,20.33,979.82,71.83,{}
2026-08-04 04:30:00+00:00,AWS-001,20.58,979.72,69.1,28.6139,77.209,216.0,False,NORMAL,NONE,False,none,20.58,979.72,69.1,{}
2026-08-04 04:35:00+00:00,AWS-001,20.26,979.69,70.81,28.6139,77.209,216.0,False,NORMAL,NONE,False,none,20.26,979.69,70.81,{}
2026-08-04 04:40:00+00:00,AWS-001,20.26,979.77,70.92,28.6139,77.209,216.0,False,NORMAL,NONE,False,none,20.26,979.77,70.92,{}
2026-08-04 04:45:00+00:00,AWS-001,20.17,979.67,72.29,28.6139,77.209,216.0,False,NORMAL,NONE,False,none,20.17,979.67,72.29,{}
2026-08-04 04:50:00+00:00,AWS-001,20.27,979.66,71.88,28.6139,77.209,216.0,False,NORMAL,NONE,False,none,20.27,979.66,71.88,{}
2026-08-04 04:55:00+00:00,AWS-001,20.26,979.63,71.19,28.6139,77.209,216.0,False,NORMAL,NONE,False,none,20.26,979.63,71.19,{}
2026-08-04 05:00:00+00:00,AWS-001,20.33,979.76,70.87,28.6139,77.209,216.0,False,NORMAL,NONE,False,none,20.33,979.76,70.87,{}
2026-08-04 05:05:00+00:00,AWS-001,20.74,979.72,67.89,28.6139,77.209,216.0,False,NORMAL,NONE,False,none,20.74,979.72,67.89,{}
2026-08-04 05:10:00+00:00,AWS-001,20.78,979.7,67.31,28.6139,77.209,216.0,False,NORMAL,NONE,False,none,20.78,979.7,67.31,{}
2026-08-04 05:15:00+00:00,AWS-001,20.92,979.64,67.5,28.6139,77.209,216.0,False,NORMAL,NONE,False,none,20.92,979.64,67.5,{}
2026-08-04 05:20:00+00:00,AWS-001,20.95,979.66,67.49,28.6139,77.209,216.0,False,NORMAL,NONE,False,none,20.95,979.66,67.49,{}
2026-08-04 05:25:00+00:00,AWS-001,21.04,979.69,67.95,28.6139,77.209,216.0,False,NORMAL,NONE,False,none,21.04,979.69,67.95,{}
2026-08-04 05:30:00+00:00,AWS-001,21.13,979.64,66.49,28.6139,77.209,216.0,False,NORMAL,NONE,False,none,21.13,979.64,66.49,{}
2026-08-04 05:35:00+00:00,AWS-001,21.29,979.72,65.97,28.6139,77.209,216.0,False,NORMAL,NONE,False,none,21.29,979.72,65.97,{}
2026-08-04 05:40:00+00:00,AWS-001,21.56,979.75,64.82,28.6139,77.209,216.0,False,NORMAL,NONE,False,none,21.56,979.75,64.82,{}
2026-08-04 05:45:00+00:00,AWS-001,21.9,979.81,64.35,28.6139,77.209,216.0,False,NORMAL,NONE,False,none,21.9,979.81,64.35,{}
2026-08-04 05:50:00+00:00,AWS-001,21.99,979.8,64.58,28.6139,77.209,216.0,False,NORMAL,NONE,False,none,21.99,979.8,64.58,{}
2026-08-04 05:55:00+00:00,AWS-001,22.12,979.83,64.5,28.6139,77.209,216.0,False,NORMAL,NONE,False,none,22.12,979.83,64.5,{}
2026-08-04 06:00:00+00:00,AWS-001,21.97,979.82,66.08,28.6139,77.209,216.0,False,NORMAL,NONE,False,none,21.97,979.82,66.08,{}
2026-08-04 06:05:00+00:00,AWS-001,22.03,979.92,65.47,28.6139,77.209,216.0,False,NORMAL,NONE,False,none,22.03,979.92,65.47,{}
2026-08-04 06:10:00+00:00,AWS-001,22.27,979.94,65.29,28.6139,77.209,216.0,False,NORMAL,NONE,False,none,22.27,979.94,65.29,{}
2026-08-04 06:15:00+00:00,AWS-001,22.48,979.95,63.61,28.6139,77.209,216.0,False,NORMAL,NONE,False,none,22.48,979.95,63.61,{}
2026-08-04 06:20:00+00:00,AWS-001,22.58,979.93,62.49,28.6139,77.209,216.0,False,NORMAL,NONE,False,none,22.58,979.93,62.49,{}
2026-08-04 06:25:00+00:00,AWS-001,22.79,979.91,62.22,28.6139,77.209,216.0,False,NORMAL,NONE,False,none,22.79,979.91,62.22,{}
2026-08-04 06:30:00+00:00,AWS-001,22.92,979.94,60.73,28.6139,77.209,216.0,False,NORMAL,NONE,False,none,22.92,979.94,60.73,{}
2026-08-04 06:35:00+00:00,AWS-001,23.18,980.0,60.27,28.6139,77.209,216.0,False,NORMAL,NONE,False,none,23.18,980.0,60.27,{}
2026-08-04 06:40:00+00:00,AWS-001,23.26,979.98,60.06,28.6139,77.209,216.0,False,NORMAL,NONE,False,none,23.26,979.98,60.06,{}
2026-08-04 06:45:00+00:00,AWS-001,23.25,980.0,60.81,28.6139,77.209,216.0,False,NORMAL,NONE,False,none,23.25,980.0,60.81,{}
2026-08-04 06:50:00+00:00,AWS-001,23.37,980.03,60.27,28.6139,77.209,216.0,False,NORMAL,NONE,False,none,23.37,980.03,60.27,{}
2026-08-04 06:55:00+00:00,AWS-001,22.95,980.06,61.79,28.6139,77.209,216.0,False,NORMAL,NONE,False,none,22.95,980.06,61.79,{}
2026-08-04 07:00:00+00:00,AWS-001,23.15,979.98,61.33,28.6139,77.209,216.0,False,NORMAL,NONE,False,none,23.15,979.98,61.33,{}
2026-08-04 07:05:00+00:00,AWS-001,22.67,979.95,62.61,28.6139,77.209,216.0,False,NORMAL,NONE,False,none,22.67,979.95,62.61,{}
2026-08-04 07:10:00+00:00,AWS-001,22.58,979.89,62.48,28.6139,77.209,216.0,False,NORMAL,NONE,False,none,22.58,979.89,62.48,{}
2026-08-04 07:15:00+00:00,AWS-001,22.89,979.93,61.69,28.6139,77.209,216.0,False,NORMAL,NONE,False,none,22.89,979.93,61.69,{}
2026-08-04 07:20:00+00:00,AWS-001,23.17,979.91,60.61,28.6139,77.209,216.0,False,NORMAL,NONE,False,none,23.17,979.91,60.61,{}
2026-08-04 07:25:00+00:00,AWS-001,23.17,979.91,60.37,28.6139,77.209,216.0,False,NORMAL,NONE,False,none,23.17,979.91,60.37,{}
2026-08-04 07:30:00+00:00,AWS-001,23.26,979.88,60.03,28.6139,77.209,216.0,False,NORMAL,NONE,False,none,23.26,979.88,60.03,{}
2026-08-04 07:35:00+00:00,AWS-001,23.71,979.89,59.5,28.6139,77.209,216.0,False,NORMAL,NONE,False,none,23.71,979.89,59.5,{}
2026-08-04 07:40:00+00:00,AWS-001,23.8,979.86,58.76,28.6139,77.209,216.0,False,NORMAL,NONE,False,none,23.8,979.86,58.76,{}
2026-08-04 07:45:00+00:00,AWS-001,24.36,979.95,56.49,28.6139,77.209,216.0,False,NORMAL,NONE,False,none,24.36,979.95,56.49,{}
2026-08-04 07:50:00+00:00,AWS-001,24.5,980.01,54.97,28.6139,77.209,216.0,False,NORMAL,NONE,False,none,24.5,980.01,54.97,{}
2026-08-04 07:55:00+00:00,AWS-001,24.7,980.05,54.43,28.6139,77.209,216.0,False,NORMAL,NONE,False,none,24.7,980.05,54.43,{}
2026-08-04 08:00:00+00:00,AWS-001,25.1,980.06,53.69,28.6139,77.209,216.0,False,NORMAL,NONE,False,none,25.1,980.06,53.69,{}
2026-08-04 08:05:00+00:00,AWS-001,25.22,979.97,53.9,28.6139,77.209,216.0,False,NORMAL,NONE,False,none,25.22,979.97,53.9,{}
2026-08-04 08:10:00+00:00,AWS-001,25.15,979.97,54.16,28.6139,77.209,216.0,False,NORMAL,NONE,False,none,25.15,979.97,54.16,{}
2026-08-04 08:15:00+00:00,AWS-001,25.26,979.96,54.39,28.6139,77.209,216.0,False,NORMAL,NONE,False,none,25.26,979.96,54.39,{}
2026-08-04 08:20:00+00:00,AWS-001,25.39,980.01,54.34,28.6139,77.209,216.0,False,NORMAL,NONE,False,none,25.39,980.01,54.34,{}
2026-08-04 08:25:00+00:00,AWS-001,25.29,980.08,55.18,28.6139,77.209,216.0,False,NORMAL,NONE,False,none,25.29,980.08,55.18,{}
2026-08-04 08:30:00+00:00,AWS-001,25.41,980.12,55.18,28.6139,77.209,216.0,False,NORMAL,NONE,False,none,25.41,980.12,55.18,{}
2026-08-04 08:35:00+00:00,AWS-001,25.45,980.21,55.75,28.6139,77.209,216.0,False,NORMAL,NONE,False,none,25.45,980.21,55.75,{}
2026-08-04 08:40:00+00:00,AWS-001,25.78,980.19,54.21,28.6139,77.209,216.0,False,NORMAL,NONE,False,none,25.78,980.19,54.21,{}
2026-08-04 08:45:00+00:00,AWS-001,25.94,980.17,52.56,28.6139,77.209,216.0,False,NORMAL,NONE,False,none,25.94,980.17,52.56,{}
2026-08-04 08:50:00+00:00,AWS-001,26.04,980.24,52.52,28.6139,77.209,216.0,False,NORMAL,NONE,False,none,26.04,980.24,52.52,{}
2026-08-04 08:55:00+00:00,AWS-001,26.18,980.25,52.41,28.6139,77.209,216.0,False,NORMAL,NONE,False,none,26.18,980.25,52.41,{}
2026-08-04 09:00:00+00:00,AWS-001,26.37,980.24,52.59,28.6139,77.209,216.0,False,NORMAL,NONE,False,none,26.37,980.24,52.59,{}
2026-08-04 09:05:00+00:00,AWS-001,26.62,980.35,52.32,28.6139,77.209,216.0,False,NORMAL,NONE,False,none,26.62,980.35,52.32,{}
2026-08-04 09:10:00+00:00,AWS-001,26.59,980.37,53.23,28.6139,77.209,216.0,False,NORMAL,NONE,False,none,26.59,980.37,53.23,{}
2026-08-04 09:15:00+00:00,AWS-001,26.57,980.35,53.14,28.6139,77.209,216.0,False,NORMAL,NONE,False,none,26.57,980.35,53.14,{}
2026-08-04 09:20:00+00:00,AWS-001,26.93,980.29,51.74,28.6139,77.209,216.0,False,NORMAL,NONE,False,none,26.93,980.29,51.74,{}
2026-08-04 09:25:00+00:00,AWS-001,27.01,980.36,50.19,28.6139,77.209,216.0,False,NORMAL,NONE,False,none,27.01,980.36,50.19,{}
2026-08-04 09:30:00+00:00,AWS-001,26.93,980.35,50.36,28.6139,77.209,216.0,False,NORMAL,NONE,False,none,26.93,980.35,50.36,{}
2026-08-04 09:35:00+00:00,AWS-001,27.18,980.32,49.06,28.6139,77.209,216.0,False,NORMAL,NONE,False,none,27.18,980.32,49.06,{}
2026-08-04 09:40:00+00:00,AWS-001,27.42,980.34,48.36,28.6139,77.209,216.0,False,NORMAL,NONE,False,none,27.42,980.34,48.36,{}
2026-08-04 09:45:00+00:00,AWS-001,27.32,980.36,48.54,28.6139,77.209,216.0,False,NORMAL,NONE,False,none,27.32,980.36,48.54,{}
2026-08-04 09:50:00+00:00,AWS-001,27.53,980.36,48.11,28.6139,77.209,216.0,False,NORMAL,NONE,False,none,27.53,980.36,48.11,{}
2026-08-04 09:55:00+00:00,AWS-001,27.82,980.37,47.1,28.6139,77.209,216.0,False,NORMAL,NONE,False,none,27.82,980.37,47.1,{}
2026-08-04 10:00:00+00:00,AWS-001,28.03,980.35,47.01,28.6139,77.209,216.0,False,NORMAL,NONE,False,none,28.03,980.35,47.01,{}
2026-08-04 10:05:00+00:00,AWS-001,28.27,980.34,44.46,28.6139,77.209,216.0,False,NORMAL,NONE,False,none,28.27,980.34,44.46,{}
2026-08-04 10:10:00+00:00,AWS-001,28.16,980.25,44.97,28.6139,77.209,216.0,False,NORMAL,NONE,False,none,28.16,980.25,44.97,{}
2026-08-04 10:15:00+00:00,AWS-001,28.36,980.31,45.26,28.6139,77.209,216.0,False,NORMAL,NONE,False,none,28.36,980.31,45.26,{}
2026-08-04 10:20:00+00:00,AWS-001,28.45,980.18,46.16,28.6139,77.209,216.0,False,NORMAL,NONE,False,none,28.45,980.18,46.16,{}
2026-08-04 10:25:00+00:00,AWS-001,28.52,980.14,46.24,28.6139,77.209,216.0,False,NORMAL,NONE,False,none,28.52,980.14,46.24,{}
2026-08-04 10:30:00+00:00,AWS-001,28.81,980.01,46.3,28.6139,77.209,216.0,False,NORMAL,NONE,False,none,28.81,980.01,46.3,{}
2026-08-04 10:35:00+00:00,AWS-001,29.18,979.96,45.09,28.6139,77.209,216.0,False,NORMAL,NONE,False,none,29.18,979.96,45.09,{}
2026-08-04 10:40:00+00:00,AWS-001,29.57,979.88,43.8,28.6139,77.209,216.0,False,NORMAL,NONE,False,none,29.57,979.88,43.8,{}
2026-08-04 10:45:00+00:00,AWS-001,29.85,979.84,43.18,28.6139,77.209,216.0,False,NORMAL,NONE,False,none,29.85,979.84,43.18,{}
2026-08-04 10:50:00+00:00,AWS-001,29.87,979.81,42.84,28.6139,77.209,216.0,False,NORMAL,NONE,False,none,29.87,979.81,42.84,{}
2026-08-04 10:55:00+00:00,AWS-001,29.98,979.7,41.85,28.6139,77.209,216.0,False,NORMAL,NONE,False,none,29.98,979.7,41.85,{}
2026-08-04 11:00:00+00:00,AWS-001,30.16,979.65,40.98,28.6139,77.209,216.0,False,NORMAL,NONE,False,none,30.16,979.65,40.98,{}
2026-08-04 11:05:00+00:00,AWS-001,30.22,979.68,40.07,28.6139,77.209,216.0,False,NORMAL,NONE,False,none,30.22,979.68,40.07,{}
2026-08-04 11:10:00+00:00,AWS-001,30.28,979.54,40.31,28.6139,77.209,216.0,False,NORMAL,NONE,False,none,30.28,979.54,40.31,{}
2026-08-04 11:15:00+00:00,AWS-001,30.46,979.44,39.89,28.6139,77.209,216.0,False,NORMAL,NONE,False,none,30.46,979.44,39.89,{}
2026-08-04 11:20:00+00:00,AWS-001,30.49,979.44,39.61,28.6139,77.209,216.0,False,NORMAL,NONE,False,none,30.49,979.44,39.61,{}
2026-08-04 11:25:00+00:00,AWS-001,30.41,979.39,39.46,28.6139,77.209,216.0,False,NORMAL,NONE,False,none,30.41,979.39,39.46,{}
2026-08-04 11:30:00+00:00,AWS-001,30.41,979.34,39.88,28.6139,77.209,216.0,False,NORMAL,NONE,False,none,30.41,979.34,39.88,{}
2026-08-04 11:35:00+00:00,AWS-001,30.58,979.33,39.99,28.6139,77.209,216.0,False,NORMAL,NONE,False,none,30.58,979.33,39.99,{}
2026-08-04 11:40:00+00:00,AWS-001,30.65,979.22,39.08,28.6139,77.209,216.0,False,NORMAL,NONE,False,none,30.65,979.22,39.08,{}
2026-08-04 11:45:00+00:00,AWS-001,30.77,979.13,38.06,28.6139,77.209,216.0,False,NORMAL,NONE,False,none,30.77,979.13,38.06,{}
2026-08-04 11:50:00+00:00,AWS-001,30.94,979.02,38.47,28.6139,77.209,216.0,False,NORMAL,NONE,False,none,30.94,979.02,38.47,{}
2026-08-04 11:55:00+00:00,AWS-001,30.92,978.94,37.69,28.6139,77.209,216.0,False,NORMAL,NONE,False,none,30.92,978.94,37.69,{}
2026-08-04 12:00:00+00:00,AWS-001,31.1,978.96,37.82,28.6139,77.209,216.0,False,NORMAL,NONE,False,none,31.1,978.96,37.82,{}
2026-08-04 12:05:00+00:00,AWS-001,31.21,978.79,38.72,28.6139,77.209,216.0,False,NORMAL,NONE,False,none,31.21,978.79,38.72,{}
2026-08-04 12:10:00+00:00,AWS-001,31.04,978.66,40.05,28.6139,77.209,216.0,False,NORMAL,NONE,False,none,31.04,978.66,40.05,{}
2026-08-04 12:15:00+00:00,AWS-001,31.35,978.52,39.65,28.6139,77.209,216.0,False,NORMAL,NONE,False,none,31.35,978.52,39.65,{}
2026-08-04 12:20:00+00:00,AWS-001,31.3,978.56,39.95,28.6139,77.209,216.0,False,NORMAL,NONE,False,none,31.3,978.56,39.95,{}
2026-08-04 12:25:00+00:00,AWS-001,31.07,978.46,41.6,28.6139,77.209,216.0,False,NORMAL,NONE,False,none,31.07,978.46,41.6,{}
2026-08-04 12:30:00+00:00,AWS-001,30.98,978.38,39.89,28.6139,77.209,216.0,False,NORMAL,NONE,False,none,30.98,978.38,39.89,{}
2026-08-04 12:35:00+00:00,AWS-001,30.91,978.23,39.6,28.6139,77.209,216.0,False,NORMAL,NONE,False,none,30.91,978.23,39.6,{}
2026-08-04 12:40:00+00:00,AWS-001,31.03,978.16,39.78,28.6139,77.209,216.0,False,NORMAL,NONE,False,none,31.03,978.16,39.78,{}
2026-08-04 12:45:00+00:00,AWS-001,31.09,978.16,39.29,28.6139,77.209,216.0,False,NORMAL,NONE,False,none,31.09,978.16,39.29,{}
2026-08-04 12:50:00+00:00,AWS-001,31.13,978.12,39.88,28.6139,77.209,216.0,False,NORMAL,NONE,False,none,31.13,978.12,39.88,{}
2026-08-04 12:55:00+00:00,AWS-001,31.34,978.05,39.21,28.6139,77.209,216.0,False,NORMAL,NONE,False,none,31.34,978.05,39.21,{}
2026-08-04 13:00:00+00:00,AWS-001,31.47,977.9,38.84,28.6139,77.209,216.0,False,NORMAL,NONE,False,none,31.47,977.9,38.84,{}
2026-08-04 13:05:00+00:00,AWS-001,31.59,977.83,38.25,28.6139,77.209,216.0,False,NORMAL,NONE,False,none,31.59,977.83,38.25,{}
2026-08-04 13:10:00+00:00,AWS-001,31.72,977.78,37.56,28.6139,77.209,216.0,False,NORMAL,NONE,False,none,31.72,977.78,37.56,{}
2026-08-04 13:15:00+00:00,AWS-001,31.87,977.67,36.87,28.6139,77.209,216.0,False,NORMAL,NONE,False,none,31.87,977.67,36.87,{}
2026-08-04 13:20:00+00:00,AWS-001,31.55,977.66,37.75,28.6139,77.209,216.0,False,NORMAL,NONE,False,none,31.55,977.66,37.75,{}
2026-08-04 13:25:00+00:00,AWS-001,31.56,977.66,37.23,28.6139,77.209,216.0,False,NORMAL,NONE,False,none,31.56,977.66,37.23,{}
2026-08-04 13:30:00+00:00,AWS-001,31.27,977.57,38.54,28.6139,77.209,216.0,False,NORMAL,NONE,False,none,31.27,977.57,38.54,{}
2026-08-04 13:35:00+00:00,AWS-001,31.38,977.55,38.67,28.6139,77.209,216.0,False,NORMAL,NONE,False,none,31.38,977.55,38.67,{}
2026-08-04 13:40:00+00:00,AWS-001,31.47,977.49,39.08,28.6139,77.209,216.0,False,NORMAL,NONE,False,none,31.47,977.49,39.08,{}
2026-08-04 13:45:00+00:00,AWS-001,31.73,977.5,37.64,28.6139,77.209,216.0,False,NORMAL,NONE,False,none,31.73,977.5,37.64,{}
2026-08-04 13:50:00+00:00,AWS-001,31.99,977.56,36.0,28.6139,77.209,216.0,False,NORMAL,NONE,False,none,31.99,977.56,36.0,{}
2026-08-04 13:55:00+00:00,AWS-001,32.04,977.42,36.0,28.6139,77.209,216.0,False,NORMAL,NONE,False,none,32.04,977.42,36.0,{}
2026-08-04 14:00:00+00:00,AWS-001,31.98,977.4,38.09,28.6139,77.209,216.0,False,NORMAL,NONE,False,none,31.98,977.4,38.09,{}
2026-08-04 14:05:00+00:00,AWS-001,32.08,977.41,38.49,28.6139,77.209,216.0,False,NORMAL,NONE,False,none,32.08,977.41,38.49,{}
2026-08-04 14:10:00+00:00,AWS-001,32.01,977.29,38.03,28.6139,77.209,216.0,False,NORMAL,NONE,False,none,32.01,977.29,38.03,{}
2026-08-04 14:15:00+00:00,AWS-001,32.02,977.19,38.08,28.6139,77.209,216.0,False,NORMAL,NONE,False,none,32.02,977.19,38.08,{}
2026-08-04 14:20:00+00:00,AWS-001,32.2,977.1,37.99,28.6139,77.209,216.0,False,NORMAL,NONE,False,none,32.2,977.1,37.99,{}
2026-08-04 14:25:00+00:00,AWS-001,32.1,977.04,37.1,28.6139,77.209,216.0,False,NORMAL,NONE,False,none,32.1,977.04,37.1,{}
2026-08-04 14:30:00+00:00,AWS-001,32.23,976.96,37.63,28.6139,77.209,216.0,False,NORMAL,NONE,False,none,32.23,976.96,37.63,{}
2026-08-04 14:35:00+00:00,AWS-001,32.33,976.91,37.15,28.6139,77.209,216.0,False,NORMAL,NONE,False,none,32.33,976.91,37.15,{}
2026-08-04 14:40:00+00:00,AWS-001,32.14,976.91,37.35,28.6139,77.209,216.0,False,NORMAL,NONE,False,none,32.14,976.91,37.35,{}
2026-08-04 14:45:00+00:00,AWS-001,32.29,976.75,36.95,28.6139,77.209,216.0,False,NORMAL,NONE,False,none,32.29,976.75,36.95,{}
2026-08-04 14:50:00+00:00,AWS-001,32.37,976.66,37.42,28.6139,77.209,216.0,False,NORMAL,NONE,False,none,32.37,976.66,37.42,{}
2026-08-04 14:55:00+00:00,AWS-001,32.33,976.67,36.83,28.6139,77.209,216.0,False,NORMAL,NONE,False,none,32.33,976.67,36.83,{}
2026-08-04 15:00:00+00:00,AWS-001,32.16,976.67,36.03,28.6139,77.209,216.0,False,NORMAL,NONE,False,none,32.16,976.67,36.03,{}
2026-08-04 15:05:00+00:00,AWS-001,31.98,976.58,36.7,28.6139,77.209,216.0,False,NORMAL,NONE,False,none,31.98,976.58,36.7,{}
2026-08-04 15:10:00+00:00,AWS-001,31.87,976.59,35.68,28.6139,77.209,216.0,False,NORMAL,NONE,False,none,31.87,976.59,35.68,{}
2026-08-04 15:15:00+00:00,AWS-001,31.95,976.64,35.56,28.6139,77.209,216.0,False,NORMAL,NONE,False,none,31.95,976.64,35.56,{}
2026-08-04 15:20:00+00:00,AWS-001,31.76,976.61,36.94,28.6139,77.209,216.0,False,NORMAL,NONE,False,none,31.76,976.61,36.94,{}
2026-08-04 15:25:00+00:00,AWS-001,31.83,976.52,37.26,28.6139,77.209,216.0,False,NORMAL,NONE,False,none,31.83,976.52,37.26,{}
2026-08-04 15:30:00+00:00,AWS-001,31.59,976.55,38.43,28.6139,77.209,216.0,False,NORMAL,NONE,False,none,31.59,976.55,38.43,{}
2026-08-04 15:35:00+00:00,AWS-001,31.56,976.63,38.83,28.6139,77.209,216.0,False,NORMAL,NONE,False,none,31.56,976.63,38.83,{}
2026-08-04 15:40:00+00:00,AWS-001,31.57,976.55,40.2,28.6139,77.209,216.0,False,NORMAL,NONE,False,none,31.57,976.55,40.2,{}
2026-08-04 15:45:00+00:00,AWS-001,31.96,976.53,38.67,28.6139,77.209,216.0,False,NORMAL,NONE,False,none,31.96,976.53,38.67,{}
2026-08-04 15:50:00+00:00,AWS-001,31.65,976.58,39.34,28.6139,77.209,216.0,False,NORMAL,NONE,False,none,31.65,976.58,39.34,{}
2026-08-04 15:55:00+00:00,AWS-001,31.86,976.57,38.4,28.6139,77.209,216.0,False,NORMAL,NONE,False,none,31.86,976.57,38.4,{}
2026-08-04 16:00:00+00:00,AWS-001,31.8,976.45,38.97,28.6139,77.209,216.0,False,NORMAL,NONE,False,none,31.8,976.45,38.97,{}
2026-08-04 16:05:00+00:00,AWS-001,31.79,976.47,38.74,28.6139,77.209,216.0,False,NORMAL,NONE,False,none,31.79,976.47,38.74,{}
2026-08-04 16:10:00+00:00,AWS-001,31.72,976.41,39.79,28.6139,77.209,216.0,False,NORMAL,NONE,False,none,31.72,976.41,39.79,{}
2026-08-04 16:15:00+00:00,AWS-001,31.71,976.34,39.18,28.6139,77.209,216.0,False,NORMAL,NONE,False,none,31.71,976.34,39.18,{}
2026-08-04 16:20:00+00:00,AWS-001,31.58,976.24,40.12,28.6139,77.209,216.0,False,NORMAL,NONE,False,none,31.58,976.24,40.12,{}
2026-08-04 16:25:00+00:00,AWS-001,31.73,976.33,39.87,28.6139,77.209,216.0,False,NORMAL,NONE,False,none,31.73,976.33,39.87,{}
2026-08-04 16:30:00+00:00,AWS-001,31.53,976.3,39.95,28.6139,77.209,216.0,False,NORMAL,NONE,False,none,31.53,976.3,39.95,{}
2026-08-04 16:35:00+00:00,AWS-001,31.61,976.34,39.86,28.6139,77.209,216.0,False,NORMAL,NONE,False,none,31.61,976.34,39.86,{}
2026-08-04 16:40:00+00:00,AWS-001,31.37,976.4,40.26,28.6139,77.209,216.0,False,NORMAL,NONE,False,none,31.37,976.4,40.26,{}
2026-08-04 16:45:00+00:00,AWS-001,31.25,976.43,40.5,28.6139,77.209,216.0,False,NORMAL,NONE,False,none,31.25,976.43,40.5,{}
2026-08-04 16:50:00+00:00,AWS-001,30.96,976.47,40.76,28.6139,77.209,216.0,False,NORMAL,NONE,False,none,30.96,976.47,40.76,{}
2026-08-04 16:55:00+00:00,AWS-001,30.95,976.51,40.15,28.6139,77.209,216.0,False,NORMAL,NONE,False,none,30.95,976.51,40.15,{}
2026-08-04 17:00:00+00:00,AWS-001,31.09,976.54,39.53,28.6139,77.209,216.0,False,NORMAL,NONE,False,none,31.09,976.54,39.53,{}
2026-08-04 17:05:00+00:00,AWS-001,30.95,976.52,38.73,28.6139,77.209,216.0,False,NORMAL,NONE,False,none,30.95,976.52,38.73,{}
2026-08-04 17:10:00+00:00,AWS-001,30.79,976.5,39.74,28.6139,77.209,216.0,False,NORMAL,NONE,False,none,30.79,976.5,39.74,{}
2026-08-04 17:15:00+00:00,AWS-001,30.49,976.53,39.69,28.6139,77.209,216.0,False,NORMAL,NONE,False,none,30.49,976.53,39.69,{}
2026-08-04 17:20:00+00:00,AWS-001,30.36,976.56,40.0,28.6139,77.209,216.0,False,NORMAL,NONE,False,none,30.36,976.56,40.0,{}
2026-08-04 17:25:00+00:00,AWS-001,30.0,976.63,41.4,28.6139,77.209,216.0,False,NORMAL,NONE,False,none,30.0,976.63,41.4,{}
2026-08-04 17:30:00+00:00,AWS-001,29.78,976.73,42.52,28.6139,77.209,216.0,False,NORMAL,NONE,False,none,29.78,976.73,42.52,{}
2026-08-04 17:35:00+00:00,AWS-001,29.77,976.79,41.41,28.6139,77.209,216.0,False,NORMAL,NONE,False,none,29.77,976.79,41.41,{}
2026-08-04 17:40:00+00:00,AWS-001,29.92,976.78,41.12,28.6139,77.209,216.0,False,NORMAL,NONE,False,none,29.92,976.78,41.12,{}
2026-08-04 17:45:00+00:00,AWS-001,30.29,976.69,40.67,28.6139,77.209,216.0,False,NORMAL,NONE,False,none,30.29,976.69,40.67,{}
2026-08-04 17:50:00+00:00,AWS-001,30.04,976.7,41.38,28.6139,77.209,216.0,False,NORMAL,NONE,False,none,30.04,976.7,41.38,{}
2026-08-04 17:55:00+00:00,AWS-001,30.13,976.68,42.06,28.6139,77.209,216.0,False,NORMAL,NONE,False,none,30.13,976.68,42.06,{}
2026-08-04 18:00:00+00:00,AWS-001,30.01,976.7,41.77,28.6139,77.209,216.0,False,NORMAL,NONE,False,none,30.01,976.7,41.77,{}
2026-08-04 18:05:00+00:00,AWS-001,29.81,976.78,40.96,28.6139,77.209,216.0,False,NORMAL,NONE,False,none,29.81,976.78,40.96,{}
2026-08-04 18:10:00+00:00,AWS-001,29.72,976.85,41.9,28.6139,77.209,216.0,False,NORMAL,NONE,False,none,29.72,976.85,41.9,{}
2026-08-04 18:15:00+00:00,AWS-001,29.57,977.03,42.05,28.6139,77.209,216.0,False,NORMAL,NONE,False,none,29.57,977.03,42.05,{}
2026-08-04 18:20:00+00:00,AWS-001,29.43,977.11,41.44,28.6139,77.209,216.0,False,NORMAL,NONE,False,none,29.43,977.11,41.44,{}
2026-08-04 18:25:00+00:00,AWS-001,29.2,977.28,42.2,28.6139,77.209,216.0,False,NORMAL,NONE,False,none,29.2,977.28,42.2,{}
2026-08-04 18:30:00+00:00,AWS-001,28.81,977.37,44.23,28.6139,77.209,216.0,False,NORMAL,NONE,False,none,28.81,977.37,44.23,{}
2026-08-04 18:35:00+00:00,AWS-001,28.44,977.48,44.53,28.6139,77.209,216.0,False,NORMAL,NONE,False,none,28.44,977.48,44.53,{}
2026-08-04 18:40:00+00:00,AWS-001,28.45,977.5,46.17,28.6139,77.209,216.0,False,NORMAL,NONE,False,none,28.45,977.5,46.17,{}
2026-08-04 18:45:00+00:00,AWS-001,28.3,977.48,46.03,28.6139,77.209,216.0,False,NORMAL,NONE,False,none,28.3,977.48,46.03,{}
2026-08-04 18:50:00+00:00,AWS-001,28.09,977.5,46.69,28.6139,77.209,216.0,False,NORMAL,NONE,False,none,28.09,977.5,46.69,{}
2026-08-04 18:55:00+00:00,AWS-001,27.99,977.55,46.23,28.6139,77.209,216.0,False,NORMAL,NONE,False,none,27.99,977.55,46.23,{}
2026-08-04 19:00:00+00:00,AWS-001,28.02,977.57,46.33,28.6139,77.209,216.0,False,NORMAL,NONE,False,none,28.02,977.57,46.33,{}
2026-08-04 19:05:00+00:00,AWS-001,27.93,977.57,46.63,28.6139,77.209,216.0,False,NORMAL,NONE,False,none,27.93,977.57,46.63,{}
2026-08-04 19:10:00+00:00,AWS-001,27.69,977.66,46.48,28.6139,77.209,216.0,False,NORMAL,NONE,False,none,27.69,977.66,46.48,{}
2026-08-04 19:15:00+00:00,AWS-001,27.77,977.66,48.27,28.6139,77.209,216.0,False,NORMAL,NONE,False,none,27.77,977.66,48.27,{}
2026-08-04 19:20:00+00:00,AWS-001,27.89,977.63,47.58,28.6139,77.209,216.0,False,NORMAL,NONE,False,none,27.89,977.63,47.58,{}
2026-08-04 19:25:00+00:00,AWS-001,27.8,977.64,47.53,28.6139,77.209,216.0,False,NORMAL,NONE,False,none,27.8,977.64,47.53,{}
2026-08-04 19:30:00+00:00,AWS-001,27.78,977.7,48.25,28.6139,77.209,216.0,False,NORMAL,NONE,False,none,27.78,977.7,48.25,{}
2026-08-04 19:35:00+00:00,AWS-001,27.78,977.72,49.33,28.6139,77.209,216.0,False,NORMAL,NONE,False,none,27.78,977.72,49.33,{}
2026-08-04 19:40:00+00:00,AWS-001,27.76,977.78,49.91,28.6139,77.209,216.0,False,NORMAL,NONE,False,none,27.76,977.78,49.91,{}
2026-08-04 19:45:00+00:00,AWS-001,27.63,977.89,49.22,28.6139,77.209,216.0,False,NORMAL,NONE,False,none,27.63,977.89,49.22,{}
2026-08-04 19:50:00+00:00,AWS-001,27.5,977.99,49.61,28.6139,77.209,216.0,False,NORMAL,NONE,False,none,27.5,977.99,49.61,{}
2026-08-04 19:55:00+00:00,AWS-001,27.35,978.02,48.72,28.6139,77.209,216.0,False,NORMAL,NONE,False,none,27.35,978.02,48.72,{}
2026-08-04 20:00:00+00:00,AWS-001,26.94,978.01,50.58,28.6139,77.209,216.0,False,NORMAL,NONE,False,none,26.94,978.01,50.58,{}
2026-08-04 20:05:00+00:00,AWS-001,26.85,978.05,49.77,28.6139,77.209,216.0,False,NORMAL,NONE,False,none,26.85,978.05,49.77,{}
2026-08-04 20:10:00+00:00,AWS-001,26.42,978.16,50.72,28.6139,77.209,216.0,False,NORMAL,NONE,False,none,26.42,978.16,50.72,{}
2026-08-04 20:15:00+00:00,AWS-001,26.12,978.28,51.86,28.6139,77.209,216.0,False,NORMAL,NONE,False,none,26.12,978.28,51.86,{}
2026-08-04 20:20:00+00:00,AWS-001,26.18,978.36,52.12,28.6139,77.209,216.0,False,NORMAL,NONE,False,none,26.18,978.36,52.12,{}
2026-08-04 20:25:00+00:00,AWS-001,26.14,978.49,52.18,28.6139,77.209,216.0,False,NORMAL,NONE,False,none,26.14,978.49,52.18,{}
2026-08-04 20:30:00+00:00,AWS-001,26.2,978.64,53.08,28.6139,77.209,216.0,False,NORMAL,NONE,False,none,26.2,978.64,53.08,{}
2026-08-04 20:35:00+00:00,AWS-001,25.94,978.65,54.31,28.6139,77.209,216.0,False,NORMAL,NONE,False,none,25.94,978.65,54.31,{}
2026-08-04 20:40:00+00:00,AWS-001,25.55,978.77,55.88,28.6139,77.209,216.0,False,NORMAL,NONE,False,none,25.55,978.77,55.88,{}
2026-08-04 20:45:00+00:00,AWS-001,25.34,978.79,55.65,28.6139,77.209,216.0,False,NORMAL,NONE,False,none,25.34,978.79,55.65,{}
2026-08-04 20:50:00+00:00,AWS-001,25.19,978.88,57.2,28.6139,77.209,216.0,False,NORMAL,NONE,False,none,25.19,978.88,57.2,{}
2026-08-04 20:55:00+00:00,AWS-001,25.04,978.95,57.03,28.6139,77.209,216.0,False,NORMAL,NONE,False,none,25.04,978.95,57.03,{}
2026-08-04 21:00:00+00:00,AWS-001,25.07,978.86,57.97,28.6139,77.209,216.0,False,NORMAL,NONE,False,none,25.07,978.86,57.97,{}
2026-08-04 21:05:00+00:00,AWS-001,24.83,978.83,59.85,28.6139,77.209,216.0,False,NORMAL,NONE,False,none,24.83,978.83,59.85,{}
2026-08-04 21:10:00+00:00,AWS-001,24.72,978.8,60.18,28.6139,77.209,216.0,False,NORMAL,NONE,False,none,24.72,978.8,60.18,{}
2026-08-04 21:15:00+00:00,AWS-001,24.39,978.73,61.65,28.6139,77.209,216.0,False,NORMAL,NONE,False,none,24.39,978.73,61.65,{}
2026-08-04 21:20:00+00:00,AWS-001,24.32,978.83,59.55,28.6139,77.209,216.0,False,NORMAL,NONE,False,none,24.32,978.83,59.55,{}
2026-08-04 21:25:00+00:00,AWS-001,24.16,978.99,59.93,28.6139,77.209,216.0,False,NORMAL,NONE,False,none,24.16,978.99,59.93,{}
2026-08-04 21:30:00+00:00,AWS-001,23.89,979.0,61.61,28.6139,77.209,216.0,False,NORMAL,NONE,False,none,23.89,979.0,61.61,{}
2026-08-04 21:35:00+00:00,AWS-001,23.72,979.07,62.72,28.6139,77.209,216.0,False,NORMAL,NONE,False,none,23.72,979.07,62.72,{}
2026-08-04 21:40:00+00:00,AWS-001,23.56,979.18,62.35,28.6139,77.209,216.0,False,NORMAL,NONE,False,none,23.56,979.18,62.35,{}
2026-08-04 21:45:00+00:00,AWS-001,23.39,979.2,62.77,28.6139,77.209,216.0,False,NORMAL,NONE,False,none,23.39,979.2,62.77,{}
2026-08-04 21:50:00+00:00,AWS-001,23.56,979.21,60.51,28.6139,77.209,216.0,False,NORMAL,NONE,False,none,23.56,979.21,60.51,{}
2026-08-04 21:55:00+00:00,AWS-001,23.39,979.2,61.66,28.6139,77.209,216.0,False,NORMAL,NONE,False,none,23.39,979.2,61.66,{}
2026-08-04 22:00:00+00:00,AWS-001,23.2,979.24,61.37,28.6139,77.209,216.0,False,NORMAL,NONE,False,none,23.2,979.24,61.37,{}
2026-08-04 22:05:00+00:00,AWS-001,22.71,979.3,64.33,28.6139,77.209,216.0,False,NORMAL,NONE,False,none,22.71,979.3,64.33,{}
2026-08-04 22:10:00+00:00,AWS-001,22.46,979.32,66.23,28.6139,77.209,216.0,False,NORMAL,NONE,False,none,22.46,979.32,66.23,{}
2026-08-04 22:15:00+00:00,AWS-001,22.34,979.34,66.48,28.6139,77.209,216.0,False,NORMAL,NONE,False,none,22.34,979.34,66.48,{}
2026-08-04 22:20:00+00:00,AWS-001,22.14,979.33,67.69,28.6139,77.209,216.0,False,NORMAL,NONE,False,none,22.14,979.33,67.69,{}
2026-08-04 22:25:00+00:00,AWS-001,22.3,979.23,66.93,28.6139,77.209,216.0,False,NORMAL,NONE,False,none,22.3,979.23,66.93,{}
2026-08-04 22:30:00+00:00,AWS-001,22.17,979.28,67.66,28.6139,77.209,216.0,False,NORMAL,NONE,False,none,22.17,979.28,67.66,{}
2026-08-04 22:35:00+00:00,AWS-001,22.28,979.2,66.49,28.6139,77.209,216.0,False,NORMAL,NONE,False,none,22.28,979.2,66.49,{}
2026-08-04 22:40:00+00:00,AWS-001,22.17,979.23,67.5,28.6139,77.209,216.0,False,NORMAL,NONE,False,none,22.17,979.23,67.5,{}
2026-08-04 22:45:00+00:00,AWS-001,22.05,979.27,67.01,28.6139,77.209,216.0,False,NORMAL,NONE,False,none,22.05,979.27,67.01,{}
2026-08-04 22:50:00+00:00,AWS-001,21.91,979.19,66.64,28.6139,77.209,216.0,False,NORMAL,NONE,False,none,21.91,979.19,66.64,{}
2026-08-04 22:55:00+00:00,AWS-001,21.79,979.15,67.42,28.6139,77.209,216.0,False,NORMAL,NONE,False,none,21.79,979.15,67.42,{}
2026-08-04 23:00:00+00:00,AWS-001,21.95,979.26,66.89,28.6139,77.209,216.0,False,NORMAL,NONE,False,none,21.95,979.26,66.89,{}
2026-08-04 23:05:00+00:00,AWS-001,21.42,979.24,69.64,28.6139,77.209,216.0,False,NORMAL,NONE,False,none,21.42,979.24,69.64,{}
2026-08-04 23:10:00+00:00,AWS-001,20.99,979.15,71.35,28.6139,77.209,216.0,False,NORMAL,NONE,False,none,20.99,979.15,71.35,{}
2026-08-04 23:15:00+00:00,AWS-001,20.84,979.18,73.46,28.6139,77.209,216.0,False,NORMAL,NONE,False,none,20.84,979.18,73.46,{}
2026-08-04 23:20:00+00:00,AWS-001,20.8,979.12,73.82,28.6139,77.209,216.0,False,NORMAL,NONE,False,none,20.8,979.12,73.82,{}
2026-08-04 23:25:00+00:00,AWS-001,20.86,978.99,73.72,28.6139,77.209,216.0,False,NORMAL,NONE,False,none,20.86,978.99,73.72,{}
2026-08-04 23:30:00+00:00,AWS-001,20.86,979.01,73.82,28.6139,77.209,216.0,False,NORMAL,NONE,False,none,20.86,979.01,73.82,{}
2026-08-04 23:35:00+00:00,AWS-001,20.72,978.94,75.11,28.6139,77.209,216.0,False,NORMAL,NONE,False,none,20.72,978.94,75.11,{}
2026-08-04 23:40:00+00:00,AWS-001,20.81,978.95,74.94,28.6139,77.209,216.0,False,NORMAL,NONE,False,none,20.81,978.95,74.94,{}
2026-08-04 23:45:00+00:00,AWS-001,20.89,978.89,74.74,28.6139,77.209,216.0,False,NORMAL,NONE,False,none,20.89,978.89,74.74,{}
2026-08-04 23:50:00+00:00,AWS-001,20.8,978.92,75.42,28.6139,77.209,216.0,False,NORMAL,NONE,False,none,20.8,978.92,75.42,{}
2026-08-04 23:55:00+00:00,AWS-001,20.85,978.91,73.86,28.6139,77.209,216.0,False,NORMAL,NONE,False,none,20.85,978.91,73.86,{}
2026-08-05 00:00:00+00:00,AWS-001,20.71,978.74,73.38,28.6139,77.209,216.0,False,NORMAL,NONE,False,none,20.71,978.74,73.38,{}
2026-08-05 00:05:00+00:00,AWS-001,20.49,978.75,74.52,28.6139,77.209,216.0,False,NORMAL,NONE,False,none,20.49,978.75,74.52,{}
2026-08-05 00:10:00+00:00,AWS-001,20.5,978.72,74.52,28.6139,77.209,216.0,False,NORMAL,NONE,False,none,20.5,978.72,74.52,{}
2026-08-05 00:15:00+00:00,AWS-001,20.4,978.79,75.5,28.6139,77.209,216.0,False,NORMAL,NONE,False,none,20.4,978.79,75.5,{}
2026-08-05 00:20:00+00:00,AWS-001,20.29,978.8,76.11,28.6139,77.209,216.0,False,NORMAL,NONE,False,none,20.29,978.8,76.11,{}
2026-08-05 00:25:00+00:00,AWS-001,20.43,978.82,75.89,28.6139,77.209,216.0,False,NORMAL,NONE,False,none,20.43,978.82,75.89,{}
2026-08-05 00:30:00+00:00,AWS-001,19.9,978.75,77.67,28.6139,77.209,216.0,False,NORMAL,NONE,False,none,19.9,978.75,77.67,{}
2026-08-05 00:35:00+00:00,AWS-001,19.59,978.68,79.29,28.6139,77.209,216.0,False,NORMAL,NONE,False,none,19.59,978.68,79.29,{}
2026-08-05 00:40:00+00:00,AWS-001,19.36,978.65,79.74,28.6139,77.209,216.0,False,NORMAL,NONE,False,none,19.36,978.65,79.74,{}
2026-08-05 00:45:00+00:00,AWS-001,19.28,978.61,80.6,28.6139,77.209,216.0,False,NORMAL,NONE,False,none,19.28,978.61,80.6,{}
2026-08-05 00:50:00+00:00,AWS-001,19.23,978.67,79.85,28.6139,77.209,216.0,False,NORMAL,NONE,False,none,19.23,978.67,79.85,{}
2026-08-05 00:55:00+00:00,AWS-001,18.97,978.63,81.73,28.6139,77.209,216.0,False,NORMAL,NONE,False,none,18.97,978.63,81.73,{}
2026-08-05 01:00:00+00:00,AWS-001,18.83,978.53,81.81,28.6139,77.209,216.0,False,NORMAL,NONE,False,none,18.83,978.53,81.81,{}
2026-08-05 01:05:00+00:00,AWS-001,18.71,978.46,82.51,28.6139,77.209,216.0,False,NORMAL,NONE,False,none,18.71,978.46,82.51,{}
2026-08-05 01:10:00+00:00,AWS-001,19.16,978.5,81.07,28.6139,77.209,216.0,False,NORMAL,NONE,False,none,19.16,978.5,81.07,{}
2026-08-05 01:15:00+00:00,AWS-001,19.45,978.47,79.98,28.6139,77.209,216.0,False,NORMAL,NONE,False,none,19.45,978.47,79.98,{}
2026-08-05 01:20:00+00:00,AWS-001,19.33,978.43,79.7,28.6139,77.209,216.0,False,NORMAL,NONE,False,none,19.33,978.43,79.7,{}
2026-08-05 01:25:00+00:00,AWS-001,19.23,978.47,80.09,28.6139,77.209,216.0,False,NORMAL,NONE,False,none,19.23,978.47,80.09,{}
2026-08-05 01:30:00+00:00,AWS-001,19.0,978.4,80.6,28.6139,77.209,216.0,False,NORMAL,NONE,False,none,19.0,978.4,80.6,{}
2026-08-05 01:35:00+00:00,AWS-001,18.68,978.24,81.64,28.6139,77.209,216.0,False,NORMAL,NONE,False,none,18.68,978.24,81.64,{}
2026-08-05 01:40:00+00:00,AWS-001,18.7,978.19,82.16,28.6139,77.209,216.0,False,NORMAL,NONE,False,none,18.7,978.19,82.16,{}
2026-08-05 01:45:00+00:00,AWS-001,18.56,978.2,83.68,28.6139,77.209,216.0,False,NORMAL,NONE,False,none,18.56,978.2,83.68,{}
2026-08-05 01:50:00+00:00,AWS-001,18.59,978.17,84.11,28.6139,77.209,216.0,False,NORMAL,NONE,False,none,18.59,978.17,84.11,{}
2026-08-05 01:55:00+00:00,AWS-001,18.37,978.08,85.93,28.6139,77.209,216.0,False,NORMAL,NONE,False,none,18.37,978.08,85.93,{}
2026-08-05 02:00:00+00:00,AWS-001,18.31,978.14,86.39,28.6139,77.209,216.0,False,NORMAL,NONE,False,none,18.31,978.14,86.39,{}
2026-08-05 02:05:00+00:00,AWS-001,18.41,978.15,85.79,28.6139,77.209,216.0,False,NORMAL,NONE,False,none,18.41,978.15,85.79,{}
2026-08-05 02:10:00+00:00,AWS-001,18.54,978.17,84.57,28.6139,77.209,216.0,False,NORMAL,NONE,False,none,18.54,978.17,84.57,{}
2026-08-05 02:15:00+00:00,AWS-001,18.66,978.19,83.87,28.6139,77.209,216.0,False,NORMAL,NONE,False,none,18.66,978.19,83.87,{}
2026-08-05 02:20:00+00:00,AWS-001,18.48,978.1,84.24,28.6139,77.209,216.0,False,NORMAL,NONE,False,none,18.48,978.1,84.24,{}
2026-08-05 02:25:00+00:00,AWS-001,18.68,978.12,82.94,28.6139,77.209,216.0,False,NORMAL,NONE,False,none,18.68,978.12,82.94,{}
2026-08-05 02:30:00+00:00,AWS-001,18.59,978.18,83.85,28.6139,77.209,216.0,False,NORMAL,NONE,False,none,18.59,978.18,83.85,{}
2026-08-05 02:35:00+00:00,AWS-001,18.75,978.24,83.23,28.6139,77.209,216.0,False,NORMAL,NONE,False,none,18.75,978.24,83.23,{}
2026-08-05 02:40:00+00:00,AWS-001,18.79,978.28,85.25,28.6139,77.209,216.0,False,NORMAL,NONE,False,none,18.79,978.28,85.25,{}
2026-08-05 02:45:00+00:00,AWS-001,18.6,978.3,85.36,28.6139,77.209,216.0,False,NORMAL,NONE,False,none,18.6,978.3,85.36,{}
2026-08-05 02:50:00+00:00,AWS-001,18.61,978.19,85.31,28.6139,77.209,216.0,False,NORMAL,NONE,False,none,18.61,978.19,85.31,{}
2026-08-05 02:55:00+00:00,AWS-001,18.74,978.19,83.81,28.6139,77.209,216.0,False,NORMAL,NONE,False,none,18.74,978.19,83.81,{}
2026-08-05 03:00:00+00:00,AWS-001,18.9,978.14,82.94,28.6139,77.209,216.0,False,NORMAL,NONE,False,none,18.9,978.14,82.94,{}
2026-08-05 03:05:00+00:00,AWS-001,18.92,978.23,82.84,28.6139,77.209,216.0,False,NORMAL,NONE,False,none,18.92,978.23,82.84,{}
2026-08-05 03:10:00+00:00,AWS-001,19.22,978.3,82.03,28.6139,77.209,216.0,False,NORMAL,NONE,False,none,19.22,978.3,82.03,{}
2026-08-05 03:15:00+00:00,AWS-001,19.4,978.25,80.92,28.6139,77.209,216.0,False,NORMAL,NONE,False,none,19.4,978.25,80.92,{}
2026-08-05 03:20:00+00:00,AWS-001,19.36,978.26,81.16,28.6139,77.209,216.0,False,NORMAL,NONE,False,none,19.36,978.26,81.16,{}
2026-08-05 03:25:00+00:00,AWS-001,19.49,978.29,80.34,28.6139,77.209,216.0,False,NORMAL,NONE,False,none,19.49,978.29,80.34,{}
2026-08-05 03:30:00+00:00,AWS-001,19.82,978.36,78.01,28.6139,77.209,216.0,False,NORMAL,NONE,False,none,19.82,978.36,78.01,{}
2026-08-05 03:35:00+00:00,AWS-001,20.11,978.27,76.42,28.6139,77.209,216.0,False,NORMAL,NONE,False,none,20.11,978.27,76.42,{}
2026-08-05 03:40:00+00:00,AWS-001,19.85,978.17,77.76,28.6139,77.209,216.0,False,NORMAL,NONE,False,none,19.85,978.17,77.76,{}
2026-08-05 03:45:00+00:00,AWS-001,19.68,978.21,78.96,28.6139,77.209,216.0,False,NORMAL,NONE,False,none,19.68,978.21,78.96,{}
2026-08-05 03:50:00+00:00,AWS-001,19.94,978.1,78.29,28.6139,77.209,216.0,False,NORMAL,NONE,False,none,19.94,978.1,78.29,{}
2026-08-05 03:55:00+00:00,AWS-001,19.75,978.16,79.23,28.6139,77.209,216.0,False,NORMAL,NONE,False,none,19.75,978.16,79.23,{}
2026-08-05 04:00:00+00:00,AWS-001,19.55,978.24,80.24,28.6139,77.209,216.0,False,NORMAL,NONE,False,none,19.55,978.24,80.24,{}
2026-08-05 04:05:00+00:00,AWS-001,19.52,978.37,79.46,28.6139,77.209,216.0,False,NORMAL,NONE,False,none,19.52,978.37,79.46,{}
2026-08-05 04:10:00+00:00,AWS-001,19.66,978.37,79.43,28.6139,77.209,216.0,False,NORMAL,NONE,False,none,19.66,978.37,79.43,{}
2026-08-05 04:15:00+00:00,AWS-001,19.7,978.43,78.99,28.6139,77.209,216.0,False,NORMAL,NONE,False,none,19.7,978.43,78.99,{}
2026-08-05 04:20:00+00:00,AWS-001,19.66,978.52,79.93,28.6139,77.209,216.0,False,NORMAL,NONE,False,none,19.66,978.52,79.93,{}
2026-08-05 04:25:00+00:00,AWS-001,19.63,978.5,81.07,28.6139,77.209,216.0,False,NORMAL,NONE,False,none,19.63,978.5,81.07,{}
2026-08-05 04:30:00+00:00,AWS-001,19.6,978.61,81.08,28.6139,77.209,216.0,False,NORMAL,NONE,False,none,19.6,978.61,81.08,{}
2026-08-05 04:35:00+00:00,AWS-001,19.56,978.68,80.65,28.6139,77.209,216.0,False,NORMAL,NONE,False,none,19.56,978.68,80.65,{}
2026-08-05 04:40:00+00:00,AWS-001,20.07,978.7,78.26,28.6139,77.209,216.0,False,NORMAL,NONE,False,none,20.07,978.7,78.26,{}
2026-08-05 04:45:00+00:00,AWS-001,20.19,978.77,77.98,28.6139,77.209,216.0,False,NORMAL,NONE,False,none,20.19,978.77,77.98,{}
2026-08-05 04:50:00+00:00,AWS-001,20.41,978.82,76.78,28.6139,77.209,216.0,False,NORMAL,NONE,False,none,20.41,978.82,76.78,{}
2026-08-05 04:55:00+00:00,AWS-001,20.39,978.93,76.62,28.6139,77.209,216.0,False,NORMAL,NONE,False,none,20.39,978.93,76.62,{}
2026-08-05 05:00:00+00:00,AWS-001,20.43,978.97,76.91,28.6139,77.209,216.0,False,NORMAL,NONE,False,none,20.43,978.97,76.91,{}
2026-08-05 05:05:00+00:00,AWS-001,20.39,979.05,77.46,28.6139,77.209,216.0,False,NORMAL,NONE,False,none,20.39,979.05,77.46,{}
2026-08-05 05:10:00+00:00,AWS-001,20.05,979.08,78.91,28.6139,77.209,216.0,False,NORMAL,NONE,False,none,20.05,979.08,78.91,{}
2026-08-05 05:15:00+00:00,AWS-001,19.98,979.09,78.28,28.6139,77.209,216.0,False,NORMAL,NONE,False,none,19.98,979.09,78.28,{}
2026-08-05 05:20:00+00:00,AWS-001,19.85,979.18,79.39,28.6139,77.209,216.0,False,NORMAL,NONE,False,none,19.85,979.18,79.39,{}
2026-08-05 05:25:00+00:00,AWS-001,19.68,979.21,79.89,28.6139,77.209,216.0,False,NORMAL,NONE,False,none,19.68,979.21,79.89,{}
2026-08-05 05:30:00+00:00,AWS-001,19.72,979.34,80.01,28.6139,77.209,216.0,False,NORMAL,NONE,False,none,19.72,979.34,80.01,{}
2026-08-05 05:35:00+00:00,AWS-001,20.19,979.45,77.93,28.6139,77.209,216.0,False,NORMAL,NONE,False,none,20.19,979.45,77.93,{}
2026-08-05 05:40:00+00:00,AWS-001,20.39,979.48,75.89,28.6139,77.209,216.0,False,NORMAL,NONE,False,none,20.39,979.48,75.89,{}
2026-08-05 05:45:00+00:00,AWS-001,20.8,979.58,74.28,28.6139,77.209,216.0,False,NORMAL,NONE,False,none,20.8,979.58,74.28,{}
2026-08-05 05:50:00+00:00,AWS-001,21.03,979.62,73.76,28.6139,77.209,216.0,False,NORMAL,NONE,False,none,21.03,979.62,73.76,{}
2026-08-05 05:55:00+00:00,AWS-001,21.31,979.61,73.05,28.6139,77.209,216.0,False,NORMAL,NONE,False,none,21.31,979.61,73.05,{}
2026-08-05 06:00:00+00:00,AWS-001,21.29,979.67,73.28,28.6139,77.209,216.0,False,NORMAL,NONE,False,none,21.29,979.67,73.28,{}
2026-08-05 06:05:00+00:00,AWS-001,21.52,979.77,71.02,28.6139,77.209,216.0,False,NORMAL,NONE,False,none,21.52,979.77,71.02,{}
2026-08-05 06:10:00+00:00,AWS-001,21.78,979.9,70.93,28.6139,77.209,216.0,False,NORMAL,NONE,False,none,21.78,979.9,70.93,{}
2026-08-05 06:15:00+00:00,AWS-001,21.8,980.01,71.17,28.6139,77.209,216.0,False,NORMAL,NONE,False,none,21.8,980.01,71.17,{}
2026-08-05 06:20:00+00:00,AWS-001,22.03,980.16,69.46,28.6139,77.209,216.0,False,NORMAL,NONE,False,none,22.03,980.16,69.46,{}
2026-08-05 06:25:00+00:00,AWS-001,22.24,980.19,68.19,28.6139,77.209,216.0,False,NORMAL,NONE,False,none,22.24,980.19,68.19,{}
2026-08-05 06:30:00+00:00,AWS-001,22.27,980.27,68.45,28.6139,77.209,216.0,False,NORMAL,NONE,False,none,22.27,980.27,68.45,{}
2026-08-05 06:35:00+00:00,AWS-001,22.2,980.46,69.29,28.6139,77.209,216.0,False,NORMAL,NONE,False,none,22.2,980.46,69.29,{}
2026-08-05 06:40:00+00:00,AWS-001,22.16,980.44,69.25,28.6139,77.209,216.0,False,NORMAL,NONE,False,none,22.16,980.44,69.25,{}
2026-08-05 06:45:00+00:00,AWS-001,22.34,980.51,69.09,28.6139,77.209,216.0,False,NORMAL,NONE,False,none,22.34,980.51,69.09,{}
2026-08-05 06:50:00+00:00,AWS-001,22.56,980.55,67.05,28.6139,77.209,216.0,False,NORMAL,NONE,False,none,22.56,980.55,67.05,{}
2026-08-05 06:55:00+00:00,AWS-001,22.59,980.65,66.48,28.6139,77.209,216.0,False,NORMAL,NONE,False,none,22.59,980.65,66.48,{}
2026-08-05 07:00:00+00:00,AWS-001,22.76,980.73,64.71,28.6139,77.209,216.0,False,NORMAL,NONE,False,none,22.76,980.73,64.71,{}
2026-08-05 07:05:00+00:00,AWS-001,23.02,980.87,63.51,28.6139,77.209,216.0,False,NORMAL,NONE,False,none,23.02,980.87,63.51,{}
2026-08-05 07:10:00+00:00,AWS-001,23.28,980.99,63.89,28.6139,77.209,216.0,False,NORMAL,NONE,False,none,23.28,980.99,63.89,{}
2026-08-05 07:15:00+00:00,AWS-001,23.67,981.02,63.89,28.6139,77.209,216.0,False,NORMAL,NONE,False,none,23.67,981.02,63.89,{}
2026-08-05 07:20:00+00:00,AWS-001,23.99,981.09,62.83,28.6139,77.209,216.0,False,NORMAL,NONE,False,none,23.99,981.09,62.83,{}
2026-08-05 07:25:00+00:00,AWS-001,23.91,981.2,62.71,28.6139,77.209,216.0,False,NORMAL,NONE,False,none,23.91,981.2,62.71,{}
2026-08-05 07:30:00+00:00,AWS-001,24.3,981.35,61.16,28.6139,77.209,216.0,False,NORMAL,NONE,False,none,24.3,981.35,61.16,{}
2026-08-05 07:35:00+00:00,AWS-001,24.3,981.59,61.54,28.6139,77.209,216.0,False,NORMAL,NONE,False,none,24.3,981.59,61.54,{}
2026-08-05 07:40:00+00:00,AWS-001,24.57,981.72,59.57,28.6139,77.209,216.0,False,NORMAL,NONE,False,none,24.57,981.72,59.57,{}
2026-08-05 07:45:00+00:00,AWS-001,24.67,981.75,59.02,28.6139,77.209,216.0,False,NORMAL,NONE,False,none,24.67,981.75,59.02,{}
2026-08-05 07:50:00+00:00,AWS-001,24.69,981.83,60.04,28.6139,77.209,216.0,False,NORMAL,NONE,False,none,24.69,981.83,60.04,{}
2026-08-05 07:55:00+00:00,AWS-001,24.5,981.93,60.12,28.6139,77.209,216.0,False,NORMAL,NONE,False,none,24.5,981.93,60.12,{}
2026-08-05 08:00:00+00:00,AWS-001,24.61,981.98,59.35,28.6139,77.209,216.0,False,NORMAL,NONE,False,none,24.61,981.98,59.35,{}
2026-08-05 08:05:00+00:00,AWS-001,24.5,982.1,59.94,28.6139,77.209,216.0,False,NORMAL,NONE,False,none,24.5,982.1,59.94,{}
2026-08-05 08:10:00+00:00,AWS-001,24.85,982.05,59.05,28.6139,77.209,216.0,False,NORMAL,NONE,False,none,24.85,982.05,59.05,{}
2026-08-05 08:15:00+00:00,AWS-001,25.25,982.18,57.33,28.6139,77.209,216.0,False,NORMAL,NONE,False,none,25.25,982.18,57.33,{}
2026-08-05 08:20:00+00:00,AWS-001,25.25,982.24,57.56,28.6139,77.209,216.0,False,NORMAL,NONE,False,none,25.25,982.24,57.56,{}
2026-08-05 08:25:00+00:00,AWS-001,25.44,982.32,57.4,28.6139,77.209,216.0,False,NORMAL,NONE,False,none,25.44,982.32,57.4,{}
2026-08-05 08:30:00+00:00,AWS-001,25.45,982.5,58.64,28.6139,77.209,216.0,False,NORMAL,NONE,False,none,25.45,982.5,58.64,{}
2026-08-05 08:35:00+00:00,AWS-001,25.5,982.5,58.26,28.6139,77.209,216.0,False,NORMAL,NONE,False,none,25.5,982.5,58.26,{}
2026-08-05 08:40:00+00:00,AWS-001,25.79,982.6,57.14,28.6139,77.209,216.0,False,NORMAL,NONE,False,none,25.79,982.6,57.14,{}
2026-08-05 08:45:00+00:00,AWS-001,25.93,982.73,57.56,28.6139,77.209,216.0,False,NORMAL,NONE,False,none,25.93,982.73,57.56,{}
2026-08-05 08:50:00+00:00,AWS-001,26.36,982.81,55.58,28.6139,77.209,216.0,False,NORMAL,NONE,False,none,26.36,982.81,55.58,{}
2026-08-05 08:55:00+00:00,AWS-001,26.39,982.79,54.52,28.6139,77.209,216.0,False,NORMAL,NONE,False,none,26.39,982.79,54.52,{}
2026-08-05 09:00:00+00:00,AWS-001,26.68,982.94,53.78,28.6139,77.209,216.0,False,NORMAL,NONE,False,none,26.68,982.94,53.78,{}
2026-08-05 09:05:00+00:00,AWS-001,26.8,983.0,54.07,28.6139,77.209,216.0,False,NORMAL,NONE,False,none,26.8,983.0,54.07,{}
2026-08-05 09:10:00+00:00,AWS-001,27.04,983.03,53.45,28.6139,77.209,216.0,False,NORMAL,NONE,False,none,27.04,983.03,53.45,{}
2026-08-05 09:15:00+00:00,AWS-001,27.06,983.08,53.21,28.6139,77.209,216.0,False,NORMAL,NONE,False,none,27.06,983.08,53.21,{}
2026-08-05 09:20:00+00:00,AWS-001,27.16,983.13,51.9,28.6139,77.209,216.0,False,NORMAL,NONE,False,none,27.16,983.13,51.9,{}
2026-08-05 09:25:00+00:00,AWS-001,27.25,983.12,51.64,28.6139,77.209,216.0,False,NORMAL,NONE,False,none,27.25,983.12,51.64,{}
2026-08-05 09:30:00+00:00,AWS-001,27.23,983.2,52.55,28.6139,77.209,216.0,False,NORMAL,NONE,False,none,27.23,983.2,52.55,{}
2026-08-05 09:35:00+00:00,AWS-001,27.48,983.23,50.96,28.6139,77.209,216.0,False,NORMAL,NONE,False,none,27.48,983.23,50.96,{}
2026-08-05 09:40:00+00:00,AWS-001,27.7,983.34,50.18,28.6139,77.209,216.0,False,NORMAL,NONE,False,none,27.7,983.34,50.18,{}
2026-08-05 09:45:00+00:00,AWS-001,27.91,983.43,49.41,28.6139,77.209,216.0,False,NORMAL,NONE,False,none,27.91,983.43,49.41,{}
2026-08-05 09:50:00+00:00,AWS-001,28.27,983.58,48.05,28.6139,77.209,216.0,False,NORMAL,NONE,False,none,28.27,983.58,48.05,{}
2026-08-05 09:55:00+00:00,AWS-001,28.58,983.61,47.48,28.6139,77.209,216.0,False,NORMAL,NONE,False,none,28.58,983.61,47.48,{}
2026-08-05 10:00:00+00:00,AWS-001,28.57,983.6,47.91,28.6139,77.209,216.0,False,NORMAL,NONE,False,none,28.57,983.6,47.91,{}
2026-08-05 10:05:00+00:00,AWS-001,28.69,983.56,47.88,28.6139,77.209,216.0,False,NORMAL,NONE,False,none,28.69,983.56,47.88,{}
2026-08-05 10:10:00+00:00,AWS-001,28.65,983.74,47.38,28.6139,77.209,216.0,False,NORMAL,NONE,False,none,28.65,983.74,47.38,{}
2026-08-05 10:15:00+00:00,AWS-001,28.74,983.81,46.2,28.6139,77.209,216.0,False,NORMAL,NONE,False,none,28.74,983.81,46.2,{}
2026-08-05 10:20:00+00:00,AWS-001,28.73,983.8,46.65,28.6139,77.209,216.0,False,NORMAL,NONE,False,none,28.73,983.8,46.65,{}
2026-08-05 10:25:00+00:00,AWS-001,29.1,983.93,45.49,28.6139,77.209,216.0,False,NORMAL,NONE,False,none,29.1,983.93,45.49,{}
2026-08-05 10:30:00+00:00,AWS-001,29.23,984.03,46.5,28.6139,77.209,216.0,False,NORMAL,NONE,False,none,29.23,984.03,46.5,{}
2026-08-05 10:35:00+00:00,AWS-001,29.26,983.97,47.61,28.6139,77.209,216.0,False,NORMAL,NONE,False,none,29.26,983.97,47.61,{}
2026-08-05 10:40:00+00:00,AWS-001,29.54,983.94,47.96,28.6139,77.209,216.0,False,NORMAL,NONE,False,none,29.54,983.94,47.96,{}
2026-08-05 10:45:00+00:00,AWS-001,29.23,983.96,47.84,28.6139,77.209,216.0,False,NORMAL,NONE,False,none,29.23,983.96,47.84,{}
2026-08-05 10:50:00+00:00,AWS-001,29.01,983.92,48.62,28.6139,77.209,216.0,False,NORMAL,NONE,False,none,29.01,983.92,48.62,{}
2026-08-05 10:55:00+00:00,AWS-001,29.28,983.93,48.2,28.6139,77.209,216.0,False,NORMAL,NONE,False,none,29.28,983.93,48.2,{}
2026-08-05 11:00:00+00:00,AWS-001,29.42,984.0,48.06,28.6139,77.209,216.0,False,NORMAL,NONE,False,none,29.42,984.0,48.06,{}
2026-08-05 11:05:00+00:00,AWS-001,29.58,983.93,47.11,28.6139,77.209,216.0,False,NORMAL,NONE,False,none,29.58,983.93,47.11,{}
2026-08-05 11:10:00+00:00,AWS-001,29.47,983.97,47.98,28.6139,77.209,216.0,False,NORMAL,NONE,False,none,29.47,983.97,47.98,{}
2026-08-05 11:15:00+00:00,AWS-001,29.6,984.06,47.33,28.6139,77.209,216.0,False,NORMAL,NONE,False,none,29.6,984.06,47.33,{}
2026-08-05 11:20:00+00:00,AWS-001,30.07,984.09,45.95,28.6139,77.209,216.0,False,NORMAL,NONE,False,none,30.07,984.09,45.95,{}
2026-08-05 11:25:00+00:00,AWS-001,30.29,984.09,44.19,28.6139,77.209,216.0,False,NORMAL,NONE,False,none,30.29,984.09,44.19,{}
2026-08-05 11:30:00+00:00,AWS-001,30.39,984.06,44.3,28.6139,77.209,216.0,False,NORMAL,NONE,False,none,30.39,984.06,44.3,{}
2026-08-05 11:35:00+00:00,AWS-001,30.39,984.11,44.05,28.6139,77.209,216.0,False,NORMAL,NONE,False,none,30.39,984.11,44.05,{}
2026-08-05 11:40:00+00:00,AWS-001,30.4,984.05,44.25,28.6139,77.209,216.0,False,NORMAL,NONE,False,none,30.4,984.05,44.25,{}
2026-08-05 11:45:00+00:00,AWS-001,30.13,984.07,44.98,28.6139,77.209,216.0,False,NORMAL,NONE,False,none,30.13,984.07,44.98,{}
2026-08-05 11:50:00+00:00,AWS-001,30.3,984.07,44.57,28.6139,77.209,216.0,False,NORMAL,NONE,False,none,30.3,984.07,44.57,{}
2026-08-05 11:55:00+00:00,AWS-001,30.56,984.14,43.8,28.6139,77.209,216.0,False,NORMAL,NONE,False,none,30.56,984.14,43.8,{}
2026-08-05 12:00:00+00:00,AWS-001,30.39,984.1,44.63,28.6139,77.209,216.0,False,NORMAL,NONE,False,none,30.39,984.1,44.63,{}
2026-08-05 12:05:00+00:00,AWS-001,30.4,984.07,44.34,28.6139,77.209,216.0,False,NORMAL,NONE,False,none,30.4,984.07,44.34,{}
2026-08-05 12:10:00+00:00,AWS-001,30.33,984.0,43.48,28.6139,77.209,216.0,False,NORMAL,NONE,False,none,30.33,984.0,43.48,{}
2026-08-05 12:15:00+00:00,AWS-001,30.32,984.03,43.94,28.6139,77.209,216.0,False,NORMAL,NONE,False,none,30.32,984.03,43.94,{}
2026-08-05 12:20:00+00:00,AWS-001,30.48,984.0,43.02,28.6139,77.209,216.0,False,NORMAL,NONE,False,none,30.48,984.0,43.02,{}
2026-08-05 12:25:00+00:00,AWS-001,30.27,983.95,42.77,28.6139,77.209,216.0,False,NORMAL,NONE,False,none,30.27,983.95,42.77,{}
2026-08-05 12:30:00+00:00,AWS-001,30.54,983.91,41.63,28.6139,77.209,216.0,False,NORMAL,NONE,False,none,30.54,983.91,41.63,{}
2026-08-05 12:35:00+00:00,AWS-001,30.81,983.95,41.41,28.6139,77.209,216.0,False,NORMAL,NONE,False,none,30.81,983.95,41.41,{}
2026-08-05 12:40:00+00:00,AWS-001,30.89,983.89,41.36,28.6139,77.209,216.0,False,NORMAL,NONE,False,none,30.89,983.89,41.36,{}
2026-08-05 12:45:00+00:00,AWS-001,30.59,983.83,40.92,28.6139,77.209,216.0,False,NORMAL,NONE,False,none,30.59,983.83,40.92,{}
2026-08-05 12:50:00+00:00,AWS-001,30.58,983.9,41.06,28.6139,77.209,216.0,False,NORMAL,NONE,False,none,30.58,983.9,41.06,{}
2026-08-05 12:55:00+00:00,AWS-001,30.94,983.89,41.24,28.6139,77.209,216.0,False,NORMAL,NONE,False,none,30.94,983.89,41.24,{}
2026-08-05 13:00:00+00:00,AWS-001,30.6,983.95,41.97,28.6139,77.209,216.0,False,NORMAL,NONE,False,none,30.6,983.95,41.97,{}
2026-08-05 13:05:00+00:00,AWS-001,30.71,983.93,41.79,28.6139,77.209,216.0,False,NORMAL,NONE,False,none,30.71,983.93,41.79,{}
2026-08-05 13:10:00+00:00,AWS-001,30.67,983.93,42.73,28.6139,77.209,216.0,False,NORMAL,NONE,False,none,30.67,983.93,42.73,{}
2026-08-05 13:15:00+00:00,AWS-001,30.97,983.94,42.57,28.6139,77.209,216.0,False,NORMAL,NONE,False,none,30.97,983.94,42.57,{}
2026-08-05 13:20:00+00:00,AWS-001,30.98,984.02,43.14,28.6139,77.209,216.0,False,NORMAL,NONE,False,none,30.98,984.02,43.14,{}
2026-08-05 13:25:00+00:00,AWS-001,31.18,984.09,40.8,28.6139,77.209,216.0,False,NORMAL,NONE,False,none,31.18,984.09,40.8,{}
2026-08-05 13:30:00+00:00,AWS-001,31.39,984.14,41.58,28.6139,77.209,216.0,False,NORMAL,NONE,False,none,31.39,984.14,41.58,{}
2026-08-05 13:35:00+00:00,AWS-001,31.78,984.09,41.05,28.6139,77.209,216.0,False,NORMAL,NONE,False,none,31.78,984.09,41.05,{}
2026-08-05 13:40:00+00:00,AWS-001,31.78,984.02,42.51,28.6139,77.209,216.0,False,NORMAL,NONE,False,none,31.78,984.02,42.51,{}
2026-08-05 13:45:00+00:00,AWS-001,31.89,984.06,41.48,28.6139,77.209,216.0,False,NORMAL,NONE,False,none,31.89,984.06,41.48,{}
2026-08-05 13:50:00+00:00,AWS-001,31.67,984.13,40.68,28.6139,77.209,216.0,False,NORMAL,NONE,False,none,31.67,984.13,40.68,{}
2026-08-05 13:55:00+00:00,AWS-001,31.92,984.18,40.12,28.6139,77.209,216.0,False,NORMAL,NONE,False,none,31.92,984.18,40.12,{}
2026-08-05 14:00:00+00:00,AWS-001,31.82,984.16,40.2,28.6139,77.209,216.0,False,NORMAL,NONE,False,none,31.82,984.16,40.2,{}
2026-08-05 14:05:00+00:00,AWS-001,31.76,984.19,40.78,28.6139,77.209,216.0,False,NORMAL,NONE,False,none,31.76,984.19,40.78,{}
2026-08-05 14:10:00+00:00,AWS-001,31.8,984.22,41.34,28.6139,77.209,216.0,False,NORMAL,NONE,False,none,31.8,984.22,41.34,{}
2026-08-05 14:15:00+00:00,AWS-001,31.58,984.21,41.68,28.6139,77.209,216.0,False,NORMAL,NONE,False,none,31.58,984.21,41.68,{}
2026-08-05 14:20:00+00:00,AWS-001,31.68,984.21,41.2,28.6139,77.209,216.0,False,NORMAL,NONE,False,none,31.68,984.21,41.2,{}
2026-08-05 14:25:00+00:00,AWS-001,31.88,984.2,41.0,28.6139,77.209,216.0,False,NORMAL,NONE,False,none,31.88,984.2,41.0,{}
2026-08-05 14:30:00+00:00,AWS-001,31.95,984.15,40.58,28.6139,77.209,216.0,False,NORMAL,NONE,False,none,31.95,984.15,40.58,{}
2026-08-05 14:35:00+00:00,AWS-001,31.7,984.1,40.9,28.6139,77.209,216.0,False,NORMAL,NONE,False,none,31.7,984.1,40.9,{}
2026-08-05 14:40:00+00:00,AWS-001,31.71,984.06,41.5,28.6139,77.209,216.0,False,NORMAL,NONE,False,none,31.71,984.06,41.5,{}
2026-08-05 14:45:00+00:00,AWS-001,31.86,983.98,41.83,28.6139,77.209,216.0,False,NORMAL,NONE,False,none,31.86,983.98,41.83,{}
2026-08-05 14:50:00+00:00,AWS-001,31.56,984.01,43.01,28.6139,77.209,216.0,False,NORMAL,NONE,False,none,31.56,984.01,43.01,{}
2026-08-05 14:55:00+00:00,AWS-001,31.42,984.02,42.95,28.6139,77.209,216.0,False,NORMAL,NONE,False,none,31.42,984.02,42.95,{}
2026-08-05 15:00:00+00:00,AWS-001,31.62,984.09,40.91,28.6139,77.209,216.0,False,NORMAL,NONE,False,none,31.62,984.09,40.91,{}
2026-08-05 15:05:00+00:00,AWS-001,31.69,984.18,40.67,28.6139,77.209,216.0,False,NORMAL,NONE,False,none,31.69,984.18,40.67,{}
2026-08-05 15:10:00+00:00,AWS-001,31.76,984.27,40.04,28.6139,77.209,216.0,False,NORMAL,NONE,False,none,31.76,984.27,40.04,{}
2026-08-05 15:15:00+00:00,AWS-001,32.07,984.37,39.36,28.6139,77.209,216.0,False,NORMAL,NONE,False,none,32.07,984.37,39.36,{}
2026-08-05 15:20:00+00:00,AWS-001,32.1,984.33,38.96,28.6139,77.209,216.0,False,NORMAL,NONE,False,none,32.1,984.33,38.96,{}
2026-08-05 15:25:00+00:00,AWS-001,32.15,984.26,38.98,28.6139,77.209,216.0,False,NORMAL,NONE,False,none,32.15,984.26,38.98,{}
2026-08-05 15:30:00+00:00,AWS-001,32.53,984.34,37.61,28.6139,77.209,216.0,False,NORMAL,NONE,False,none,32.53,984.34,37.61,{}
2026-08-05 15:35:00+00:00,AWS-001,32.37,984.45,37.36,28.6139,77.209,216.0,False,NORMAL,NONE,False,none,32.37,984.45,37.36,{}
2026-08-05 15:40:00+00:00,AWS-001,32.12,984.56,38.98,28.6139,77.209,216.0,False,NORMAL,NONE,False,none,32.12,984.56,38.98,{}
2026-08-05 15:45:00+00:00,AWS-001,32.1,984.6,38.55,28.6139,77.209,216.0,False,NORMAL,NONE,False,none,32.1,984.6,38.55,{}
2026-08-05 15:50:00+00:00,AWS-001,32.08,984.5,38.81,28.6139,77.209,216.0,False,NORMAL,NONE,False,none,32.08,984.5,38.81,{}
2026-08-05 15:55:00+00:00,AWS-001,31.89,984.55,40.03,28.6139,77.209,216.0,False,NORMAL,NONE,False,none,31.89,984.55,40.03,{}
2026-08-05 16:00:00+00:00,AWS-001,31.63,984.62,41.27,28.6139,77.209,216.0,False,NORMAL,NONE,False,none,31.63,984.62,41.27,{}
2026-08-05 16:05:00+00:00,AWS-001,31.95,984.73,41.01,28.6139,77.209,216.0,False,NORMAL,NONE,False,none,31.95,984.73,41.01,{}
2026-08-05 16:10:00+00:00,AWS-001,31.89,984.84,41.23,28.6139,77.209,216.0,False,NORMAL,NONE,False,none,31.89,984.84,41.23,{}
2026-08-05 16:15:00+00:00,AWS-001,31.65,984.92,42.13,28.6139,77.209,216.0,False,NORMAL,NONE,False,none,31.65,984.92,42.13,{}
2026-08-05 16:20:00+00:00,AWS-001,31.7,984.91,42.71,28.6139,77.209,216.0,False,NORMAL,NONE,False,none,31.7,984.91,42.71,{}
2026-08-05 16:25:00+00:00,AWS-001,31.57,984.89,43.02,28.6139,77.209,216.0,False,NORMAL,NONE,False,none,31.57,984.89,43.02,{}
2026-08-05 16:30:00+00:00,AWS-001,31.42,984.96,41.95,28.6139,77.209,216.0,False,NORMAL,NONE,False,none,31.42,984.96,41.95,{}
2026-08-05 16:35:00+00:00,AWS-001,31.41,984.96,41.58,28.6139,77.209,216.0,False,NORMAL,NONE,False,none,31.41,984.96,41.58,{}
2026-08-05 16:40:00+00:00,AWS-001,31.08,985.09,42.81,28.6139,77.209,216.0,False,NORMAL,NONE,False,none,31.08,985.09,42.81,{}
2026-08-05 16:45:00+00:00,AWS-001,31.05,985.04,42.42,28.6139,77.209,216.0,False,NORMAL,NONE,False,none,31.05,985.04,42.42,{}
2026-08-05 16:50:00+00:00,AWS-001,31.28,985.13,42.91,28.6139,77.209,216.0,False,NORMAL,NONE,False,none,31.28,985.13,42.91,{}
2026-08-05 16:55:00+00:00,AWS-001,31.22,985.21,42.86,28.6139,77.209,216.0,False,NORMAL,NONE,False,none,31.22,985.21,42.86,{}
2026-08-05 17:00:00+00:00,AWS-001,31.02,985.26,43.28,28.6139,77.209,216.0,False,NORMAL,NONE,False,none,31.02,985.26,43.28,{}
2026-08-05 17:05:00+00:00,AWS-001,30.81,985.26,44.4,28.6139,77.209,216.0,False,NORMAL,NONE,False,none,30.81,985.26,44.4,{}
2026-08-05 17:10:00+00:00,AWS-001,30.63,985.21,44.55,28.6139,77.209,216.0,False,NORMAL,NONE,False,none,30.63,985.21,44.55,{}
2026-08-05 17:15:00+00:00,AWS-001,30.48,985.26,44.88,28.6139,77.209,216.0,False,NORMAL,NONE,False,none,30.48,985.26,44.88,{}
2026-08-05 17:20:00+00:00,AWS-001,30.31,985.32,45.72,28.6139,77.209,216.0,False,NORMAL,NONE,False,none,30.31,985.32,45.72,{}
2026-08-05 17:25:00+00:00,AWS-001,30.37,985.47,44.44,28.6139,77.209,216.0,False,NORMAL,NONE,False,none,30.37,985.47,44.44,{}
2026-08-05 17:30:00+00:00,AWS-001,29.97,985.51,45.27,28.6139,77.209,216.0,False,NORMAL,NONE,False,none,29.97,985.51,45.27,{}
2026-08-05 17:35:00+00:00,AWS-001,30.03,985.63,45.63,28.6139,77.209,216.0,False,NORMAL,NONE,False,none,30.03,985.63,45.63,{}
2026-08-05 17:40:00+00:00,AWS-001,29.86,985.64,46.03,28.6139,77.209,216.0,False,NORMAL,NONE,False,none,29.86,985.64,46.03,{}
2026-08-05 17:45:00+00:00,AWS-001,29.83,985.76,46.97,28.6139,77.209,216.0,False,NORMAL,NONE,False,none,29.83,985.76,46.97,{}
2026-08-05 17:50:00+00:00,AWS-001,29.53,985.72,46.56,28.6139,77.209,216.0,False,NORMAL,NONE,False,none,29.53,985.72,46.56,{}
2026-08-05 17:55:00+00:00,AWS-001,29.66,985.95,45.12,28.6139,77.209,216.0,False,NORMAL,NONE,False,none,29.66,985.95,45.12,{}
2026-08-05 18:00:00+00:00,AWS-001,29.75,986.04,45.52,28.6139,77.209,216.0,False,NORMAL,NONE,False,none,29.75,986.04,45.52,{}
2026-08-05 18:05:00+00:00,AWS-001,29.77,985.97,46.08,28.6139,77.209,216.0,False,NORMAL,NONE,False,none,29.77,985.97,46.08,{}
2026-08-05 18:10:00+00:00,AWS-001,29.35,986.04,47.02,28.6139,77.209,216.0,False,NORMAL,NONE,False,none,29.35,986.04,47.02,{}
2026-08-05 18:15:00+00:00,AWS-001,29.36,986.1,47.24,28.6139,77.209,216.0,False,NORMAL,NONE,False,none,29.36,986.1,47.24,{}
2026-08-05 18:20:00+00:00,AWS-001,29.28,986.17,47.87,28.6139,77.209,216.0,False,NORMAL,NONE,False,none,29.28,986.17,47.87,{}
2026-08-05 18:25:00+00:00,AWS-001,28.87,986.27,48.4,28.6139,77.209,216.0,False,NORMAL,NONE,False,none,28.87,986.27,48.4,{}
2026-08-05 18:30:00+00:00,AWS-001,28.75,986.35,48.28,28.6139,77.209,216.0,False,NORMAL,NONE,False,none,28.75,986.35,48.28,{}
2026-08-05 18:35:00+00:00,AWS-001,28.69,986.42,48.61,28.6139,77.209,216.0,False,NORMAL,NONE,False,none,28.69,986.42,48.61,{}
2026-08-05 18:40:00+00:00,AWS-001,28.65,986.47,49.32,28.6139,77.209,216.0,False,NORMAL,NONE,False,none,28.65,986.47,49.32,{}
2026-08-05 18:45:00+00:00,AWS-001,28.54,986.64,48.83,28.6139,77.209,216.0,False,NORMAL,NONE,False,none,28.54,986.64,48.83,{}
2026-08-05 18:50:00+00:00,AWS-001,28.44,986.83,49.04,28.6139,77.209,216.0,False,NORMAL,NONE,False,none,28.44,986.83,49.04,{}
2026-08-05 18:55:00+00:00,AWS-001,28.54,986.93,48.68,28.6139,77.209,216.0,False,NORMAL,NONE,False,none,28.54,986.93,48.68,{}
2026-08-05 19:00:00+00:00,AWS-001,28.57,987.04,48.95,28.6139,77.209,216.0,False,NORMAL,NONE,False,none,28.57,987.04,48.95,{}
2026-08-05 19:05:00+00:00,AWS-001,27.89,987.08,50.95,28.6139,77.209,216.0,False,NORMAL,NONE,False,none,27.89,987.08,50.95,{}
2026-08-05 19:10:00+00:00,AWS-001,27.71,987.2,51.19,28.6139,77.209,216.0,False,NORMAL,NONE,False,none,27.71,987.2,51.19,{}
2026-08-05 19:15:00+00:00,AWS-001,27.55,987.33,52.53,28.6139,77.209,216.0,False,NORMAL,NONE,False,none,27.55,987.33,52.53,{}
2026-08-05 19:20:00+00:00,AWS-001,27.13,987.42,53.43,28.6139,77.209,216.0,False,NORMAL,NONE,False,none,27.13,987.42,53.43,{}
2026-08-05 19:25:00+00:00,AWS-001,27.06,987.55,53.49,28.6139,77.209,216.0,False,NORMAL,NONE,False,none,27.06,987.55,53.49,{}
2026-08-05 19:30:00+00:00,AWS-001,27.16,987.68,52.19,28.6139,77.209,216.0,False,NORMAL,NONE,False,none,27.16,987.68,52.19,{}
2026-08-05 19:35:00+00:00,AWS-001,26.85,987.72,52.91,28.6139,77.209,216.0,False,NORMAL,NONE,False,none,26.85,987.72,52.91,{}
2026-08-05 19:40:00+00:00,AWS-001,26.8,987.89,53.63,28.6139,77.209,216.0,False,NORMAL,NONE,False,none,26.8,987.89,53.63,{}
2026-08-05 19:45:00+00:00,AWS-001,26.52,987.98,54.86,28.6139,77.209,216.0,False,NORMAL,NONE,False,none,26.52,987.98,54.86,{}
2026-08-05 19:50:00+00:00,AWS-001,26.31,988.17,56.05,28.6139,77.209,216.0,False,NORMAL,NONE,False,none,26.31,988.17,56.05,{}
2026-08-05 19:55:00+00:00,AWS-001,26.45,988.28,55.92,28.6139,77.209,216.0,False,NORMAL,NONE,False,none,26.45,988.28,55.92,{}
2026-08-05 20:00:00+00:00,AWS-001,26.23,988.48,57.95,28.6139,77.209,216.0,False,NORMAL,NONE,False,none,26.23,988.48,57.95,{}
2026-08-05 20:05:00+00:00,AWS-001,26.19,988.63,57.4,28.6139,77.209,216.0,False,NORMAL,NONE,False,none,26.19,988.63,57.4,{}
2026-08-05 20:10:00+00:00,AWS-001,25.74,988.71,57.77,28.6139,77.209,216.0,False,NORMAL,NONE,False,none,25.74,988.71,57.77,{}
2026-08-05 20:15:00+00:00,AWS-001,25.95,988.73,56.43,28.6139,77.209,216.0,False,NORMAL,NONE,False,none,25.95,988.73,56.43,{}
2026-08-05 20:20:00+00:00,AWS-001,25.91,988.76,56.27,28.6139,77.209,216.0,False,NORMAL,NONE,False,none,25.91,988.76,56.27,{}
2026-08-05 20:25:00+00:00,AWS-001,25.73,988.87,56.47,28.6139,77.209,216.0,False,NORMAL,NONE,False,none,25.73,988.87,56.47,{}
2026-08-05 20:30:00+00:00,AWS-001,25.68,988.94,56.97,28.6139,77.209,216.0,False,NORMAL,NONE,False,none,25.68,988.94,56.97,{}
2026-08-05 20:35:00+00:00,AWS-001,25.28,988.98,59.34,28.6139,77.209,216.0,False,NORMAL,NONE,False,none,25.28,988.98,59.34,{}
2026-08-05 20:40:00+00:00,AWS-001,25.35,989.09,60.14,28.6139,77.209,216.0,False,NORMAL,NONE,False,none,25.35,989.09,60.14,{}
2026-08-05 20:45:00+00:00,AWS-001,25.14,989.16,61.1,28.6139,77.209,216.0,False,NORMAL,NONE,False,none,25.14,989.16,61.1,{}
2026-08-05 20:50:00+00:00,AWS-001,24.96,989.27,62.97,28.6139,77.209,216.0,False,NORMAL,NONE,False,none,24.96,989.27,62.97,{}
2026-08-05 20:55:00+00:00,AWS-001,24.74,989.27,63.25,28.6139,77.209,216.0,False,NORMAL,NONE,False,none,24.74,989.27,63.25,{}
2026-08-05 21:00:00+00:00,AWS-001,24.51,989.39,62.83,28.6139,77.209,216.0,False,NORMAL,NONE,False,none,24.51,989.39,62.83,{}
2026-08-05 21:05:00+00:00,AWS-001,24.51,989.48,63.47,28.6139,77.209,216.0,False,NORMAL,NONE,False,none,24.51,989.48,63.47,{}
2026-08-05 21:10:00+00:00,AWS-001,24.42,989.6,62.52,28.6139,77.209,216.0,False,NORMAL,NONE,False,none,24.42,989.6,62.52,{}
2026-08-05 21:15:00+00:00,AWS-001,24.38,989.7,62.23,28.6139,77.209,216.0,False,NORMAL,NONE,False,none,24.38,989.7,62.23,{}
2026-08-05 21:20:00+00:00,AWS-001,24.23,989.73,63.27,28.6139,77.209,216.0,False,NORMAL,NONE,False,none,24.23,989.73,63.27,{}
2026-08-05 21:25:00+00:00,AWS-001,24.16,989.76,63.51,28.6139,77.209,216.0,False,NORMAL,NONE,False,none,24.16,989.76,63.51,{}
2026-08-05 21:30:00+00:00,AWS-001,23.94,989.9,64.33,28.6139,77.209,216.0,False,NORMAL,NONE,False,none,23.94,989.9,64.33,{}
2026-08-05 21:35:00+00:00,AWS-001,24.16,989.91,62.78,28.6139,77.209,216.0,False,NORMAL,NONE,False,none,24.16,989.91,62.78,{}
2026-08-05 21:40:00+00:00,AWS-001,23.71,989.99,64.7,28.6139,77.209,216.0,False,NORMAL,NONE,False,none,23.71,989.99,64.7,{}
2026-08-05 21:45:00+00:00,AWS-001,23.77,989.99,65.25,28.6139,77.209,216.0,False,NORMAL,NONE,False,none,23.77,989.99,65.25,{}
2026-08-05 21:50:00+00:00,AWS-001,23.82,989.91,65.07,28.6139,77.209,216.0,False,NORMAL,NONE,False,none,23.82,989.91,65.07,{}
2026-08-05 21:55:00+00:00,AWS-001,23.49,989.87,65.91,28.6139,77.209,216.0,False,NORMAL,NONE,False,none,23.49,989.87,65.91,{}
2026-08-05 22:00:00+00:00,AWS-001,23.69,989.93,64.41,28.6139,77.209,216.0,False,NORMAL,NONE,False,none,23.69,989.93,64.41,{}
2026-08-05 22:05:00+00:00,AWS-001,23.65,990.01,64.27,28.6139,77.209,216.0,False,NORMAL,NONE,False,none,23.65,990.01,64.27,{}
2026-08-05 22:10:00+00:00,AWS-001,23.59,990.06,64.99,28.6139,77.209,216.0,False,NORMAL,NONE,False,none,23.59,990.06,64.99,{}
2026-08-05 22:15:00+00:00,AWS-001,23.37,990.15,66.26,28.6139,77.209,216.0,False,NORMAL,NONE,False,none,23.37,990.15,66.26,{}
2026-08-05 22:20:00+00:00,AWS-001,23.12,990.19,66.89,28.6139,77.209,216.0,False,NORMAL,NONE,False,none,23.12,990.19,66.89,{}
2026-08-05 22:25:00+00:00,AWS-001,22.89,990.16,66.62,28.6139,77.209,216.0,False,NORMAL,NONE,False,none,22.89,990.16,66.62,{}
2026-08-05 22:30:00+00:00,AWS-001,22.78,990.21,67.74,28.6139,77.209,216.0,False,NORMAL,NONE,False,none,22.78,990.21,67.74,{}
2026-08-05 22:35:00+00:00,AWS-001,22.83,990.23,67.22,28.6139,77.209,216.0,False,NORMAL,NONE,False,none,22.83,990.23,67.22,{}
2026-08-05 22:40:00+00:00,AWS-001,22.66,990.21,68.68,28.6139,77.209,216.0,False,NORMAL,NONE,False,none,22.66,990.21,68.68,{}
2026-08-05 22:45:00+00:00,AWS-001,22.31,990.25,69.89,28.6139,77.209,216.0,False,NORMAL,NONE,False,none,22.31,990.25,69.89,{}
2026-08-05 22:50:00+00:00,AWS-001,22.29,990.26,69.62,28.6139,77.209,216.0,False,NORMAL,NONE,False,none,22.29,990.26,69.62,{}
2026-08-05 22:55:00+00:00,AWS-001,22.27,990.23,70.1,28.6139,77.209,216.0,False,NORMAL,NONE,False,none,22.27,990.23,70.1,{}
2026-08-05 23:00:00+00:00,AWS-001,22.19,990.23,72.15,28.6139,77.209,216.0,False,NORMAL,NONE,False,none,22.19,990.23,72.15,{}
2026-08-05 23:05:00+00:00,AWS-001,22.13,990.31,72.88,28.6139,77.209,216.0,False,NORMAL,NONE,False,none,22.13,990.31,72.88,{}
2026-08-05 23:10:00+00:00,AWS-001,21.9,990.39,73.92,28.6139,77.209,216.0,False,NORMAL,NONE,False,none,21.9,990.39,73.92,{}
2026-08-05 23:15:00+00:00,AWS-001,21.57,990.39,75.54,28.6139,77.209,216.0,False,NORMAL,NONE,False,none,21.57,990.39,75.54,{}
2026-08-05 23:20:00+00:00,AWS-001,21.28,990.38,75.66,28.6139,77.209,216.0,False,NORMAL,NONE,False,none,21.28,990.38,75.66,{}
2026-08-05 23:25:00+00:00,AWS-001,20.89,990.29,76.88,28.6139,77.209,216.0,False,NORMAL,NONE,False,none,20.89,990.29,76.88,{}
2026-08-05 23:30:00+00:00,AWS-001,20.85,990.38,75.68,28.6139,77.209,216.0,False,NORMAL,NONE,False,none,20.85,990.38,75.68,{}
2026-08-05 23:35:00+00:00,AWS-001,20.74,990.43,77.64,28.6139,77.209,216.0,False,NORMAL,NONE,False,none,20.74,990.43,77.64,{}
2026-08-05 23:40:00+00:00,AWS-001,20.58,990.45,79.54,28.6139,77.209,216.0,False,NORMAL,NONE,False,none,20.58,990.45,79.54,{}
2026-08-05 23:45:00+00:00,AWS-001,20.02,990.29,82.62,28.6139,77.209,216.0,False,NORMAL,NONE,False,none,20.02,990.29,82.62,{}
2026-08-05 23:50:00+00:00,AWS-001,19.79,990.28,83.82,28.6139,77.209,216.0,False,NORMAL,NONE,False,none,19.79,990.28,83.82,{}
2026-08-05 23:55:00+00:00,AWS-001,19.98,990.25,81.82,28.6139,77.209,216.0,False,NORMAL,NONE,False,none,19.98,990.25,81.82,{}
2026-08-06 00:00:00+00:00,AWS-001,19.78,990.28,82.82,28.6139,77.209,216.0,False,NORMAL,NONE,False,none,19.78,990.28,82.82,{}
2026-08-06 00:05:00+00:00,AWS-001,19.82,990.23,83.86,28.6139,77.209,216.0,False,NORMAL,NONE,False,none,19.82,990.23,83.86,{}
2026-08-06 00:10:00+00:00,AWS-001,19.55,990.2,85.25,28.6139,77.209,216.0,False,NORMAL,NONE,False,none,19.55,990.2,85.25,{}
2026-08-06 00:15:00+00:00,AWS-001,19.78,990.22,83.61,28.6139,77.209,216.0,False,NORMAL,NONE,False,none,19.78,990.22,83.61,{}
2026-08-06 00:20:00+00:00,AWS-001,19.72,990.15,82.83,28.6139,77.209,216.0,False,NORMAL,NONE,False,none,19.72,990.15,82.83,{}
2026-08-06 00:25:00+00:00,AWS-001,19.72,990.1,83.83,28.6139,77.209,216.0,False,NORMAL,NONE,False,none,19.72,990.1,83.83,{}
2026-08-06 00:30:00+00:00,AWS-001,20.06,990.1,82.05,28.6139,77.209,216.0,False,NORMAL,NONE,False,none,20.06,990.1,82.05,{}
2026-08-06 00:35:00+00:00,AWS-001,20.22,990.16,80.15,28.6139,77.209,216.0,False,NORMAL,NONE,False,none,20.22,990.16,80.15,{}
2026-08-06 00:40:00+00:00,AWS-001,20.05,990.18,80.61,28.6139,77.209,216.0,False,NORMAL,NONE,False,none,20.05,990.18,80.61,{}
2026-08-06 00:45:00+00:00,AWS-001,19.84,990.21,81.08,28.6139,77.209,216.0,False,NORMAL,NONE,False,none,19.84,990.21,81.08,{}
2026-08-06 00:50:00+00:00,AWS-001,19.7,990.19,82.04,28.6139,77.209,216.0,False,NORMAL,NONE,False,none,19.7,990.19,82.04,{}
2026-08-06 00:55:00+00:00,AWS-001,19.71,990.24,82.39,28.6139,77.209,216.0,False,NORMAL,NONE,False,none,19.71,990.24,82.39,{}
2026-08-06 01:00:00+00:00,AWS-001,19.62,990.1,82.8,28.6139,77.209,216.0,False,NORMAL,NONE,False,none,19.62,990.1,82.8,{}
2026-08-06 01:05:00+00:00,AWS-001,19.48,990.19,84.24,28.6139,77.209,216.0,False,NORMAL,NONE,False,none,19.48,990.19,84.24,{}
2026-08-06 01:10:00+00:00,AWS-001,19.67,990.28,83.44,28.6139,77.209,216.0,False,NORMAL,NONE,False,none,19.67,990.28,83.44,{}
2026-08-06 01:15:00+00:00,AWS-001,19.57,990.26,84.75,28.6139,77.209,216.0,False,NORMAL,NONE,False,none,19.57,990.26,84.75,{}
2026-08-06 01:20:00+00:00,AWS-001,19.87,990.26,82.9,28.6139,77.209,216.0,False,NORMAL,NONE,False,none,19.87,990.26,82.9,{}
2026-08-06 01:25:00+00:00,AWS-001,19.78,990.21,85.35,28.6139,77.209,216.0,False,NORMAL,NONE,False,none,19.78,990.21,85.35,{}
2026-08-06 01:30:00+00:00,AWS-001,19.97,990.15,83.73,28.6139,77.209,216.0,False,NORMAL,NONE,False,none,19.97,990.15,83.73,{}
2026-08-06 01:35:00+00:00,AWS-001,19.9,990.08,83.33,28.6139,77.209,216.0,False,NORMAL,NONE,False,none,19.9,990.08,83.33,{}
2026-08-06 01:40:00+00:00,AWS-001,19.94,990.04,82.41,28.6139,77.209,216.0,False,NORMAL,NONE,False,none,19.94,990.04,82.41,{}
2026-08-06 01:45:00+00:00,AWS-001,19.69,990.03,83.6,28.6139,77.209,216.0,False,NORMAL,NONE,False,none,19.69,990.03,83.6,{}
2026-08-06 01:50:00+00:00,AWS-001,19.45,990.03,83.82,28.6139,77.209,216.0,False,NORMAL,NONE,False,none,19.45,990.03,83.82,{}
2026-08-06 01:55:00+00:00,AWS-001,19.46,990.11,84.18,28.6139,77.209,216.0,False,NORMAL,NONE,False,none,19.46,990.11,84.18,{}
2026-08-06 02:00:00+00:00,AWS-001,19.55,990.07,82.62,28.6139,77.209,216.0,False,NORMAL,NONE,False,none,19.55,990.07,82.62,{}
2026-08-06 02:05:00+00:00,AWS-001,19.48,989.95,83.42,28.6139,77.209,216.0,False,NORMAL,NONE,False,none,19.48,989.95,83.42,{}
2026-08-06 02:10:00+00:00,AWS-001,19.2,990.01,84.32,28.6139,77.209,216.0,False,NORMAL,NONE,False,none,19.2,990.01,84.32,{}
2026-08-06 02:15:00+00:00,AWS-001,18.94,989.91,85.84,28.6139,77.209,216.0,False,NORMAL,NONE,False,none,18.94,989.91,85.84,{}
2026-08-06 02:20:00+00:00,AWS-001,18.7,989.85,87.87,28.6139,77.209,216.0,False,NORMAL,NONE,False,none,18.7,989.85,87.87,{}
2026-08-06 02:25:00+00:00,AWS-001,18.43,989.85,91.03,28.6139,77.209,216.0,False,NORMAL,NONE,False,none,18.43,989.85,91.03,{}
2026-08-06 02:30:00+00:00,AWS-001,18.51,989.85,89.85,28.6139,77.209,216.0,False,NORMAL,NONE,False,none,18.51,989.85,89.85,{}
2026-08-06 02:35:00+00:00,AWS-001,18.76,989.75,88.45,28.6139,77.209,216.0,False,NORMAL,NONE,False,none,18.76,989.75,88.45,{}
2026-08-06 02:40:00+00:00,AWS-001,18.79,989.7,87.91,28.6139,77.209,216.0,False,NORMAL,NONE,False,none,18.79,989.7,87.91,{}
2026-08-06 02:45:00+00:00,AWS-001,18.44,989.6,89.43,28.6139,77.209,216.0,False,NORMAL,NONE,False,none,18.44,989.6,89.43,{}
2026-08-06 02:50:00+00:00,AWS-001,18.49,989.65,88.92,28.6139,77.209,216.0,False,NORMAL,NONE,False,none,18.49,989.65,88.92,{}
2026-08-06 02:55:00+00:00,AWS-001,18.53,989.72,89.39,28.6139,77.209,216.0,False,NORMAL,NONE,False,none,18.53,989.72,89.39,{}
2026-08-06 03:00:00+00:00,AWS-001,18.96,989.65,86.85,28.6139,77.209,216.0,False,NORMAL,NONE,False,none,18.96,989.65,86.85,{}
2026-08-06 03:05:00+00:00,AWS-001,18.74,989.71,89.6,28.6139,77.209,216.0,False,NORMAL,NONE,False,none,18.74,989.71,89.6,{}
2026-08-06 03:10:00+00:00,AWS-001,18.74,989.77,89.8,28.6139,77.209,216.0,False,NORMAL,NONE,False,none,18.74,989.77,89.8,{}
2026-08-06 03:15:00+00:00,AWS-001,19.09,989.73,87.11,28.6139,77.209,216.0,False,NORMAL,NONE,False,none,19.09,989.73,87.11,{}
2026-08-06 03:20:00+00:00,AWS-001,19.19,989.62,86.31,28.6139,77.209,216.0,False,NORMAL,NONE,False,none,19.19,989.62,86.31,{}
2026-08-06 03:25:00+00:00,AWS-001,19.31,989.58,85.2,28.6139,77.209,216.0,False,NORMAL,NONE,False,none,19.31,989.58,85.2,{}
2026-08-06 03:30:00+00:00,AWS-001,19.35,989.57,85.61,28.6139,77.209,216.0,False,NORMAL,NONE,False,none,19.35,989.57,85.61,{}
2026-08-06 03:35:00+00:00,AWS-001,19.42,989.69,84.18,28.6139,77.209,216.0,False,NORMAL,NONE,False,none,19.42,989.69,84.18,{}
2026-08-06 03:40:00+00:00,AWS-001,19.57,989.7,82.72,28.6139,77.209,216.0,False,NORMAL,NONE,False,none,19.57,989.7,82.72,{}
2026-08-06 03:45:00+00:00,AWS-001,19.44,989.67,83.27,28.6139,77.209,216.0,False,NORMAL,NONE,False,none,19.44,989.67,83.27,{}
2026-08-06 03:50:00+00:00,AWS-001,19.62,989.71,83.04,28.6139,77.209,216.0,False,NORMAL,NONE,False,none,19.62,989.71,83.04,{}
2026-08-06 03:55:00+00:00,AWS-001,19.41,989.66,85.1,28.6139,77.209,216.0,False,NORMAL,NONE,False,none,19.41,989.66,85.1,{}
2026-08-06 04:00:00+00:00,AWS-001,19.52,989.73,85.43,28.6139,77.209,216.0,False,NORMAL,NONE,False,none,19.52,989.73,85.43,{}
2026-08-06 04:05:00+00:00,AWS-001,19.6,989.72,85.24,28.6139,77.209,216.0,False,NORMAL,NONE,False,none,19.6,989.72,85.24,{}
2026-08-06 04:10:00+00:00,AWS-001,19.55,989.71,85.32,28.6139,77.209,216.0,False,NORMAL,NONE,False,none,19.55,989.71,85.32,{}
2026-08-06 04:15:00+00:00,AWS-001,19.61,989.78,85.38,28.6139,77.209,216.0,False,NORMAL,NONE,False,none,19.61,989.78,85.38,{}
2026-08-06 04:20:00+00:00,AWS-001,19.57,989.93,84.67,28.6139,77.209,216.0,False,NORMAL,NONE,False,none,19.57,989.93,84.67,{}
2026-08-06 04:25:00+00:00,AWS-001,19.48,990.1,83.96,28.6139,77.209,216.0,False,NORMAL,NONE,False,none,19.48,990.1,83.96,{}
2026-08-06 04:30:00+00:00,AWS-001,19.52,990.07,84.13,28.6139,77.209,216.0,False,NORMAL,NONE,False,none,19.52,990.07,84.13,{}
2026-08-06 04:35:00+00:00,AWS-001,19.45,990.08,83.95,28.6139,77.209,216.0,False,NORMAL,NONE,False,none,19.45,990.08,83.95,{}
2026-08-06 04:40:00+00:00,AWS-001,19.63,990.15,83.1,28.6139,77.209,216.0,False,NORMAL,NONE,False,none,19.63,990.15,83.1,{}
2026-08-06 04:45:00+00:00,AWS-001,19.56,990.26,83.69,28.6139,77.209,216.0,False,NORMAL,NONE,False,none,19.56,990.26,83.69,{}
2026-08-06 04:50:00+00:00,AWS-001,19.82,990.18,82.6,28.6139,77.209,216.0,False,NORMAL,NONE,False,none,19.82,990.18,82.6,{}
2026-08-06 04:55:00+00:00,AWS-001,19.75,990.24,83.65,28.6139,77.209,216.0,False,NORMAL,NONE,False,none,19.75,990.24,83.65,{}
2026-08-06 05:00:00+00:00,AWS-001,19.8,990.26,83.89,28.6139,77.209,216.0,False,NORMAL,NONE,False,none,19.8,990.26,83.89,{}
2026-08-06 05:05:00+00:00,AWS-001,19.84,990.21,83.66,28.6139,77.209,216.0,False,NORMAL,NONE,False,none,19.84,990.21,83.66,{}
2026-08-06 05:10:00+00:00,AWS-001,20.22,990.2,81.35,28.6139,77.209,216.0,False,NORMAL,NONE,False,none,20.22,990.2,81.35,{}
2026-08-06 05:15:00+00:00,AWS-001,20.4,990.24,80.47,28.6139,77.209,216.0,False,NORMAL,NONE,False,none,20.4,990.24,80.47,{}
2026-08-06 05:20:00+00:00,AWS-001,20.48,990.32,79.63,28.6139,77.209,216.0,False,NORMAL,NONE,False,none,20.48,990.32,79.63,{}
2026-08-06 05:25:00+00:00,AWS-001,20.69,990.45,78.51,28.6139,77.209,216.0,False,NORMAL,NONE,False,none,20.69,990.45,78.51,{}
2026-08-06 05:30:00+00:00,AWS-001,20.45,990.55,81.37,28.6139,77.209,216.0,False,NORMAL,NONE,False,none,20.45,990.55,81.37,{}
2026-08-06 05:35:00+00:00,AWS-001,20.59,990.68,80.53,28.6139,77.209,216.0,False,NORMAL,NONE,False,none,20.59,990.68,80.53,{}
2026-08-06 05:40:00+00:00,AWS-001,21.07,990.74,78.29,28.6139,77.209,216.0,False,NORMAL,NONE,False,none,21.07,990.74,78.29,{}
2026-08-06 05:45:00+00:00,AWS-001,21.2,990.77,77.01,28.6139,77.209,216.0,False,NORMAL,NONE,False,none,21.2,990.77,77.01,{}
2026-08-06 05:50:00+00:00,AWS-001,21.32,990.83,76.98,28.6139,77.209,216.0,False,NORMAL,NONE,False,none,21.32,990.83,76.98,{}
2026-08-06 05:55:00+00:00,AWS-001,21.52,990.95,76.35,28.6139,77.209,216.0,False,NORMAL,NONE,False,none,21.52,990.95,76.35,{}
2026-08-06 06:00:00+00:00,AWS-001,21.76,991.08,75.46,28.6139,77.209,216.0,False,NORMAL,NONE,False,none,21.76,991.08,75.46,{}
2026-08-06 06:05:00+00:00,AWS-001,21.52,991.14,76.44,28.6139,77.209,216.0,False,NORMAL,NONE,False,none,21.52,991.14,76.44,{}
2026-08-06 06:10:00+00:00,AWS-001,21.36,991.15,77.52,28.6139,77.209,216.0,False,NORMAL,NONE,False,none,21.36,991.15,77.52,{}
2026-08-06 06:15:00+00:00,AWS-001,21.56,991.25,77.09,28.6139,77.209,216.0,False,NORMAL,NONE,False,none,21.56,991.25,77.09,{}
2026-08-06 06:20:00+00:00,AWS-001,21.6,991.35,76.71,28.6139,77.209,216.0,False,NORMAL,NONE,False,none,21.6,991.35,76.71,{}
2026-08-06 06:25:00+00:00,AWS-001,21.98,991.49,74.55,28.6139,77.209,216.0,False,NORMAL,NONE,False,none,21.98,991.49,74.55,{}
2026-08-06 06:30:00+00:00,AWS-001,22.07,991.52,74.44,28.6139,77.209,216.0,False,NORMAL,NONE,False,none,22.07,991.52,74.44,{}
2026-08-06 06:35:00+00:00,AWS-001,21.89,991.55,74.32,28.6139,77.209,216.0,False,NORMAL,NONE,False,none,21.89,991.55,74.32,{}
2026-08-06 06:40:00+00:00,AWS-001,21.86,991.67,73.8,28.6139,77.209,216.0,False,NORMAL,NONE,False,none,21.86,991.67,73.8,{}
2026-08-06 06:45:00+00:00,AWS-001,21.6,991.71,74.81,28.6139,77.209,216.0,False,NORMAL,NONE,False,none,21.6,991.71,74.81,{}
2026-08-06 06:50:00+00:00,AWS-001,21.81,991.76,72.68,28.6139,77.209,216.0,False,NORMAL,NONE,False,none,21.81,991.76,72.68,{}
2026-08-06 06:55:00+00:00,AWS-001,22.02,991.91,72.36,28.6139,77.209,216.0,False,NORMAL,NONE,False,none,22.02,991.91,72.36,{}
2026-08-06 07:00:00+00:00,AWS-001,22.18,991.9,71.04,28.6139,77.209,216.0,False,NORMAL,NONE,False,none,22.18,991.9,71.04,{}
2026-08-06 07:05:00+00:00,AWS-001,22.58,992.09,69.07,28.6139,77.209,216.0,False,NORMAL,NONE,False,none,22.58,992.09,69.07,{}
2026-08-06 07:10:00+00:00,AWS-001,22.98,992.12,67.39,28.6139,77.209,216.0,False,NORMAL,NONE,False,none,22.98,992.12,67.39,{}
2026-08-06 07:15:00+00:00,AWS-001,23.12,992.24,66.97,28.6139,77.209,216.0,False,NORMAL,NONE,False,none,23.12,992.24,66.97,{}
2026-08-06 07:20:00+00:00,AWS-001,22.93,992.3,67.62,28.6139,77.209,216.0,False,NORMAL,NONE,False,none,22.93,992.3,67.62,{}
2026-08-06 07:25:00+00:00,AWS-001,23.24,992.38,66.42,28.6139,77.209,216.0,False,NORMAL,NONE,False,none,23.24,992.38,66.42,{}
2026-08-06 07:30:00+00:00,AWS-001,23.52,992.43,65.36,28.6139,77.209,216.0,False,NORMAL,NONE,False,none,23.52,992.43,65.36,{}
2026-08-06 07:35:00+00:00,AWS-001,23.74,992.54,64.29,28.6139,77.209,216.0,False,NORMAL,NONE,False,none,23.74,992.54,64.29,{}
2026-08-06 07:40:00+00:00,AWS-001,24.06,992.58,62.66,28.6139,77.209,216.0,False,NORMAL,NONE,False,none,24.06,992.58,62.66,{}
2026-08-06 07:45:00+00:00,AWS-001,24.01,992.61,63.73,28.6139,77.209,216.0,False,NORMAL,NONE,False,none,24.01,992.61,63.73,{}
2026-08-06 07:50:00+00:00,AWS-001,24.5,992.78,60.56,28.6139,77.209,216.0,False,NORMAL,NONE,False,none,24.5,992.78,60.56,{}
2026-08-06 07:55:00+00:00,AWS-001,24.47,992.83,60.81,28.6139,77.209,216.0,False,NORMAL,NONE,False,none,24.47,992.83,60.81,{}
2026-08-06 08:00:00+00:00,AWS-001,24.73,992.85,59.74,28.6139,77.209,216.0,False,NORMAL,NONE,False,none,24.73,992.85,59.74,{}
2026-08-06 08:05:00+00:00,AWS-001,24.58,992.82,60.79,28.6139,77.209,216.0,False,NORMAL,NONE,False,none,24.58,992.82,60.79,{}
2026-08-06 08:10:00+00:00,AWS-001,24.59,992.99,59.99,28.6139,77.209,216.0,False,NORMAL,NONE,False,none,24.59,992.99,59.99,{}
2026-08-06 08:15:00+00:00,AWS-001,25.02,993.01,58.37,28.6139,77.209,216.0,False,NORMAL,NONE,False,none,25.02,993.01,58.37,{}
2026-08-06 08:20:00+00:00,AWS-001,25.12,993.19,58.21,28.6139,77.209,216.0,False,NORMAL,NONE,False,none,25.12,993.19,58.21,{}
2026-08-06 08:25:00+00:00,AWS-001,25.41,993.25,58.1,28.6139,77.209,216.0,False,NORMAL,NONE,False,none,25.41,993.25,58.1,{}
2026-08-06 08:30:00+00:00,AWS-001,25.58,993.3,57.82,28.6139,77.209,216.0,False,NORMAL,NONE,False,none,25.58,993.3,57.82,{}
2026-08-06 08:35:00+00:00,AWS-001,25.69,993.35,56.74,28.6139,77.209,216.0,False,NORMAL,NONE,False,none,25.69,993.35,56.74,{}
2026-08-06 08:40:00+00:00,AWS-001,26.05,993.52,55.37,28.6139,77.209,216.0,False,NORMAL,NONE,False,none,26.05,993.52,55.37,{}
2026-08-06 08:45:00+00:00,AWS-001,26.12,993.42,55.88,28.6139,77.209,216.0,False,NORMAL,NONE,False,none,26.12,993.42,55.88,{}
2026-08-06 08:50:00+00:00,AWS-001,25.94,993.47,55.8,28.6139,77.209,216.0,False,NORMAL,NONE,False,none,25.94,993.47,55.8,{}
2026-08-06 08:55:00+00:00,AWS-001,25.96,993.49,55.85,28.6139,77.209,216.0,False,NORMAL,NONE,False,none,25.96,993.49,55.85,{}
2026-08-06 09:00:00+00:00,AWS-001,26.22,993.51,55.12,28.6139,77.209,216.0,False,NORMAL,NONE,False,none,26.22,993.51,55.12,{}
2026-08-06 09:05:00+00:00,AWS-001,26.44,993.55,54.29,28.6139,77.209,216.0,False,NORMAL,NONE,False,none,26.44,993.55,54.29,{}
2026-08-06 09:10:00+00:00,AWS-001,26.32,993.57,56.52,28.6139,77.209,216.0,False,NORMAL,NONE,False,none,26.32,993.57,56.52,{}
2026-08-06 09:15:00+00:00,AWS-001,26.37,993.61,55.95,28.6139,77.209,216.0,False,NORMAL,NONE,False,none,26.37,993.61,55.95,{}
2026-08-06 09:20:00+00:00,AWS-001,26.46,993.64,55.87,28.6139,77.209,216.0,False,NORMAL,NONE,False,none,26.46,993.64,55.87,{}
2026-08-06 09:25:00+00:00,AWS-001,26.59,993.59,54.86,28.6139,77.209,216.0,False,NORMAL,NONE,False,none,26.59,993.59,54.86,{}
2026-08-06 09:30:00+00:00,AWS-001,26.55,993.64,55.3,28.6139,77.209,216.0,False,NORMAL,NONE,False,none,26.55,993.64,55.3,{}
2026-08-06 09:35:00+00:00,AWS-001,26.65,993.71,55.44,28.6139,77.209,216.0,False,NORMAL,NONE,False,none,26.65,993.71,55.44,{}
2026-08-06 09:40:00+00:00,AWS-001,26.74,993.7,54.63,28.6139,77.209,216.0,False,NORMAL,NONE,False,none,26.74,993.7,54.63,{}
2026-08-06 09:45:00+00:00,AWS-001,27.09,993.84,53.43,28.6139,77.209,216.0,False,NORMAL,NONE,False,none,27.09,993.84,53.43,{}
2026-08-06 09:50:00+00:00,AWS-001,27.41,993.93,51.81,28.6139,77.209,216.0,False,NORMAL,NONE,False,none,27.41,993.93,51.81,{}
2026-08-06 09:55:00+00:00,AWS-001,27.56,993.98,50.69,28.6139,77.209,216.0,False,NORMAL,NONE,False,none,27.56,993.98,50.69,{}
2026-08-06 10:00:00+00:00,AWS-001,27.65,994.03,51.18,28.6139,77.209,216.0,False,NORMAL,NONE,False,none,27.65,994.03,51.18,{}
2026-08-06 10:05:00+00:00,AWS-001,27.84,994.02,50.28,28.6139,77.209,216.0,False,NORMAL,NONE,False,none,27.84,994.02,50.28,{}
2026-08-06 10:10:00+00:00,AWS-001,27.87,994.08,48.76,28.6139,77.209,216.0,False,NORMAL,NONE,False,none,27.87,994.08,48.76,{}
2026-08-06 10:15:00+00:00,AWS-001,27.85,994.16,50.22,28.6139,77.209,216.0,False,NORMAL,NONE,False,none,27.85,994.16,50.22,{}
2026-08-06 10:20:00+00:00,AWS-001,27.88,994.19,49.69,28.6139,77.209,216.0,False,NORMAL,NONE,False,none,27.88,994.19,49.69,{}
2026-08-06 10:25:00+00:00,AWS-001,27.97,994.13,49.4,28.6139,77.209,216.0,False,NORMAL,NONE,False,none,27.97,994.13,49.4,{}
2026-08-06 10:30:00+00:00,AWS-001,27.97,994.1,50.56,28.6139,77.209,216.0,False,NORMAL,NONE,False,none,27.97,994.1,50.56,{}
2026-08-06 10:35:00+00:00,AWS-001,28.21,994.11,49.74,28.6139,77.209,216.0,False,NORMAL,NONE,False,none,28.21,994.11,49.74,{}
2026-08-06 10:40:00+00:00,AWS-001,28.53,994.13,48.7,28.6139,77.209,216.0,False,NORMAL,NONE,False,none,28.53,994.13,48.7,{}
2026-08-06 10:45:00+00:00,AWS-001,28.44,994.1,48.18,28.6139,77.209,216.0,False,NORMAL,NONE,False,none,28.44,994.1,48.18,{}
2026-08-06 10:50:00+00:00,AWS-001,28.64,994.03,46.7,28.6139,77.209,216.0,False,NORMAL,NONE,False,none,28.64,994.03,46.7,{}
2026-08-06 10:55:00+00:00,AWS-001,28.78,994.1,46.43,28.6139,77.209,216.0,False,NORMAL,NONE,False,none,28.78,994.1,46.43,{}
2026-08-06 11:00:00+00:00,AWS-001,29.02,994.0,46.24,28.6139,77.209,216.0,False,NORMAL,NONE,False,none,29.02,994.0,46.24,{}
2026-08-06 11:05:00+00:00,AWS-001,29.18,993.91,46.15,28.6139,77.209,216.0,False,NORMAL,NONE,False,none,29.18,993.91,46.15,{}
2026-08-06 11:10:00+00:00,AWS-001,29.09,993.81,46.19,28.6139,77.209,216.0,False,NORMAL,NONE,False,none,29.09,993.81,46.19,{}
2026-08-06 11:15:00+00:00,AWS-001,29.05,993.73,46.43,28.6139,77.209,216.0,False,NORMAL,NONE,False,none,29.05,993.73,46.43,{}
2026-08-06 11:20:00+00:00,AWS-001,29.25,993.78,44.84,28.6139,77.209,216.0,False,NORMAL,NONE,False,none,29.25,993.78,44.84,{}
2026-08-06 11:25:00+00:00,AWS-001,29.6,993.83,44.47,28.6139,77.209,216.0,False,NORMAL,NONE,False,none,29.6,993.83,44.47,{}
2026-08-06 11:30:00+00:00,AWS-001,29.37,993.79,45.34,28.6139,77.209,216.0,False,NORMAL,NONE,False,none,29.37,993.79,45.34,{}
2026-08-06 11:35:00+00:00,AWS-001,29.61,993.78,46.09,28.6139,77.209,216.0,False,NORMAL,NONE,False,none,29.61,993.78,46.09,{}
2026-08-06 11:40:00+00:00,AWS-001,29.98,993.75,45.08,28.6139,77.209,216.0,False,NORMAL,NONE,False,none,29.98,993.75,45.08,{}
2026-08-06 11:45:00+00:00,AWS-001,30.08,993.64,44.15,28.6139,77.209,216.0,False,NORMAL,NONE,False,none,30.08,993.64,44.15,{}
2026-08-06 11:50:00+00:00,AWS-001,30.3,993.73,43.6,28.6139,77.209,216.0,False,NORMAL,NONE,False,none,30.3,993.73,43.6,{}
2026-08-06 11:55:00+00:00,AWS-001,30.29,993.77,43.45,28.6139,77.209,216.0,False,NORMAL,NONE,False,none,30.29,993.77,43.45,{}
2026-08-06 12:00:00+00:00,AWS-001,30.39,993.74,43.53,28.6139,77.209,216.0,False,NORMAL,NONE,False,none,30.39,993.74,43.53,{}
2026-08-06 12:05:00+00:00,AWS-001,30.23,993.63,43.94,28.6139,77.209,216.0,False,NORMAL,NONE,False,none,30.23,993.63,43.94,{}
2026-08-06 12:10:00+00:00,AWS-001,29.98,993.57,43.78,28.6139,77.209,216.0,False,NORMAL,NONE,False,none,29.98,993.57,43.78,{}
2026-08-06 12:15:00+00:00,AWS-001,30.32,993.48,42.02,28.6139,77.209,216.0,False,NORMAL,NONE,False,none,30.32,993.48,42.02,{}
2026-08-06 12:20:00+00:00,AWS-001,30.3,993.44,42.49,28.6139,77.209,216.0,False,NORMAL,NONE,False,none,30.3,993.44,42.49,{}
2026-08-06 12:25:00+00:00,AWS-001,30.38,993.41,43.35,28.6139,77.209,216.0,False,NORMAL,NONE,False,none,30.38,993.41,43.35,{}
2026-08-06 12:30:00+00:00,AWS-001,30.3,993.34,43.63,28.6139,77.209,216.0,False,NORMAL,NONE,False,none,30.3,993.34,43.63,{}
2026-08-06 12:35:00+00:00,AWS-001,30.23,993.21,44.33,28.6139,77.209,216.0,False,NORMAL,NONE,False,none,30.23,993.21,44.33,{}
2026-08-06 12:40:00+00:00,AWS-001,30.38,993.3,44.53,28.6139,77.209,216.0,False,NORMAL,NONE,False,none,30.38,993.3,44.53,{}
2026-08-06 12:45:00+00:00,AWS-001,30.42,993.26,44.43,28.6139,77.209,216.0,False,NORMAL,NONE,False,none,30.42,993.26,44.43,{}
2026-08-06 12:50:00+00:00,AWS-001,30.65,993.24,43.19,28.6139,77.209,216.0,False,NORMAL,NONE,False,none,30.65,993.24,43.19,{}
2026-08-06 12:55:00+00:00,AWS-001,30.87,993.16,42.72,28.6139,77.209,216.0,False,NORMAL,NONE,False,none,30.87,993.16,42.72,{}
2026-08-06 13:00:00+00:00,AWS-001,31.05,993.02,43.0,28.6139,77.209,216.0,False,NORMAL,NONE,False,none,31.05,993.02,43.0,{}
2026-08-06 13:05:00+00:00,AWS-001,31.19,992.97,42.81,28.6139,77.209,216.0,False,NORMAL,NONE,False,none,31.19,992.97,42.81,{}
2026-08-06 13:10:00+00:00,AWS-001,31.54,992.91,42.26,28.6139,77.209,216.0,False,NORMAL,NONE,False,none,31.54,992.91,42.26,{}
2026-08-06 13:15:00+00:00,AWS-001,31.42,992.91,42.02,28.6139,77.209,216.0,False,NORMAL,NONE,False,none,31.42,992.91,42.02,{}
2026-08-06 13:20:00+00:00,AWS-001,31.48,992.92,41.59,28.6139,77.209,216.0,False,NORMAL,NONE,False,none,31.48,992.92,41.59,{}
2026-08-06 13:25:00+00:00,AWS-001,31.73,992.92,40.81,28.6139,77.209,216.0,False,NORMAL,NONE,False,none,31.73,992.92,40.81,{}
2026-08-06 13:30:00+00:00,AWS-001,31.98,992.93,40.12,28.6139,77.209,216.0,False,NORMAL,NONE,False,none,31.98,992.93,40.12,{}
2026-08-06 13:35:00+00:00,AWS-001,31.75,992.98,41.3,28.6139,77.209,216.0,False,NORMAL,NONE,False,none,31.75,992.98,41.3,{}
2026-08-06 13:40:00+00:00,AWS-001,31.73,992.94,39.68,28.6139,77.209,216.0,False,NORMAL,NONE,False,none,31.73,992.94,39.68,{}
2026-08-06 13:45:00+00:00,AWS-001,32.0,992.95,39.17,28.6139,77.209,216.0,False,NORMAL,NONE,False,none,32.0,992.95,39.17,{}
2026-08-06 13:50:00+00:00,AWS-001,32.09,992.91,38.97,28.6139,77.209,216.0,False,NORMAL,NONE,False,none,32.09,992.91,38.97,{}
2026-08-06 13:55:00+00:00,AWS-001,32.12,992.74,38.09,28.6139,77.209,216.0,False,NORMAL,NONE,False,none,32.12,992.74,38.09,{}
2026-08-06 14:00:00+00:00,AWS-001,32.08,992.68,38.78,28.6139,77.209,216.0,False,NORMAL,NONE,False,none,32.08,992.68,38.78,{}
2026-08-06 14:05:00+00:00,AWS-001,32.01,992.58,38.55,28.6139,77.209,216.0,False,NORMAL,NONE,False,none,32.01,992.58,38.55,{}
2026-08-06 14:10:00+00:00,AWS-001,32.06,992.55,38.35,28.6139,77.209,216.0,False,NORMAL,NONE,False,none,32.06,992.55,38.35,{}
2026-08-06 14:15:00+00:00,AWS-001,32.02,992.46,39.77,28.6139,77.209,216.0,False,NORMAL,NONE,False,none,32.02,992.46,39.77,{}
2026-08-06 14:20:00+00:00,AWS-001,32.01,992.46,40.37,28.6139,77.209,216.0,False,NORMAL,NONE,False,none,32.01,992.46,40.37,{}
2026-08-06 14:25:00+00:00,AWS-001,32.02,992.48,40.57,28.6139,77.209,216.0,False,NORMAL,NONE,False,none,32.02,992.48,40.57,{}
2026-08-06 14:30:00+00:00,AWS-001,31.91,992.51,40.9,28.6139,77.209,216.0,False,NORMAL,NONE,False,none,31.91,992.51,40.9,{}
2026-08-06 14:35:00+00:00,AWS-001,32.0,992.57,40.39,28.6139,77.209,216.0,False,NORMAL,NONE,False,none,32.0,992.57,40.39,{}
2026-08-06 14:40:00+00:00,AWS-001,32.48,992.42,40.46,28.6139,77.209,216.0,False,NORMAL,NONE,False,none,32.48,992.42,40.46,{}
2026-08-06 14:45:00+00:00,AWS-001,32.11,992.31,41.46,28.6139,77.209,216.0,False,NORMAL,NONE,False,none,32.11,992.31,41.46,{}
2026-08-06 14:50:00+00:00,AWS-001,32.14,992.46,40.58,28.6139,77.209,216.0,False,NORMAL,NONE,False,none,32.14,992.46,40.58,{}
2026-08-06 14:55:00+00:00,AWS-001,31.97,992.48,39.84,28.6139,77.209,216.0,False,NORMAL,NONE,False,none,31.97,992.48,39.84,{}
2026-08-06 15:00:00+00:00,AWS-001,32.05,992.45,39.97,28.6139,77.209,216.0,False,NORMAL,NONE,False,none,32.05,992.45,39.97,{}
2026-08-06 15:05:00+00:00,AWS-001,32.02,992.41,39.9,28.6139,77.209,216.0,False,NORMAL,NONE,False,none,32.02,992.41,39.9,{}
2026-08-06 15:10:00+00:00,AWS-001,32.11,992.37,38.71,28.6139,77.209,216.0,False,NORMAL,NONE,False,none,32.11,992.37,38.71,{}
2026-08-06 15:15:00+00:00,AWS-001,32.25,992.23,38.73,28.6139,77.209,216.0,False,NORMAL,NONE,False,none,32.25,992.23,38.73,{}
2026-08-06 15:20:00+00:00,AWS-001,32.2,992.16,38.67,28.6139,77.209,216.0,False,NORMAL,NONE,False,none,32.2,992.16,38.67,{}
2026-08-06 15:25:00+00:00,AWS-001,32.31,992.14,38.8,28.6139,77.209,216.0,False,NORMAL,NONE,False,none,32.31,992.14,38.8,{}
2026-08-06 15:30:00+00:00,AWS-001,31.83,992.09,40.14,28.6139,77.209,216.0,False,NORMAL,NONE,False,none,31.83,992.09,40.14,{}
2026-08-06 15:35:00+00:00,AWS-001,32.04,992.05,39.2,28.6139,77.209,216.0,False,NORMAL,NONE,False,none,32.04,992.05,39.2,{}
2026-08-06 15:40:00+00:00,AWS-001,32.02,992.2,39.64,28.6139,77.209,216.0,False,NORMAL,NONE,False,none,32.02,992.2,39.64,{}
2026-08-06 15:45:00+00:00,AWS-001,32.12,992.18,39.06,28.6139,77.209,216.0,False,NORMAL,NONE,False,none,32.12,992.18,39.06,{}
2026-08-06 15:50:00+00:00,AWS-001,31.81,992.19,39.47,28.6139,77.209,216.0,False,NORMAL,NONE,False,none,31.81,992.19,39.47,{}
2026-08-06 15:55:00+00:00,AWS-001,31.59,992.2,39.66,28.6139,77.209,216.0,False,NORMAL,NONE,False,none,31.59,992.2,39.66,{}
2026-08-06 16:00:00+00:00,AWS-001,31.56,992.23,40.54,28.6139,77.209,216.0,False,NORMAL,NONE,False,none,31.56,992.23,40.54,{}
2026-08-06 16:05:00+00:00,AWS-001,31.49,992.2,40.47,28.6139,77.209,216.0,False,NORMAL,NONE,False,none,31.49,992.2,40.47,{}
2026-08-06 16:10:00+00:00,AWS-001,31.47,992.27,41.37,28.6139,77.209,216.0,False,NORMAL,NONE,False,none,31.47,992.27,41.37,{}
2026-08-06 16:15:00+00:00,AWS-001,31.58,992.3,42.11,28.6139,77.209,216.0,False,NORMAL,NONE,False,none,31.58,992.3,42.11,{}
2026-08-06 16:20:00+00:00,AWS-001,31.19,992.22,42.26,28.6139,77.209,216.0,False,NORMAL,NONE,False,none,31.19,992.22,42.26,{}
2026-08-06 16:25:00+00:00,AWS-001,31.29,992.23,40.0,28.6139,77.209,216.0,False,NORMAL,NONE,False,none,31.29,992.23,40.0,{}
2026-08-06 16:30:00+00:00,AWS-001,31.2,992.23,40.97,28.6139,77.209,216.0,False,NORMAL,NONE,False,none,31.2,992.23,40.97,{}
2026-08-06 16:35:00+00:00,AWS-001,31.09,992.23,41.04,28.6139,77.209,216.0,False,NORMAL,NONE,False,none,31.09,992.23,41.04,{}
2026-08-06 16:40:00+00:00,AWS-001,30.76,992.28,41.3,28.6139,77.209,216.0,False,NORMAL,NONE,False,none,30.76,992.28,41.3,{}
2026-08-06 16:45:00+00:00,AWS-001,30.79,992.34,40.97,28.6139,77.209,216.0,False,NORMAL,NONE,False,none,30.79,992.34,40.97,{}
2026-08-06 16:50:00+00:00,AWS-001,30.32,992.39,42.0,28.6139,77.209,216.0,False,NORMAL,NONE,False,none,30.32,992.39,42.0,{}
2026-08-06 16:55:00+00:00,AWS-001,30.4,992.43,42.78,28.6139,77.209,216.0,False,NORMAL,NONE,False,none,30.4,992.43,42.78,{}
2026-08-06 17:00:00+00:00,AWS-001,30.11,992.45,43.63,28.6139,77.209,216.0,False,NORMAL,NONE,False,none,30.11,992.45,43.63,{}
2026-08-06 17:05:00+00:00,AWS-001,30.09,992.35,44.47,28.6139,77.209,216.0,False,NORMAL,NONE,False,none,30.09,992.35,44.47,{}
2026-08-06 17:10:00+00:00,AWS-001,30.03,992.43,44.79,28.6139,77.209,216.0,False,NORMAL,NONE,False,none,30.03,992.43,44.79,{}
2026-08-06 17:15:00+00:00,AWS-001,30.19,992.49,44.06,28.6139,77.209,216.0,False,NORMAL,NONE,False,none,30.19,992.49,44.06,{}
2026-08-06 17:20:00+00:00,AWS-001,30.08,992.47,43.96,28.6139,77.209,216.0,False,NORMAL,NONE,False,none,30.08,992.47,43.96,{}
2026-08-06 17:25:00+00:00,AWS-001,29.89,992.52,44.74,28.6139,77.209,216.0,False,NORMAL,NONE,False,none,29.89,992.52,44.74,{}
2026-08-06 17:30:00+00:00,AWS-001,29.74,992.6,45.54,28.6139,77.209,216.0,False,NORMAL,NONE,False,none,29.74,992.6,45.54,{}
2026-08-06 17:35:00+00:00,AWS-001,29.89,992.71,45.62,28.6139,77.209,216.0,False,NORMAL,NONE,False,none,29.89,992.71,45.62,{}
2026-08-06 17:40:00+00:00,AWS-001,29.89,992.77,45.23,28.6139,77.209,216.0,False,NORMAL,NONE,False,none,29.89,992.77,45.23,{}
2026-08-06 17:45:00+00:00,AWS-001,29.71,992.82,45.6,28.6139,77.209,216.0,False,NORMAL,NONE,False,none,29.71,992.82,45.6,{}
2026-08-06 17:50:00+00:00,AWS-001,29.57,992.91,46.17,28.6139,77.209,216.0,False,NORMAL,NONE,False,none,29.57,992.91,46.17,{}
2026-08-06 17:55:00+00:00,AWS-001,29.21,992.93,46.67,28.6139,77.209,216.0,False,NORMAL,NONE,False,none,29.21,992.93,46.67,{}
2026-08-06 18:00:00+00:00,AWS-001,29.2,992.99,45.83,28.6139,77.209,216.0,False,NORMAL,NONE,False,none,29.2,992.99,45.83,{}
2026-08-06 18:05:00+00:00,AWS-001,28.82,992.99,46.32,28.6139,77.209,216.0,False,NORMAL,NONE,False,none,28.82,992.99,46.32,{}
2026-08-06 18:10:00+00:00,AWS-001,28.89,993.1,46.05,28.6139,77.209,216.0,False,NORMAL,NONE,False,none,28.89,993.1,46.05,{}
2026-08-06 18:15:00+00:00,AWS-001,28.83,993.04,46.7,28.6139,77.209,216.0,False,NORMAL,NONE,False,none,28.83,993.04,46.7,{}
2026-08-06 18:20:00+00:00,AWS-001,29.14,993.13,46.67,28.6139,77.209,216.0,False,NORMAL,NONE,False,none,29.14,993.13,46.67,{}
2026-08-06 18:25:00+00:00,AWS-001,28.82,993.18,46.56,28.6139,77.209,216.0,False,NORMAL,NONE,False,none,28.82,993.18,46.56,{}
2026-08-06 18:30:00+00:00,AWS-001,28.68,993.28,46.58,28.6139,77.209,216.0,False,NORMAL,NONE,False,none,28.68,993.28,46.58,{}
2026-08-06 18:35:00+00:00,AWS-001,28.86,993.28,45.93,28.6139,77.209,216.0,False,NORMAL,NONE,False,none,28.86,993.28,45.93,{}
2026-08-06 18:40:00+00:00,AWS-001,28.9,993.33,46.42,28.6139,77.209,216.0,False,NORMAL,NONE,False,none,28.9,993.33,46.42,{}
2026-08-06 18:45:00+00:00,AWS-001,28.61,993.38,46.89,28.6139,77.209,216.0,False,NORMAL,NONE,False,none,28.61,993.38,46.89,{}
2026-08-06 18:50:00+00:00,AWS-001,28.49,993.46,47.0,28.6139,77.209,216.0,False,NORMAL,NONE,False,none,28.49,993.46,47.0,{}
2026-08-06 18:55:00+00:00,AWS-001,28.33,993.44,46.64,28.6139,77.209,216.0,False,NORMAL,NONE,False,none,28.33,993.44,46.64,{}
2026-08-06 19:00:00+00:00,AWS-001,28.21,993.53,47.46,28.6139,77.209,216.0,False,NORMAL,NONE,False,none,28.21,993.53,47.46,{}
2026-08-06 19:05:00+00:00,AWS-001,27.94,993.48,48.27,28.6139,77.209,216.0,False,NORMAL,NONE,False,none,27.94,993.48,48.27,{}
2026-08-06 19:10:00+00:00,AWS-001,27.78,993.49,48.44,28.6139,77.209,216.0,False,NORMAL,NONE,False,none,27.78,993.49,48.44,{}
2026-08-06 19:15:00+00:00,AWS-001,27.37,993.46,49.63,28.6139,77.209,216.0,False,NORMAL,NONE,False,none,27.37,993.46,49.63,{}
2026-08-06 19:20:00+00:00,AWS-001,27.28,993.58,50.77,28.6139,77.209,216.0,False,NORMAL,NONE,False,none,27.28,993.58,50.77,{}
2026-08-06 19:25:00+00:00,AWS-001,27.23,993.67,50.29,28.6139,77.209,216.0,False,NORMAL,NONE,False,none,27.23,993.67,50.29,{}
2026-08-06 19:30:00+00:00,AWS-001,27.07,993.75,50.37,28.6139,77.209,216.0,False,NORMAL,NONE,False,none,27.07,993.75,50.37,{}
2026-08-06 19:35:00+00:00,AWS-001,26.67,993.9,52.55,28.6139,77.209,216.0,False,NORMAL,NONE,False,none,26.67,993.9,52.55,{}
2026-08-06 19:40:00+00:00,AWS-001,26.74,993.93,52.42,28.6139,77.209,216.0,False,NORMAL,NONE,False,none,26.74,993.93,52.42,{}
2026-08-06 19:45:00+00:00,AWS-001,26.68,994.01,53.04,28.6139,77.209,216.0,False,NORMAL,NONE,False,none,26.68,994.01,53.04,{}
2026-08-06 19:50:00+00:00,AWS-001,26.43,994.06,54.04,28.6139,77.209,216.0,False,NORMAL,NONE,False,none,26.43,994.06,54.04,{}
2026-08-06 19:55:00+00:00,AWS-001,26.26,994.1,54.45,28.6139,77.209,216.0,False,NORMAL,NONE,False,none,26.26,994.1,54.45,{}
2026-08-06 20:00:00+00:00,AWS-001,25.89,994.22,55.34,28.6139,77.209,216.0,False,NORMAL,NONE,False,none,25.89,994.22,55.34,{}
2026-08-06 20:05:00+00:00,AWS-001,25.63,994.38,56.69,28.6139,77.209,216.0,False,NORMAL,NONE,False,none,25.63,994.38,56.69,{}
2026-08-06 20:10:00+00:00,AWS-001,25.47,994.38,57.87,28.6139,77.209,216.0,False,NORMAL,NONE,False,none,25.47,994.38,57.87,{}
2026-08-06 20:15:00+00:00,AWS-001,25.6,994.46,57.91,28.6139,77.209,216.0,False,NORMAL,NONE,False,none,25.6,994.46,57.91,{}
2026-08-06 20:20:00+00:00,AWS-001,25.39,994.5,57.59,28.6139,77.209,216.0,False,NORMAL,NONE,False,none,25.39,994.5,57.59,{}
2026-08-06 20:25:00+00:00,AWS-001,25.4,994.55,58.26,28.6139,77.209,216.0,False,NORMAL,NONE,False,none,25.4,994.55,58.26,{}
2026-08-06 20:30:00+00:00,AWS-001,25.19,994.58,58.49,28.6139,77.209,216.0,False,NORMAL,NONE,False,none,25.19,994.58,58.49,{}
2026-08-06 20:35:00+00:00,AWS-001,25.12,994.58,58.08,28.6139,77.209,216.0,False,NORMAL,NONE,False,none,25.12,994.58,58.08,{}
2026-08-06 20:40:00+00:00,AWS-001,24.98,994.39,58.38,28.6139,77.209,216.0,False,NORMAL,NONE,False,none,24.98,994.39,58.38,{}
2026-08-06 20:45:00+00:00,AWS-001,25.01,994.52,58.76,28.6139,77.209,216.0,False,NORMAL,NONE,False,none,25.01,994.52,58.76,{}
2026-08-06 20:50:00+00:00,AWS-001,24.79,994.51,59.76,28.6139,77.209,216.0,False,NORMAL,NONE,False,none,24.79,994.51,59.76,{}
2026-08-06 20:55:00+00:00,AWS-001,24.4,994.53,60.82,28.6139,77.209,216.0,False,NORMAL,NONE,False,none,24.4,994.53,60.82,{}
2026-08-06 21:00:00+00:00,AWS-001,24.07,994.54,62.43,28.6139,77.209,216.0,False,NORMAL,NONE,False,none,24.07,994.54,62.43,{}
2026-08-06 21:05:00+00:00,AWS-001,23.91,994.52,62.94,28.6139,77.209,216.0,False,NORMAL,NONE,False,none,23.91,994.52,62.94,{}
2026-08-06 21:10:00+00:00,AWS-001,23.63,994.57,63.45,28.6139,77.209,216.0,False,NORMAL,NONE,False,none,23.63,994.57,63.45,{}
2026-08-06 21:15:00+00:00,AWS-001,23.64,994.59,62.86,28.6139,77.209,216.0,False,NORMAL,NONE,False,none,23.64,994.59,62.86,{}
2026-08-06 21:20:00+00:00,AWS-001,23.5,994.57,63.67,28.6139,77.209,216.0,False,NORMAL,NONE,False,none,23.5,994.57,63.67,{}
2026-08-06 21:25:00+00:00,AWS-001,23.82,994.61,62.33,28.6139,77.209,216.0,False,NORMAL,NONE,False,none,23.82,994.61,62.33,{}
2026-08-06 21:30:00+00:00,AWS-001,23.41,994.63,62.99,28.6139,77.209,216.0,False,NORMAL,NONE,False,none,23.41,994.63,62.99,{}
2026-08-06 21:35:00+00:00,AWS-001,23.35,994.7,63.84,28.6139,77.209,216.0,False,NORMAL,NONE,False,none,23.35,994.7,63.84,{}
2026-08-06 21:40:00+00:00,AWS-001,23.06,994.63,64.65,28.6139,77.209,216.0,False,NORMAL,NONE,False,none,23.06,994.63,64.65,{}
2026-08-06 21:45:00+00:00,AWS-001,22.9,994.6,66.33,28.6139,77.209,216.0,False,NORMAL,NONE,False,none,22.9,994.6,66.33,{}
2026-08-06 21:50:00+00:00,AWS-001,22.85,994.66,65.53,28.6139,77.209,216.0,False,NORMAL,NONE,False,none,22.85,994.66,65.53,{}
2026-08-06 21:55:00+00:00,AWS-001,22.38,994.63,67.35,28.6139,77.209,216.0,False,NORMAL,NONE,False,none,22.38,994.63,67.35,{}
2026-08-06 22:00:00+00:00,AWS-001,22.37,994.59,66.96,28.6139,77.209,216.0,False,NORMAL,NONE,False,none,22.37,994.59,66.96,{}
2026-08-06 22:05:00+00:00,AWS-001,22.63,994.57,65.38,28.6139,77.209,216.0,False,NORMAL,NONE,False,none,22.63,994.57,65.38,{}
2026-08-06 22:10:00+00:00,AWS-001,22.46,994.57,65.96,28.6139,77.209,216.0,False,NORMAL,NONE,False,none,22.46,994.57,65.96,{}
2026-08-06 22:15:00+00:00,AWS-001,22.4,994.58,67.48,28.6139,77.209,216.0,False,NORMAL,NONE,False,none,22.4,994.58,67.48,{}
2026-08-06 22:20:00+00:00,AWS-001,22.47,994.57,67.29,28.6139,77.209,216.0,False,NORMAL,NONE,False,none,22.47,994.57,67.29,{}
2026-08-06 22:25:00+00:00,AWS-001,22.32,994.51,67.38,28.6139,77.209,216.0,False,NORMAL,NONE,False,none,22.32,994.51,67.38,{}
2026-08-06 22:30:00+00:00,AWS-001,22.1,994.56,67.18,28.6139,77.209,216.0,False,NORMAL,NONE,False,none,22.1,994.56,67.18,{}
2026-08-06 22:35:00+00:00,AWS-001,21.62,994.64,68.37,28.6139,77.209,216.0,False,NORMAL,NONE,False,none,21.62,994.64,68.37,{}
2026-08-06 22:40:00+00:00,AWS-001,21.66,994.52,68.18,28.6139,77.209,216.0,False,NORMAL,NONE,False,none,21.66,994.52,68.18,{}
2026-08-06 22:45:00+00:00,AWS-001,21.56,994.42,68.54,28.6139,77.209,216.0,False,NORMAL,NONE,False,none,21.56,994.42,68.54,{}
2026-08-06 22:50:00+00:00,AWS-001,21.31,994.48,69.83,28.6139,77.209,216.0,False,NORMAL,NONE,False,none,21.31,994.48,69.83,{}
2026-08-06 22:55:00+00:00,AWS-001,21.27,994.56,68.89,28.6139,77.209,216.0,False,NORMAL,NONE,False,none,21.27,994.56,68.89,{}
2026-08-06 23:00:00+00:00,AWS-001,21.1,994.41,70.05,28.6139,77.209,216.0,False,NORMAL,NONE,False,none,21.1,994.41,70.05,{}
2026-08-06 23:05:00+00:00,AWS-001,20.95,994.45,71.78,28.6139,77.209,216.0,False,NORMAL,NONE,False,none,20.95,994.45,71.78,{}
2026-08-06 23:10:00+00:00,AWS-001,21.0,994.53,72.85,28.6139,77.209,216.0,False,NORMAL,NONE,False,none,21.0,994.53,72.85,{}
2026-08-06 23:15:00+00:00,AWS-001,20.7,994.45,73.04,28.6139,77.209,216.0,False,NORMAL,NONE,False,none,20.7,994.45,73.04,{}
2026-08-06 23:20:00+00:00,AWS-001,20.83,994.51,72.17,28.6139,77.209,216.0,False,NORMAL,NONE,False,none,20.83,994.51,72.17,{}
2026-08-06 23:25:00+00:00,AWS-001,20.52,994.47,73.3,28.6139,77.209,216.0,False,NORMAL,NONE,False,none,20.52,994.47,73.3,{}
2026-08-06 23:30:00+00:00,AWS-001,20.37,994.45,74.43,28.6139,77.209,216.0,False,NORMAL,NONE,False,none,20.37,994.45,74.43,{}
2026-08-06 23:35:00+00:00,AWS-001,20.65,994.36,72.58,28.6139,77.209,216.0,False,NORMAL,NONE,False,none,20.65,994.36,72.58,{}
2026-08-06 23:40:00+00:00,AWS-001,20.75,994.38,73.46,28.6139,77.209,216.0,False,NORMAL,NONE,False,none,20.75,994.38,73.46,{}
2026-08-06 23:45:00+00:00,AWS-001,20.67,994.39,74.0,28.6139,77.209,216.0,False,NORMAL,NONE,False,none,20.67,994.39,74.0,{}
2026-08-06 23:50:00+00:00,AWS-001,20.41,994.44,75.2,28.6139,77.209,216.0,False,NORMAL,NONE,False,none,20.41,994.44,75.2,{}
2026-08-06 23:55:00+00:00,AWS-001,20.24,994.47,77.07,28.6139,77.209,216.0,False,NORMAL,NONE,False,none,20.24,994.47,77.07,{}
2026-08-07 00:00:00+00:00,AWS-001,20.12,994.4,77.53,28.6139,77.209,216.0,False,NORMAL,NONE,False,none,20.12,994.4,77.53,{}
2026-08-07 00:05:00+00:00,AWS-001,20.06,994.52,78.0,28.6139,77.209,216.0,False,NORMAL,NONE,False,none,20.06,994.52,78.0,{}
2026-08-07 00:10:00+00:00,AWS-001,19.97,994.52,77.83,28.6139,77.209,216.0,False,NORMAL,NONE,False,none,19.97,994.52,77.83,{}
2026-08-07 00:15:00+00:00,AWS-001,19.9,994.47,77.28,28.6139,77.209,216.0,False,NORMAL,NONE,False,none,19.9,994.47,77.28,{}
2026-08-07 00:20:00+00:00,AWS-001,19.8,994.32,77.49,28.6139,77.209,216.0,False,NORMAL,NONE,False,none,19.8,994.32,77.49,{}
2026-08-07 00:25:00+00:00,AWS-001,19.5,994.16,80.49,28.6139,77.209,216.0,False,NORMAL,NONE,False,none,19.5,994.16,80.49,{}
2026-08-07 00:30:00+00:00,AWS-001,19.39,994.0,81.38,28.6139,77.209,216.0,False,NORMAL,NONE,False,none,19.39,994.0,81.38,{}
2026-08-07 00:35:00+00:00,AWS-001,19.52,993.89,80.76,28.6139,77.209,216.0,False,NORMAL,NONE,False,none,19.52,993.89,80.76,{}
2026-08-07 00:40:00+00:00,AWS-001,19.25,993.91,81.35,28.6139,77.209,216.0,False,NORMAL,NONE,False,none,19.25,993.91,81.35,{}
2026-08-07 00:45:00+00:00,AWS-001,19.2,993.88,82.13,28.6139,77.209,216.0,False,NORMAL,NONE,False,none,19.2,993.88,82.13,{}
2026-08-07 00:50:00+00:00,AWS-001,19.05,993.78,81.92,28.6139,77.209,216.0,False,NORMAL,NONE,False,none,19.05,993.78,81.92,{}
2026-08-07 00:55:00+00:00,AWS-001,19.06,993.71,80.87,28.6139,77.209,216.0,False,NORMAL,NONE,False,none,19.06,993.71,80.87,{}
2026-08-07 01:00:00+00:00,AWS-001,18.99,993.64,81.05,28.6139,77.209,216.0,False,NORMAL,NONE,False,none,18.99,993.64,81.05,{}
2026-08-07 01:05:00+00:00,AWS-001,19.23,993.62,81.23,28.6139,77.209,216.0,False,NORMAL,NONE,False,none,19.23,993.62,81.23,{}
2026-08-07 01:10:00+00:00,AWS-001,19.28,993.51,82.15,28.6139,77.209,216.0,False,NORMAL,NONE,False,none,19.28,993.51,82.15,{}
2026-08-07 01:15:00+00:00,AWS-001,19.02,993.48,82.99,28.6139,77.209,216.0,False,NORMAL,NONE,False,none,19.02,993.48,82.99,{}
2026-08-07 01:20:00+00:00,AWS-001,19.11,993.44,81.94,28.6139,77.209,216.0,False,NORMAL,NONE,False,none,19.11,993.44,81.94,{}
2026-08-07 01:25:00+00:00,AWS-001,18.96,993.33,81.65,28.6139,77.209,216.0,False,NORMAL,NONE,False,none,18.96,993.33,81.65,{}
2026-08-07 01:30:00+00:00,AWS-001,18.85,993.37,82.36,28.6139,77.209,216.0,False,NORMAL,NONE,False,none,18.85,993.37,82.36,{}
2026-08-07 01:35:00+00:00,AWS-001,18.9,993.29,82.28,28.6139,77.209,216.0,False,NORMAL,NONE,False,none,18.9,993.29,82.28,{}
2026-08-07 01:40:00+00:00,AWS-001,18.81,993.18,83.29,28.6139,77.209,216.0,False,NORMAL,NONE,False,none,18.81,993.18,83.29,{}
2026-08-07 01:45:00+00:00,AWS-001,18.96,993.18,83.04,28.6139,77.209,216.0,False,NORMAL,NONE,False,none,18.96,993.18,83.04,{}
2026-08-07 01:50:00+00:00,AWS-001,18.81,993.13,83.55,28.6139,77.209,216.0,False,NORMAL,NONE,False,none,18.81,993.13,83.55,{}
2026-08-07 01:55:00+00:00,AWS-001,18.71,993.1,84.34,28.6139,77.209,216.0,False,NORMAL,NONE,False,none,18.71,993.1,84.34,{}
2026-08-07 02:00:00+00:00,AWS-001,18.61,992.98,84.27,28.6139,77.209,216.0,False,NORMAL,NONE,False,none,18.61,992.98,84.27,{}
2026-08-07 02:05:00+00:00,AWS-001,18.55,992.98,84.92,28.6139,77.209,216.0,False,NORMAL,NONE,False,none,18.55,992.98,84.92,{}
2026-08-07 02:10:00+00:00,AWS-001,18.76,993.06,83.36,28.6139,77.209,216.0,False,NORMAL,NONE,False,none,18.76,993.06,83.36,{}
2026-08-07 02:15:00+00:00,AWS-001,18.88,992.93,83.01,28.6139,77.209,216.0,False,NORMAL,NONE,False,none,18.88,992.93,83.01,{}
2026-08-07 02:20:00+00:00,AWS-001,19.16,992.9,81.73,28.6139,77.209,216.0,False,NORMAL,NONE,False,none,19.16,992.9,81.73,{}
2026-08-07 02:25:00+00:00,AWS-001,19.5,992.81,79.94,28.6139,77.209,216.0,False,NORMAL,NONE,False,none,19.5,992.81,79.94,{}
2026-08-07 02:30:00+00:00,AWS-001,19.26,992.92,81.56,28.6139,77.209,216.0,False,NORMAL,NONE,False,none,19.26,992.92,81.56,{}
2026-08-07 02:35:00+00:00,AWS-001,19.23,992.94,80.54,28.6139,77.209,216.0,False,NORMAL,NONE,False,none,19.23,992.94,80.54,{}
2026-08-07 02:40:00+00:00,AWS-001,19.0,992.91,81.03,28.6139,77.209,216.0,False,NORMAL,NONE,False,none,19.0,992.91,81.03,{}
2026-08-07 02:45:00+00:00,AWS-001,18.87,992.78,81.64,28.6139,77.209,216.0,False,NORMAL,NONE,False,none,18.87,992.78,81.64,{}
2026-08-07 02:50:00+00:00,AWS-001,18.78,992.68,81.28,28.6139,77.209,216.0,False,NORMAL,NONE,False,none,18.78,992.68,81.28,{}
2026-08-07 02:55:00+00:00,AWS-001,18.64,992.69,82.0,28.6139,77.209,216.0,False,NORMAL,NONE,False,none,18.64,992.69,82.0,{}
2026-08-07 03:00:00+00:00,AWS-001,18.52,992.57,82.62,28.6139,77.209,216.0,False,NORMAL,NONE,False,none,18.52,992.57,82.62,{}
2026-08-07 03:05:00+00:00,AWS-001,18.57,992.46,83.4,28.6139,77.209,216.0,False,NORMAL,NONE,False,none,18.57,992.46,83.4,{}
2026-08-07 03:10:00+00:00,AWS-001,18.44,992.44,84.24,28.6139,77.209,216.0,False,NORMAL,NONE,False,none,18.44,992.44,84.24,{}
2026-08-07 03:15:00+00:00,AWS-001,18.67,992.43,83.69,28.6139,77.209,216.0,False,NORMAL,NONE,False,none,18.67,992.43,83.69,{}
2026-08-07 03:20:00+00:00,AWS-001,18.59,992.44,84.22,28.6139,77.209,216.0,False,NORMAL,NONE,False,none,18.59,992.44,84.22,{}
2026-08-07 03:25:00+00:00,AWS-001,19.15,992.4,80.93,28.6139,77.209,216.0,False,NORMAL,NONE,False,none,19.15,992.4,80.93,{}
2026-08-07 03:30:00+00:00,AWS-001,19.1,992.44,81.21,28.6139,77.209,216.0,False,NORMAL,NONE,False,none,19.1,992.44,81.21,{}
2026-08-07 03:35:00+00:00,AWS-001,19.16,992.37,81.36,28.6139,77.209,216.0,False,NORMAL,NONE,False,none,19.16,992.37,81.36,{}
2026-08-07 03:40:00+00:00,AWS-001,18.98,992.4,82.88,28.6139,77.209,216.0,False,NORMAL,NONE,False,none,18.98,992.4,82.88,{}
2026-08-07 03:45:00+00:00,AWS-001,19.34,992.4,80.79,28.6139,77.209,216.0,False,NORMAL,NONE,False,none,19.34,992.4,80.79,{}
2026-08-07 03:50:00+00:00,AWS-001,19.56,992.43,78.48,28.6139,77.209,216.0,False,NORMAL,NONE,False,none,19.56,992.43,78.48,{}
2026-08-07 03:55:00+00:00,AWS-001,19.63,992.49,77.07,28.6139,77.209,216.0,False,NORMAL,NONE,False,none,19.63,992.49,77.07,{}
2026-08-07 04:00:00+00:00,AWS-001,19.43,992.46,78.03,28.6139,77.209,216.0,False,NORMAL,NONE,False,none,19.43,992.46,78.03,{}
2026-08-07 04:05:00+00:00,AWS-001,19.51,992.41,76.29,28.6139,77.209,216.0,False,NORMAL,NONE,False,none,19.51,992.41,76.29,{}
2026-08-07 04:10:00+00:00,AWS-001,19.38,992.31,78.45,28.6139,77.209,216.0,False,NORMAL,NONE,False,none,19.38,992.31,78.45,{}
2026-08-07 04:15:00+00:00,AWS-001,19.7,992.2,77.38,28.6139,77.209,216.0,False,NORMAL,NONE,False,none,19.7,992.2,77.38,{}
2026-08-07 04:20:00+00:00,AWS-001,19.88,992.22,76.15,28.6139,77.209,216.0,False,NORMAL,NONE,False,none,19.88,992.22,76.15,{}
2026-08-07 04:25:00+00:00,AWS-001,19.94,992.23,75.29,28.6139,77.209,216.0,False,NORMAL,NONE,False,none,19.94,992.23,75.29,{}
2026-08-07 04:30:00+00:00,AWS-001,19.58,992.2,77.88,28.6139,77.209,216.0,False,NORMAL,NONE,False,none,19.58,992.2,77.88,{}
2026-08-07 04:35:00+00:00,AWS-001,19.51,992.18,77.56,28.6139,77.209,216.0,False,NORMAL,NONE,False,none,19.51,992.18,77.56,{}
2026-08-07 04:40:00+00:00,AWS-001,19.74,992.3,75.95,28.6139,77.209,216.0,False,NORMAL,NONE,False,none,19.74,992.3,75.95,{}
2026-08-07 04:45:00+00:00,AWS-001,20.04,992.38,74.25,28.6139,77.209,216.0,False,NORMAL,NONE,False,none,20.04,992.38,74.25,{}
2026-08-07 04:50:00+00:00,AWS-001,20.3,992.34,73.36,28.6139,77.209,216.0,False,NORMAL,NONE,False,none,20.3,992.34,73.36,{}
2026-08-07 04:55:00+00:00,AWS-001,20.09,992.35,74.93,28.6139,77.209,216.0,False,NORMAL,NONE,False,none,20.09,992.35,74.93,{}
2026-08-07 05:00:00+00:00,AWS-001,20.24,992.41,75.12,28.6139,77.209,216.0,False,NORMAL,NONE,False,none,20.24,992.41,75.12,{}
2026-08-07 05:05:00+00:00,AWS-001,20.5,992.41,74.57,28.6139,77.209,216.0,False,NORMAL,NONE,False,none,20.5,992.41,74.57,{}
2026-08-07 05:10:00+00:00,AWS-001,20.29,992.4,75.39,28.6139,77.209,216.0,False,NORMAL,NONE,False,none,20.29,992.4,75.39,{}
2026-08-07 05:15:00+00:00,AWS-001,20.4,992.43,75.43,28.6139,77.209,216.0,False,NORMAL,NONE,False,none,20.4,992.43,75.43,{}
2026-08-07 05:20:00+00:00,AWS-001,20.55,992.54,74.11,28.6139,77.209,216.0,False,NORMAL,NONE,False,none,20.55,992.54,74.11,{}
2026-08-07 05:25:00+00:00,AWS-001,20.61,992.65,72.61,28.6139,77.209,216.0,False,NORMAL,NONE,False,none,20.61,992.65,72.61,{}
2026-08-07 05:30:00+00:00,AWS-001,20.41,992.65,73.16,28.6139,77.209,216.0,False,NORMAL,NONE,False,none,20.41,992.65,73.16,{}
2026-08-07 05:35:00+00:00,AWS-001,20.51,992.72,72.35,28.6139,77.209,216.0,False,NORMAL,NONE,False,none,20.51,992.72,72.35,{}
2026-08-07 05:40:00+00:00,AWS-001,20.61,992.76,71.69,28.6139,77.209,216.0,False,NORMAL,NONE,False,none,20.61,992.76,71.69,{}
2026-08-07 05:45:00+00:00,AWS-001,20.74,992.74,70.71,28.6139,77.209,216.0,False,NORMAL,NONE,False,none,20.74,992.74,70.71,{}
2026-08-07 05:50:00+00:00,AWS-001,20.8,992.78,70.41,28.6139,77.209,216.0,False,NORMAL,NONE,False,none,20.8,992.78,70.41,{}
2026-08-07 05:55:00+00:00,AWS-001,20.89,992.75,70.68,28.6139,77.209,216.0,False,NORMAL,NONE,False,none,20.89,992.75,70.68,{}
2026-08-07 06:00:00+00:00,AWS-001,21.04,992.88,71.23,28.6139,77.209,216.0,False,NORMAL,NONE,False,none,21.04,992.88,71.23,{}
2026-08-07 06:05:00+00:00,AWS-001,21.28,993.03,69.09,28.6139,77.209,216.0,False,NORMAL,NONE,False,none,21.28,993.03,69.09,{}
2026-08-07 06:10:00+00:00,AWS-001,21.38,993.05,67.99,28.6139,77.209,216.0,False,NORMAL,NONE,False,none,21.38,993.05,67.99,{}
2026-08-07 06:15:00+00:00,AWS-001,21.46,993.06,67.37,28.6139,77.209,216.0,False,NORMAL,NONE,False,none,21.46,993.06,67.37,{}
2026-08-07 06:20:00+00:00,AWS-001,21.64,993.17,67.39,28.6139,77.209,216.0,False,NORMAL,NONE,False,none,21.64,993.17,67.39,{}
2026-08-07 06:25:00+00:00,AWS-001,21.47,993.29,68.12,28.6139,77.209,216.0,False,NORMAL,NONE,False,none,21.47,993.29,68.12,{}
2026-08-07 06:30:00+00:00,AWS-001,21.74,993.27,66.68,28.6139,77.209,216.0,False,NORMAL,NONE,False,none,21.74,993.27,66.68,{}
2026-08-07 06:35:00+00:00,AWS-001,21.92,993.31,66.61,28.6139,77.209,216.0,False,NORMAL,NONE,False,none,21.92,993.31,66.61,{}
2026-08-07 06:40:00+00:00,AWS-001,22.09,993.36,66.59,28.6139,77.209,216.0,False,NORMAL,NONE,False,none,22.09,993.36,66.59,{}
2026-08-07 06:45:00+00:00,AWS-001,22.42,993.37,65.26,28.6139,77.209,216.0,False,NORMAL,NONE,False,none,22.42,993.37,65.26,{}
2026-08-07 06:50:00+00:00,AWS-001,22.23,993.44,65.46,28.6139,77.209,216.0,False,NORMAL,NONE,False,none,22.23,993.44,65.46,{}
2026-08-07 06:55:00+00:00,AWS-001,22.09,993.46,66.29,28.6139,77.209,216.0,False,NORMAL,NONE,False,none,22.09,993.46,66.29,{}
2026-08-07 07:00:00+00:00,AWS-001,22.35,993.48,65.12,28.6139,77.209,216.0,False,NORMAL,NONE,False,none,22.35,993.48,65.12,{}
2026-08-07 07:05:00+00:00,AWS-001,22.55,993.54,64.22,28.6139,77.209,216.0,False,NORMAL,NONE,False,none,22.55,993.54,64.22,{}
2026-08-07 07:10:00+00:00,AWS-001,22.77,993.51,63.08,28.6139,77.209,216.0,False,NORMAL,NONE,False,none,22.77,993.51,63.08,{}
2026-08-07 07:15:00+00:00,AWS-001,22.88,993.45,63.35,28.6139,77.209,216.0,False,NORMAL,NONE,False,none,22.88,993.45,63.35,{}
2026-08-07 07:20:00+00:00,AWS-001,23.17,993.58,62.36,28.6139,77.209,216.0,False,NORMAL,NONE,False,none,23.17,993.58,62.36,{}
2026-08-07 07:25:00+00:00,AWS-001,23.5,993.6,61.77,28.6139,77.209,216.0,False,NORMAL,NONE,False,none,23.5,993.6,61.77,{}
2026-08-07 07:30:00+00:00,AWS-001,23.73,993.8,61.65,28.6139,77.209,216.0,False,NORMAL,NONE,False,none,23.73,993.8,61.65,{}
2026-08-07 07:35:00+00:00,AWS-001,23.82,993.97,61.36,28.6139,77.209,216.0,False,NORMAL,NONE,False,none,23.82,993.97,61.36,{}
2026-08-07 07:40:00+00:00,AWS-001,23.61,993.99,61.54,28.6139,77.209,216.0,False,NORMAL,NONE,False,none,23.61,993.99,61.54,{}
2026-08-07 07:45:00+00:00,AWS-001,23.93,994.17,60.9,28.6139,77.209,216.0,False,NORMAL,NONE,False,none,23.93,994.17,60.9,{}
2026-08-07 07:50:00+00:00,AWS-001,24.3,994.26,59.65,28.6139,77.209,216.0,False,NORMAL,NONE,False,none,24.3,994.26,59.65,{}
2026-08-07 07:55:00+00:00,AWS-001,24.54,994.26,60.19,28.6139,77.209,216.0,False,NORMAL,NONE,False,none,24.54,994.26,60.19,{}
2026-08-07 08:00:00+00:00,AWS-001,24.52,994.14,59.99,28.6139,77.209,216.0,False,NORMAL,NONE,False,none,24.52,994.14,59.99,{}
2026-08-07 08:05:00+00:00,AWS-001,24.78,994.23,59.13,28.6139,77.209,216.0,False,NORMAL,NONE,False,none,24.78,994.23,59.13,{}
2026-08-07 08:10:00+00:00,AWS-001,25.05,994.27,57.97,28.6139,77.209,216.0,False,NORMAL,NONE,False,none,25.05,994.27,57.97,{}
2026-08-07 08:15:00+00:00,AWS-001,25.43,994.34,56.28,28.6139,77.209,216.0,False,NORMAL,NONE,False,none,25.43,994.34,56.28,{}
2026-08-07 08:20:00+00:00,AWS-001,25.37,994.36,55.97,28.6139,77.209,216.0,False,NORMAL,NONE,False,none,25.37,994.36,55.97,{}
2026-08-07 08:25:00+00:00,AWS-001,25.45,994.33,55.66,28.6139,77.209,216.0,False,NORMAL,NONE,False,none,25.45,994.33,55.66,{}
2026-08-07 08:30:00+00:00,AWS-001,25.69,994.35,54.96,28.6139,77.209,216.0,False,NORMAL,NONE,False,none,25.69,994.35,54.96,{}
2026-08-07 08:35:00+00:00,AWS-001,25.81,994.43,55.06,28.6139,77.209,216.0,False,NORMAL,NONE,False,none,25.81,994.43,55.06,{}
2026-08-07 08:40:00+00:00,AWS-001,25.73,994.45,55.15,28.6139,77.209,216.0,False,NORMAL,NONE,False,none,25.73,994.45,55.15,{}
2026-08-07 08:45:00+00:00,AWS-001,25.94,994.46,53.9,28.6139,77.209,216.0,False,NORMAL,NONE,False,none,25.94,994.46,53.9,{}
2026-08-07 08:50:00+00:00,AWS-001,26.16,994.41,52.77,28.6139,77.209,216.0,False,NORMAL,NONE,False,none,26.16,994.41,52.77,{}
2026-08-07 08:55:00+00:00,AWS-001,26.3,994.46,51.36,28.6139,77.209,216.0,False,NORMAL,NONE,False,none,26.3,994.46,51.36,{}
2026-08-07 09:00:00+00:00,AWS-001,26.45,994.43,51.93,28.6139,77.209,216.0,False,NORMAL,NONE,False,none,26.45,994.43,51.93,{}
2026-08-07 09:05:00+00:00,AWS-001,26.53,994.52,51.19,28.6139,77.209,216.0,False,NORMAL,NONE,False,none,26.53,994.52,51.19,{}
2026-08-07 09:10:00+00:00,AWS-001,26.9,994.51,50.61,28.6139,77.209,216.0,False,NORMAL,NONE,False,none,26.9,994.51,50.61,{}
2026-08-07 09:15:00+00:00,AWS-001,26.84,994.52,50.77,28.6139,77.209,216.0,False,NORMAL,NONE,False,none,26.84,994.52,50.77,{}
2026-08-07 09:20:00+00:00,AWS-001,26.87,994.68,50.72,28.6139,77.209,216.0,False,NORMAL,NONE,False,none,26.87,994.68,50.72,{}
2026-08-07 09:25:00+00:00,AWS-001,27.0,994.68,50.07,28.6139,77.209,216.0,False,NORMAL,NONE,False,none,27.0,994.68,50.07,{}
2026-08-07 09:30:00+00:00,AWS-001,27.28,994.67,48.63,28.6139,77.209,216.0,False,NORMAL,NONE,False,none,27.28,994.67,48.63,{}
2026-08-07 09:35:00+00:00,AWS-001,27.14,994.72,48.35,28.6139,77.209,216.0,False,NORMAL,NONE,False,none,27.14,994.72,48.35,{}
2026-08-07 09:40:00+00:00,AWS-001,27.07,994.63,49.7,28.6139,77.209,216.0,False,NORMAL,NONE,False,none,27.07,994.63,49.7,{}
2026-08-07 09:45:00+00:00,AWS-001,26.9,994.72,50.13,28.6139,77.209,216.0,False,NORMAL,NONE,False,none,26.9,994.72,50.13,{}
2026-08-07 09:50:00+00:00,AWS-001,27.11,994.79,50.11,28.6139,77.209,216.0,False,NORMAL,NONE,False,none,27.11,994.79,50.11,{}
2026-08-07 09:55:00+00:00,AWS-001,27.12,994.82,50.75,28.6139,77.209,216.0,False,NORMAL,NONE,False,none,27.12,994.82,50.75,{}
2026-08-07 10:00:00+00:00,AWS-001,27.27,994.62,49.76,28.6139,77.209,216.0,False,NORMAL,NONE,False,none,27.27,994.62,49.76,{}
2026-08-07 10:05:00+00:00,AWS-001,27.58,994.61,48.92,28.6139,77.209,216.0,False,NORMAL,NONE,False,none,27.58,994.61,48.92,{}
2026-08-07 10:10:00+00:00,AWS-001,27.66,994.55,48.5,28.6139,77.209,216.0,False,NORMAL,NONE,False,none,27.66,994.55,48.5,{}
2026-08-07 10:15:00+00:00,AWS-001,27.89,994.63,46.94,28.6139,77.209,216.0,False,NORMAL,NONE,False,none,27.89,994.63,46.94,{}
2026-08-07 10:20:00+00:00,AWS-001,28.01,994.69,46.42,28.6139,77.209,216.0,False,NORMAL,NONE,False,none,28.01,994.69,46.42,{}
2026-08-07 10:25:00+00:00,AWS-001,28.29,994.71,45.99,28.6139,77.209,216.0,False,NORMAL,NONE,False,none,28.29,994.71,45.99,{}
2026-08-07 10:30:00+00:00,AWS-001,28.53,994.63,44.97,28.6139,77.209,216.0,False,NORMAL,NONE,False,none,28.53,994.63,44.97,{}
2026-08-07 10:35:00+00:00,AWS-001,28.55,994.71,44.67,28.6139,77.209,216.0,False,NORMAL,NONE,False,none,28.55,994.71,44.67,{}
2026-08-07 10:40:00+00:00,AWS-001,28.67,994.67,44.25,28.6139,77.209,216.0,False,NORMAL,NONE,False,none,28.67,994.67,44.25,{}
2026-08-07 10:45:00+00:00,AWS-001,28.99,994.76,44.79,28.6139,77.209,216.0,False,NORMAL,NONE,False,none,28.99,994.76,44.79,{}
2026-08-07 10:50:00+00:00,AWS-001,29.18,994.75,42.97,28.6139,77.209,216.0,False,NORMAL,NONE,False,none,29.18,994.75,42.97,{}
2026-08-07 10:55:00+00:00,AWS-001,29.05,994.75,43.6,28.6139,77.209,216.0,False,NORMAL,NONE,False,none,29.05,994.75,43.6,{}
2026-08-07 11:00:00+00:00,AWS-001,29.3,994.69,42.79,28.6139,77.209,216.0,False,NORMAL,NONE,False,none,29.3,994.69,42.79,{}
2026-08-07 11:05:00+00:00,AWS-001,29.24,994.74,42.53,28.6139,77.209,216.0,False,NORMAL,NONE,False,none,29.24,994.74,42.53,{}
2026-08-07 11:10:00+00:00,AWS-001,29.61,994.73,41.49,28.6139,77.209,216.0,False,NORMAL,NONE,False,none,29.61,994.73,41.49,{}
2026-08-07 11:15:00+00:00,AWS-001,29.89,994.77,41.32,28.6139,77.209,216.0,False,NORMAL,NONE,False,none,29.89,994.77,41.32,{}
2026-08-07 11:20:00+00:00,AWS-001,30.02,994.72,41.46,28.6139,77.209,216.0,False,NORMAL,NONE,False,none,30.02,994.72,41.46,{}
2026-08-07 11:25:00+00:00,AWS-001,30.12,994.67,41.25,28.6139,77.209,216.0,False,NORMAL,NONE,False,none,30.12,994.67,41.25,{}
2026-08-07 11:30:00+00:00,AWS-001,30.16,994.65,41.77,28.6139,77.209,216.0,False,NORMAL,NONE,False,none,30.16,994.65,41.77,{}
2026-08-07 11:35:00+00:00,AWS-001,30.36,994.68,41.94,28.6139,77.209,216.0,False,NORMAL,NONE,False,none,30.36,994.68,41.94,{}
2026-08-07 11:40:00+00:00,AWS-001,30.36,994.67,42.18,28.6139,77.209,216.0,False,NORMAL,NONE,False,none,30.36,994.67,42.18,{}
2026-08-07 11:45:00+00:00,AWS-001,30.48,994.61,41.26,28.6139,77.209,216.0,False,NORMAL,NONE,False,none,30.48,994.61,41.26,{}
2026-08-07 11:50:00+00:00,AWS-001,30.69,994.43,40.87,28.6139,77.209,216.0,False,NORMAL,NONE,False,none,30.69,994.43,40.87,{}
2026-08-07 11:55:00+00:00,AWS-001,30.65,994.42,41.04,28.6139,77.209,216.0,False,NORMAL,NONE,False,none,30.65,994.42,41.04,{}
2026-08-07 12:00:00+00:00,AWS-001,30.62,994.28,40.37,28.6139,77.209,216.0,False,NORMAL,NONE,False,none,30.62,994.28,40.37,{}
2026-08-07 12:05:00+00:00,AWS-001,30.5,994.22,39.51,28.6139,77.209,216.0,False,NORMAL,NONE,False,none,30.5,994.22,39.51,{}
2026-08-07 12:10:00+00:00,AWS-001,30.42,994.16,38.44,28.6139,77.209,216.0,False,NORMAL,NONE,False,none,30.42,994.16,38.44,{}
2026-08-07 12:15:00+00:00,AWS-001,30.23,994.02,39.14,28.6139,77.209,216.0,False,NORMAL,NONE,False,none,30.23,994.02,39.14,{}
2026-08-07 12:20:00+00:00,AWS-001,30.5,993.99,38.89,28.6139,77.209,216.0,False,NORMAL,NONE,False,none,30.5,993.99,38.89,{}
2026-08-07 12:25:00+00:00,AWS-001,30.93,994.07,37.32,28.6139,77.209,216.0,False,NORMAL,NONE,False,none,30.93,994.07,37.32,{}
2026-08-07 12:30:00+00:00,AWS-001,31.24,993.99,37.51,28.6139,77.209,216.0,False,NORMAL,NONE,False,none,31.24,993.99,37.51,{}
2026-08-07 12:35:00+00:00,AWS-001,31.01,993.97,38.18,28.6139,77.209,216.0,False,NORMAL,NONE,False,none,31.01,993.97,38.18,{}
2026-08-07 12:40:00+00:00,AWS-001,31.21,994.04,38.65,28.6139,77.209,216.0,False,NORMAL,NONE,False,none,31.21,994.04,38.65,{}
2026-08-07 12:45:00+00:00,AWS-001,31.51,994.02,38.16,28.6139,77.209,216.0,False,NORMAL,NONE,False,none,31.51,994.02,38.16,{}
2026-08-07 12:50:00+00:00,AWS-001,31.46,993.9,37.48,28.6139,77.209,216.0,False,NORMAL,NONE,False,none,31.46,993.9,37.48,{}
2026-08-07 12:55:00+00:00,AWS-001,31.52,993.84,37.66,28.6139,77.209,216.0,False,NORMAL,NONE,False,none,31.52,993.84,37.66,{}
2026-08-07 13:00:00+00:00,AWS-001,31.22,993.8,38.69,28.6139,77.209,216.0,False,NORMAL,NONE,False,none,31.22,993.8,38.69,{}
2026-08-07 13:05:00+00:00,AWS-001,31.34,993.81,37.99,28.6139,77.209,216.0,False,NORMAL,NONE,False,none,31.34,993.81,37.99,{}
2026-08-07 13:10:00+00:00,AWS-001,31.23,993.81,37.28,28.6139,77.209,216.0,False,NORMAL,NONE,False,none,31.23,993.81,37.28,{}
2026-08-07 13:15:00+00:00,AWS-001,31.34,993.56,37.21,28.6139,77.209,216.0,False,NORMAL,NONE,False,none,31.34,993.56,37.21,{}
2026-08-07 13:20:00+00:00,AWS-001,31.16,993.44,37.07,28.6139,77.209,216.0,False,NORMAL,NONE,False,none,31.16,993.44,37.07,{}
2026-08-07 13:25:00+00:00,AWS-001,31.34,993.38,37.54,28.6139,77.209,216.0,False,NORMAL,NONE,False,none,31.34,993.38,37.54,{}
2026-08-07 13:30:00+00:00,AWS-001,31.59,993.26,36.79,28.6139,77.209,216.0,False,NORMAL,NONE,False,none,31.59,993.26,36.79,{}
2026-08-07 13:35:00+00:00,AWS-001,31.5,992.99,38.12,28.6139,77.209,216.0,False,NORMAL,NONE,False,none,31.5,992.99,38.12,{}
2026-08-07 13:40:00+00:00,AWS-001,31.37,992.91,36.94,28.6139,77.209,216.0,False,NORMAL,NONE,False,none,31.37,992.91,36.94,{}
2026-08-07 13:45:00+00:00,AWS-001,31.09,992.88,37.75,28.6139,77.209,216.0,False,NORMAL,NONE,False,none,31.09,992.88,37.75,{}
2026-08-07 13:50:00+00:00,AWS-001,31.16,992.82,38.59,28.6139,77.209,216.0,False,NORMAL,NONE,False,none,31.16,992.82,38.59,{}
2026-08-07 13:55:00+00:00,AWS-001,31.16,992.73,37.94,28.6139,77.209,216.0,False,NORMAL,NONE,False,none,31.16,992.73,37.94,{}
2026-08-07 14:00:00+00:00,AWS-001,31.0,992.7,38.21,28.6139,77.209,216.0,False,NORMAL,NONE,False,none,31.0,992.7,38.21,{}
2026-08-07 14:05:00+00:00,AWS-001,31.2,992.7,37.56,28.6139,77.209,216.0,False,NORMAL,NONE,False,none,31.2,992.7,37.56,{}
2026-08-07 14:10:00+00:00,AWS-001,31.22,992.64,37.15,28.6139,77.209,216.0,False,NORMAL,NONE,False,none,31.22,992.64,37.15,{}
2026-08-07 14:15:00+00:00,AWS-001,31.13,992.69,37.62,28.6139,77.209,216.0,False,NORMAL,NONE,False,none,31.13,992.69,37.62,{}
2026-08-07 14:20:00+00:00,AWS-001,31.14,992.66,36.86,28.6139,77.209,216.0,False,NORMAL,NONE,False,none,31.14,992.66,36.86,{}
2026-08-07 14:25:00+00:00,AWS-001,31.41,992.58,36.38,28.6139,77.209,216.0,False,NORMAL,NONE,False,none,31.41,992.58,36.38,{}
2026-08-07 14:30:00+00:00,AWS-001,31.57,992.49,36.53,28.6139,77.209,216.0,False,NORMAL,NONE,False,none,31.57,992.49,36.53,{}
2026-08-07 14:35:00+00:00,AWS-001,31.59,992.45,36.45,28.6139,77.209,216.0,False,NORMAL,NONE,False,none,31.59,992.45,36.45,{}
2026-08-07 14:40:00+00:00,AWS-001,31.73,992.5,35.63,28.6139,77.209,216.0,False,NORMAL,NONE,False,none,31.73,992.5,35.63,{}
2026-08-07 14:45:00+00:00,AWS-001,31.55,992.42,36.84,28.6139,77.209,216.0,False,NORMAL,NONE,False,none,31.55,992.42,36.84,{}
2026-08-07 14:50:00+00:00,AWS-001,31.58,992.44,37.28,28.6139,77.209,216.0,False,NORMAL,NONE,False,none,31.58,992.44,37.28,{}
2026-08-07 14:55:00+00:00,AWS-001,31.63,992.42,36.5,28.6139,77.209,216.0,False,NORMAL,NONE,False,none,31.63,992.42,36.5,{}
2026-08-07 15:00:00+00:00,AWS-001,31.56,992.52,35.89,28.6139,77.209,216.0,False,NORMAL,NONE,False,none,31.56,992.52,35.89,{}
2026-08-07 15:05:00+00:00,AWS-001,31.65,992.51,35.29,28.6139,77.209,216.0,False,NORMAL,NONE,False,none,31.65,992.51,35.29,{}
2026-08-07 15:10:00+00:00,AWS-001,31.52,992.44,36.16,28.6139,77.209,216.0,False,NORMAL,NONE,False,none,31.52,992.44,36.16,{}
2026-08-07 15:15:00+00:00,AWS-001,31.61,992.46,36.3,28.6139,77.209,216.0,False,NORMAL,NONE,False,none,31.61,992.46,36.3,{}
2026-08-07 15:20:00+00:00,AWS-001,31.7,992.48,36.73,28.6139,77.209,216.0,False,NORMAL,NONE,False,none,31.7,992.48,36.73,{}
2026-08-07 15:25:00+00:00,AWS-001,31.19,992.43,37.62,28.6139,77.209,216.0,False,NORMAL,NONE,False,none,31.19,992.43,37.62,{}
2026-08-07 15:30:00+00:00,AWS-001,31.41,992.34,36.59,28.6139,77.209,216.0,False,NORMAL,NONE,False,none,31.41,992.34,36.59,{}
2026-08-07 15:35:00+00:00,AWS-001,30.9,992.36,38.41,28.6139,77.209,216.0,False,NORMAL,NONE,False,none,30.9,992.36,38.41,{}
2026-08-07 15:40:00+00:00,AWS-001,30.85,992.35,38.19,28.6139,77.209,216.0,False,NORMAL,NONE,False,none,30.85,992.35,38.19,{}
2026-08-07 15:45:00+00:00,AWS-001,31.07,992.25,37.9,28.6139,77.209,216.0,False,NORMAL,NONE,False,none,31.07,992.25,37.9,{}
2026-08-07 15:50:00+00:00,AWS-001,31.03,992.26,37.04,28.6139,77.209,216.0,False,NORMAL,NONE,False,none,31.03,992.26,37.04,{}
2026-08-07 15:55:00+00:00,AWS-001,30.79,992.22,37.38,28.6139,77.209,216.0,False,NORMAL,NONE,False,none,30.79,992.22,37.38,{}
2026-08-07 16:00:00+00:00,AWS-001,30.64,992.13,38.56,28.6139,77.209,216.0,False,NORMAL,NONE,False,none,30.64,992.13,38.56,{}
2026-08-07 16:05:00+00:00,AWS-001,30.85,992.12,37.72,28.6139,77.209,216.0,False,NORMAL,NONE,False,none,30.85,992.12,37.72,{}
2026-08-07 16:10:00+00:00,AWS-001,30.53,992.21,39.07,28.6139,77.209,216.0,False,NORMAL,NONE,False,none,30.53,992.21,39.07,{}
2026-08-07 16:15:00+00:00,AWS-001,30.75,992.3,37.14,28.6139,77.209,216.0,False,NORMAL,NONE,False,none,30.75,992.3,37.14,{}
2026-08-07 16:20:00+00:00,AWS-001,30.73,992.36,37.07,28.6139,77.209,216.0,False,NORMAL,NONE,False,none,30.73,992.36,37.07,{}
2026-08-07 16:25:00+00:00,AWS-001,30.52,992.38,37.7,28.6139,77.209,216.0,False,NORMAL,NONE,False,none,30.52,992.38,37.7,{}
2026-08-07 16:30:00+00:00,AWS-001,30.43,992.42,39.26,28.6139,77.209,216.0,False,NORMAL,NONE,False,none,30.43,992.42,39.26,{}
2026-08-07 16:35:00+00:00,AWS-001,30.26,992.43,38.94,28.6139,77.209,216.0,False,NORMAL,NONE,False,none,30.26,992.43,38.94,{}
2026-08-07 16:40:00+00:00,AWS-001,30.41,992.37,39.15,28.6139,77.209,216.0,False,NORMAL,NONE,False,none,30.41,992.37,39.15,{}
2026-08-07 16:45:00+00:00,AWS-001,30.51,992.33,39.65,28.6139,77.209,216.0,False,NORMAL,NONE,False,none,30.51,992.33,39.65,{}
2026-08-07 16:50:00+00:00,AWS-001,30.18,992.31,39.89,28.6139,77.209,216.0,False,NORMAL,NONE,False,none,30.18,992.31,39.89,{}
2026-08-07 16:55:00+00:00,AWS-001,30.1,992.42,39.87,28.6139,77.209,216.0,False,NORMAL,NONE,False,none,30.1,992.42,39.87,{}
2026-08-07 17:00:00+00:00,AWS-001,29.94,992.51,40.39,28.6139,77.209,216.0,False,NORMAL,NONE,False,none,29.94,992.51,40.39,{}
2026-08-07 17:05:00+00:00,AWS-001,30.14,992.46,39.01,28.6139,77.209,216.0,False,NORMAL,NONE,False,none,30.14,992.46,39.01,{}
2026-08-07 17:10:00+00:00,AWS-001,29.87,992.49,39.53,28.6139,77.209,216.0,False,NORMAL,NONE,False,none,29.87,992.49,39.53,{}
2026-08-07 17:15:00+00:00,AWS-001,30.1,992.49,39.97,28.6139,77.209,216.0,False,NORMAL,NONE,False,none,30.1,992.49,39.97,{}
2026-08-07 17:20:00+00:00,AWS-001,30.03,992.51,40.51,28.6139,77.209,216.0,False,NORMAL,NONE,False,none,30.03,992.51,40.51,{}
2026-08-07 17:25:00+00:00,AWS-001,29.76,992.51,41.02,28.6139,77.209,216.0,False,NORMAL,NONE,False,none,29.76,992.51,41.02,{}
2026-08-07 17:30:00+00:00,AWS-001,29.59,992.63,41.49,28.6139,77.209,216.0,False,NORMAL,NONE,False,none,29.59,992.63,41.49,{}
2026-08-07 17:35:00+00:00,AWS-001,29.4,992.66,42.29,28.6139,77.209,216.0,False,NORMAL,NONE,False,none,29.4,992.66,42.29,{}
2026-08-07 17:40:00+00:00,AWS-001,29.15,992.71,43.33,28.6139,77.209,216.0,False,NORMAL,NONE,False,none,29.15,992.71,43.33,{}
2026-08-07 17:45:00+00:00,AWS-001,29.14,992.76,42.87,28.6139,77.209,216.0,False,NORMAL,NONE,False,none,29.14,992.76,42.87,{}
2026-08-07 17:50:00+00:00,AWS-001,28.89,992.73,44.39,28.6139,77.209,216.0,False,NORMAL,NONE,False,none,28.89,992.73,44.39,{}
2026-08-07 17:55:00+00:00,AWS-001,28.5,992.78,46.01,28.6139,77.209,216.0,False,NORMAL,NONE,False,none,28.5,992.78,46.01,{}
2026-08-07 18:00:00+00:00,AWS-001,28.45,992.88,46.29,28.6139,77.209,216.0,False,NORMAL,NONE,False,none,28.45,992.88,46.29,{}
2026-08-07 18:05:00+00:00,AWS-001,28.14,993.01,46.23,28.6139,77.209,216.0,False,NORMAL,NONE,False,none,28.14,993.01,46.23,{}
2026-08-07 18:10:00+00:00,AWS-001,28.04,992.97,45.67,28.6139,77.209,216.0,False,NORMAL,NONE,False,none,28.04,992.97,45.67,{}
2026-08-07 18:15:00+00:00,AWS-001,27.9,992.92,45.76,28.6139,77.209,216.0,False,NORMAL,NONE,False,none,27.9,992.92,45.76,{}
2026-08-07 18:20:00+00:00,AWS-001,27.77,992.97,46.12,28.6139,77.209,216.0,False,NORMAL,NONE,False,none,27.77,992.97,46.12,{}
2026-08-07 18:25:00+00:00,AWS-001,28.12,993.08,44.05,28.6139,77.209,216.0,False,NORMAL,NONE,False,none,28.12,993.08,44.05,{}
2026-08-07 18:30:00+00:00,AWS-001,28.09,993.15,44.6,28.6139,77.209,216.0,False,NORMAL,NONE,False,none,28.09,993.15,44.6,{}
2026-08-07 18:35:00+00:00,AWS-001,28.07,993.23,45.52,28.6139,77.209,216.0,False,NORMAL,NONE,False,none,28.07,993.23,45.52,{}
2026-08-07 18:40:00+00:00,AWS-001,27.71,993.19,46.8,28.6139,77.209,216.0,False,NORMAL,NONE,False,none,27.71,993.19,46.8,{}
2026-08-07 18:45:00+00:00,AWS-001,27.56,993.2,46.67,28.6139,77.209,216.0,False,NORMAL,NONE,False,none,27.56,993.2,46.67,{}
2026-08-07 18:50:00+00:00,AWS-001,27.55,993.12,46.16,28.6139,77.209,216.0,False,NORMAL,NONE,False,none,27.55,993.12,46.16,{}
2026-08-07 18:55:00+00:00,AWS-001,27.33,993.17,47.02,28.6139,77.209,216.0,False,NORMAL,NONE,False,none,27.33,993.17,47.02,{}
2026-08-07 19:00:00+00:00,AWS-001,27.43,993.1,46.65,28.6139,77.209,216.0,False,NORMAL,NONE,False,none,27.43,993.1,46.65,{}
2026-08-07 19:05:00+00:00,AWS-001,27.15,993.25,47.72,28.6139,77.209,216.0,False,NORMAL,NONE,False,none,27.15,993.25,47.72,{}
2026-08-07 19:10:00+00:00,AWS-001,27.05,993.4,48.38,28.6139,77.209,216.0,False,NORMAL,NONE,False,none,27.05,993.4,48.38,{}
2026-08-07 19:15:00+00:00,AWS-001,26.89,993.46,49.45,28.6139,77.209,216.0,False,NORMAL,NONE,False,none,26.89,993.46,49.45,{}
2026-08-07 19:20:00+00:00,AWS-001,26.85,993.43,48.66,28.6139,77.209,216.0,False,NORMAL,NONE,False,none,26.85,993.43,48.66,{}
2026-08-07 19:25:00+00:00,AWS-001,26.67,993.5,49.29,28.6139,77.209,216.0,False,NORMAL,NONE,False,none,26.67,993.5,49.29,{}
2026-08-07 19:30:00+00:00,AWS-001,26.56,993.67,49.34,28.6139,77.209,216.0,False,NORMAL,NONE,False,none,26.56,993.67,49.34,{}
2026-08-07 19:35:00+00:00,AWS-001,26.44,993.74,49.59,28.6139,77.209,216.0,False,NORMAL,NONE,False,none,26.44,993.74,49.59,{}
2026-08-07 19:40:00+00:00,AWS-001,26.25,993.85,50.72,28.6139,77.209,216.0,False,NORMAL,NONE,False,none,26.25,993.85,50.72,{}
2026-08-07 19:45:00+00:00,AWS-001,26.26,993.85,51.23,28.6139,77.209,216.0,False,NORMAL,NONE,False,none,26.26,993.85,51.23,{}
2026-08-07 19:50:00+00:00,AWS-001,26.21,993.84,52.09,28.6139,77.209,216.0,False,NORMAL,NONE,False,none,26.21,993.84,52.09,{}
2026-08-07 19:55:00+00:00,AWS-001,26.09,993.88,52.43,28.6139,77.209,216.0,False,NORMAL,NONE,False,none,26.09,993.88,52.43,{}
2026-08-07 20:00:00+00:00,AWS-001,25.92,993.8,52.62,28.6139,77.209,216.0,False,NORMAL,NONE,False,none,25.92,993.8,52.62,{}
2026-08-07 20:05:00+00:00,AWS-001,25.95,993.98,52.14,28.6139,77.209,216.0,False,NORMAL,NONE,False,none,25.95,993.98,52.14,{}
2026-08-07 20:10:00+00:00,AWS-001,25.79,994.02,51.36,28.6139,77.209,216.0,False,NORMAL,NONE,False,none,25.79,994.02,51.36,{}
2026-08-07 20:15:00+00:00,AWS-001,25.62,994.11,52.76,28.6139,77.209,216.0,False,NORMAL,NONE,False,none,25.62,994.11,52.76,{}
2026-08-07 20:20:00+00:00,AWS-001,25.52,994.11,52.75,28.6139,77.209,216.0,False,NORMAL,NONE,False,none,25.52,994.11,52.75,{}
2026-08-07 20:25:00+00:00,AWS-001,25.68,994.05,52.51,28.6139,77.209,216.0,False,NORMAL,NONE,False,none,25.68,994.05,52.51,{}
2026-08-07 20:30:00+00:00,AWS-001,25.3,994.16,54.02,28.6139,77.209,216.0,False,NORMAL,NONE,False,none,25.3,994.16,54.02,{}
2026-08-07 20:35:00+00:00,AWS-001,25.3,994.12,53.09,28.6139,77.209,216.0,False,NORMAL,NONE,False,none,25.3,994.12,53.09,{}
2026-08-07 20:40:00+00:00,AWS-001,24.84,994.17,53.97,28.6139,77.209,216.0,False,NORMAL,NONE,False,none,24.84,994.17,53.97,{}
2026-08-07 20:45:00+00:00,AWS-001,24.77,994.23,55.26,28.6139,77.209,216.0,False,NORMAL,NONE,False,none,24.77,994.23,55.26,{}
2026-08-07 20:50:00+00:00,AWS-001,24.92,994.25,54.89,28.6139,77.209,216.0,False,NORMAL,NONE,False,none,24.92,994.25,54.89,{}
2026-08-07 20:55:00+00:00,AWS-001,24.85,994.23,54.65,28.6139,77.209,216.0,False,NORMAL,NONE,False,none,24.85,994.23,54.65,{}
2026-08-07 21:00:00+00:00,AWS-001,24.72,994.24,54.96,28.6139,77.209,216.0,False,NORMAL,NONE,False,none,24.72,994.24,54.96,{}
2026-08-07 21:05:00+00:00,AWS-001,24.47,994.2,56.47,28.6139,77.209,216.0,False,NORMAL,NONE,False,none,24.47,994.2,56.47,{}
2026-08-07 21:10:00+00:00,AWS-001,24.33,994.27,57.42,28.6139,77.209,216.0,False,NORMAL,NONE,False,none,24.33,994.27,57.42,{}
2026-08-07 21:15:00+00:00,AWS-001,24.14,994.32,56.94,28.6139,77.209,216.0,False,NORMAL,NONE,False,none,24.14,994.32,56.94,{}
2026-08-07 21:20:00+00:00,AWS-001,23.87,994.33,58.88,28.6139,77.209,216.0,False,NORMAL,NONE,False,none,23.87,994.33,58.88,{}
2026-08-07 21:25:00+00:00,AWS-001,23.7,994.31,59.91,28.6139,77.209,216.0,False,NORMAL,NONE,False,none,23.7,994.31,59.91,{}
2026-08-07 21:30:00+00:00,AWS-001,23.61,994.44,59.88,28.6139,77.209,216.0,False,NORMAL,NONE,False,none,23.61,994.44,59.88,{}
2026-08-07 21:35:00+00:00,AWS-001,23.36,994.36,59.83,28.6139,77.209,216.0,False,NORMAL,NONE,False,none,23.36,994.36,59.83,{}
2026-08-07 21:40:00+00:00,AWS-001,23.12,994.27,61.33,28.6139,77.209,216.0,False,NORMAL,NONE,False,none,23.12,994.27,61.33,{}
2026-08-07 21:45:00+00:00,AWS-001,22.8,994.27,62.67,28.6139,77.209,216.0,False,NORMAL,NONE,False,none,22.8,994.27,62.67,{}
2026-08-07 21:50:00+00:00,AWS-001,22.79,994.26,61.61,28.6139,77.209,216.0,False,NORMAL,NONE,False,none,22.79,994.26,61.61,{}
2026-08-07 21:55:00+00:00,AWS-001,22.8,994.32,61.44,28.6139,77.209,216.0,False,NORMAL,NONE,False,none,22.8,994.32,61.44,{}
2026-08-07 22:00:00+00:00,AWS-001,22.74,994.36,63.67,28.6139,77.209,216.0,False,NORMAL,NONE,False,none,22.74,994.36,63.67,{}
2026-08-07 22:05:00+00:00,AWS-001,22.79,994.35,63.21,28.6139,77.209,216.0,False,NORMAL,NONE,False,none,22.79,994.35,63.21,{}
2026-08-07 22:10:00+00:00,AWS-001,22.67,994.36,62.93,28.6139,77.209,216.0,False,NORMAL,NONE,False,none,22.67,994.36,62.93,{}
2026-08-07 22:15:00+00:00,AWS-001,22.61,994.37,62.4,28.6139,77.209,216.0,False,NORMAL,NONE,False,none,22.61,994.37,62.4,{}
2026-08-07 22:20:00+00:00,AWS-001,22.53,994.47,63.82,28.6139,77.209,216.0,False,NORMAL,NONE,False,none,22.53,994.47,63.82,{}
2026-08-07 22:25:00+00:00,AWS-001,22.37,994.45,64.77,28.6139,77.209,216.0,False,NORMAL,NONE,False,none,22.37,994.45,64.77,{}
2026-08-07 22:30:00+00:00,AWS-001,22.15,994.37,66.28,28.6139,77.209,216.0,False,NORMAL,NONE,False,none,22.15,994.37,66.28,{}
2026-08-07 22:35:00+00:00,AWS-001,22.4,994.35,65.14,28.6139,77.209,216.0,False,NORMAL,NONE,False,none,22.4,994.35,65.14,{}
2026-08-07 22:40:00+00:00,AWS-001,22.16,994.16,66.55,28.6139,77.209,216.0,False,NORMAL,NONE,False,none,22.16,994.16,66.55,{}
2026-08-07 22:45:00+00:00,AWS-001,21.9,994.13,66.65,28.6139,77.209,216.0,False,NORMAL,NONE,False,none,21.9,994.13,66.65,{}
2026-08-07 22:50:00+00:00,AWS-001,21.84,994.17,66.74,28.6139,77.209,216.0,False,NORMAL,NONE,False,none,21.84,994.17,66.74,{}
2026-08-07 22:55:00+00:00,AWS-001,21.75,994.17,67.07,28.6139,77.209,216.0,False,NORMAL,NONE,False,none,21.75,994.17,67.07,{}
2026-08-07 23:00:00+00:00,AWS-001,21.38,994.14,69.22,28.6139,77.209,216.0,False,NORMAL,NONE,False,none,21.38,994.14,69.22,{}
2026-08-07 23:05:00+00:00,AWS-001,21.46,994.14,68.77,28.6139,77.209,216.0,False,NORMAL,NONE,False,none,21.46,994.14,68.77,{}
2026-08-07 23:10:00+00:00,AWS-001,21.32,994.15,68.65,28.6139,77.209,216.0,False,NORMAL,NONE,False,none,21.32,994.15,68.65,{}
2026-08-07 23:15:00+00:00,AWS-001,21.02,994.18,69.76,28.6139,77.209,216.0,False,NORMAL,NONE,False,none,21.02,994.18,69.76,{}
2026-08-07 23:20:00+00:00,AWS-001,21.13,994.15,68.09,28.6139,77.209,216.0,False,NORMAL,NONE,False,none,21.13,994.15,68.09,{}
2026-08-07 23:25:00+00:00,AWS-001,21.11,994.06,66.69,28.6139,77.209,216.0,False,NORMAL,NONE,False,none,21.11,994.06,66.69,{}
2026-08-07 23:30:00+00:00,AWS-001,20.78,993.86,68.87,28.6139,77.209,216.0,False,NORMAL,NONE,False,none,20.78,993.86,68.87,{}
2026-08-07 23:35:00+00:00,AWS-001,20.98,993.87,67.89,28.6139,77.209,216.0,False,NORMAL,NONE,False,none,20.98,993.87,67.89,{}
2026-08-07 23:40:00+00:00,AWS-001,20.96,993.84,67.94,28.6139,77.209,216.0,False,NORMAL,NONE,False,none,20.96,993.84,67.94,{}
2026-08-07 23:45:00+00:00,AWS-001,20.82,993.78,69.19,28.6139,77.209,216.0,False,NORMAL,NONE,False,none,20.82,993.78,69.19,{}
2026-08-07 23:50:00+00:00,AWS-001,20.96,993.68,69.54,28.6139,77.209,216.0,False,NORMAL,NONE,False,none,20.96,993.68,69.54,{}
2026-08-07 23:55:00+00:00,AWS-001,20.83,993.68,70.32,28.6139,77.209,216.0,False,NORMAL,NONE,False,none,20.83,993.68,70.32,{}
2026-08-08 00:00:00+00:00,AWS-001,20.62,993.59,72.33,28.6139,77.209,216.0,False,NORMAL,NONE,False,none,20.62,993.59,72.33,{}
2026-08-08 00:05:00+00:00,AWS-001,20.37,993.53,73.42,28.6139,77.209,216.0,False,NORMAL,NONE,False,none,20.37,993.53,73.42,{}
2026-08-08 00:10:00+00:00,AWS-001,20.35,993.46,73.39,28.6139,77.209,216.0,False,NORMAL,NONE,False,none,20.35,993.46,73.39,{}
2026-08-08 00:15:00+00:00,AWS-001,20.31,993.42,73.44,28.6139,77.209,216.0,False,NORMAL,NONE,False,none,20.31,993.42,73.44,{}
2026-08-08 00:20:00+00:00,AWS-001,20.19,993.28,72.9,28.6139,77.209,216.0,False,NORMAL,NONE,False,none,20.19,993.28,72.9,{}
2026-08-08 00:25:00+00:00,AWS-001,19.95,993.25,74.51,28.6139,77.209,216.0,False,NORMAL,NONE,False,none,19.95,993.25,74.51,{}
2026-08-08 00:30:00+00:00,AWS-001,19.88,993.14,73.1,28.6139,77.209,216.0,False,NORMAL,NONE,False,none,19.88,993.14,73.1,{}
2026-08-08 00:35:00+00:00,AWS-001,19.78,993.03,73.27,28.6139,77.209,216.0,False,NORMAL,NONE,False,none,19.78,993.03,73.27,{}
2026-08-08 00:40:00+00:00,AWS-001,19.47,993.02,74.83,28.6139,77.209,216.0,False,NORMAL,NONE,False,none,19.47,993.02,74.83,{}
2026-08-08 00:45:00+00:00,AWS-001,19.18,992.9,75.84,28.6139,77.209,216.0,False,NORMAL,NONE,False,none,19.18,992.9,75.84,{}
2026-08-08 00:50:00+00:00,AWS-001,19.25,992.89,75.37,28.6139,77.209,216.0,False,NORMAL,NONE,False,none,19.25,992.89,75.37,{}
2026-08-08 00:55:00+00:00,AWS-001,18.78,992.83,78.97,28.6139,77.209,216.0,False,NORMAL,NONE,False,none,18.78,992.83,78.97,{}
2026-08-08 01:00:00+00:00,AWS-001,18.84,992.66,79.4,28.6139,77.209,216.0,False,NORMAL,NONE,False,none,18.84,992.66,79.4,{}
2026-08-08 01:05:00+00:00,AWS-001,18.76,992.68,79.2,28.6139,77.209,216.0,False,NORMAL,NONE,False,none,18.76,992.68,79.2,{}
2026-08-08 01:10:00+00:00,AWS-001,18.99,992.64,77.74,28.6139,77.209,216.0,False,NORMAL,NONE,False,none,18.99,992.64,77.74,{}
2026-08-08 01:15:00+00:00,AWS-001,18.9,992.59,77.43,28.6139,77.209,216.0,False,NORMAL,NONE,False,none,18.9,992.59,77.43,{}
2026-08-08 01:20:00+00:00,AWS-001,19.0,992.58,77.51,28.6139,77.209,216.0,False,NORMAL,NONE,False,none,19.0,992.58,77.51,{}
2026-08-08 01:25:00+00:00,AWS-001,18.91,992.6,77.84,28.6139,77.209,216.0,False,NORMAL,NONE,False,none,18.91,992.6,77.84,{}
2026-08-08 01:30:00+00:00,AWS-001,18.91,992.53,76.64,28.6139,77.209,216.0,False,NORMAL,NONE,False,none,18.91,992.53,76.64,{}
2026-08-08 01:35:00+00:00,AWS-001,19.02,992.48,76.42,28.6139,77.209,216.0,False,NORMAL,NONE,False,none,19.02,992.48,76.42,{}
2026-08-08 01:40:00+00:00,AWS-001,18.91,992.43,77.42,28.6139,77.209,216.0,False,NORMAL,NONE,False,none,18.91,992.43,77.42,{}
2026-08-08 01:45:00+00:00,AWS-001,19.06,992.33,77.44,28.6139,77.209,216.0,False,NORMAL,NONE,False,none,19.06,992.33,77.44,{}
2026-08-08 01:50:00+00:00,AWS-001,18.86,992.16,78.39,28.6139,77.209,216.0,False,NORMAL,NONE,False,none,18.86,992.16,78.39,{}
2026-08-08 01:55:00+00:00,AWS-001,18.89,992.1,78.0,28.6139,77.209,216.0,False,NORMAL,NONE,False,none,18.89,992.1,78.0,{}
2026-08-08 02:00:00+00:00,AWS-001,19.03,992.12,78.64,28.6139,77.209,216.0,False,NORMAL,NONE,False,none,19.03,992.12,78.64,{}
2026-08-08 02:05:00+00:00,AWS-001,19.11,992.08,78.13,28.6139,77.209,216.0,False,NORMAL,NONE,False,none,19.11,992.08,78.13,{}
2026-08-08 02:10:00+00:00,AWS-001,19.39,991.94,77.14,28.6139,77.209,216.0,False,NORMAL,NONE,False,none,19.39,991.94,77.14,{}
2026-08-08 02:15:00+00:00,AWS-001,19.19,991.94,77.57,28.6139,77.209,216.0,False,NORMAL,NONE,False,none,19.19,991.94,77.57,{}
2026-08-08 02:20:00+00:00,AWS-001,18.91,991.86,79.26,28.6139,77.209,216.0,False,NORMAL,NONE,False,none,18.91,991.86,79.26,{}
2026-08-08 02:25:00+00:00,AWS-001,18.73,991.67,79.06,28.6139,77.209,216.0,False,NORMAL,NONE,False,none,18.73,991.67,79.06,{}
2026-08-08 02:30:00+00:00,AWS-001,18.85,991.68,78.18,28.6139,77.209,216.0,False,NORMAL,NONE,False,none,18.85,991.68,78.18,{}
2026-08-08 02:35:00+00:00,AWS-001,18.94,991.56,77.07,28.6139,77.209,216.0,False,NORMAL,NONE,False,none,18.94,991.56,77.07,{}
2026-08-08 02:40:00+00:00,AWS-001,18.95,991.62,76.8,28.6139,77.209,216.0,False,NORMAL,NONE,False,none,18.95,991.62,76.8,{}
2026-08-08 02:45:00+00:00,AWS-001,18.76,991.63,78.73,28.6139,77.209,216.0,False,NORMAL,NONE,False,none,18.76,991.63,78.73,{}
2026-08-08 02:50:00+00:00,AWS-001,18.91,991.56,77.65,28.6139,77.209,216.0,False,NORMAL,NONE,False,none,18.91,991.56,77.65,{}
2026-08-08 02:55:00+00:00,AWS-001,18.71,991.53,79.17,28.6139,77.209,216.0,False,NORMAL,NONE,False,none,18.71,991.53,79.17,{}
2026-08-08 03:00:00+00:00,AWS-001,18.94,991.61,79.01,28.6139,77.209,216.0,False,NORMAL,NONE,False,none,18.94,991.61,79.01,{}
2026-08-08 03:05:00+00:00,AWS-001,19.43,991.61,76.52,28.6139,77.209,216.0,False,NORMAL,NONE,False,none,19.43,991.61,76.52,{}
2026-08-08 03:10:00+00:00,AWS-001,19.46,991.56,76.94,28.6139,77.209,216.0,False,NORMAL,NONE,False,none,19.46,991.56,76.94,{}
2026-08-08 03:15:00+00:00,AWS-001,19.52,991.66,76.8,28.6139,77.209,216.0,False,NORMAL,NONE,False,none,19.52,991.66,76.8,{}
2026-08-08 03:20:00+00:00,AWS-001,19.4,991.6,77.23,28.6139,77.209,216.0,False,NORMAL,NONE,False,none,19.4,991.6,77.23,{}
2026-08-08 03:25:00+00:00,AWS-001,19.08,991.56,79.04,28.6139,77.209,216.0,False,NORMAL,NONE,False,none,19.08,991.56,79.04,{}
2026-08-08 03:30:00+00:00,AWS-001,19.01,991.44,80.32,28.6139,77.209,216.0,False,NORMAL,NONE,False,none,19.01,991.44,80.32,{}
2026-08-08 03:35:00+00:00,AWS-001,18.88,991.29,80.22,28.6139,77.209,216.0,False,NORMAL,NONE,False,none,18.88,991.29,80.22,{}
2026-08-08 03:40:00+00:00,AWS-001,18.7,991.23,80.21,28.6139,77.209,216.0,False,NORMAL,NONE,False,none,18.7,991.23,80.21,{}
2026-08-08 03:45:00+00:00,AWS-001,19.09,991.19,77.57,28.6139,77.209,216.0,False,NORMAL,NONE,False,none,19.09,991.19,77.57,{}
2026-08-08 03:50:00+00:00,AWS-001,19.19,991.17,77.69,28.6139,77.209,216.0,False,NORMAL,NONE,False,none,19.19,991.17,77.69,{}
2026-08-08 03:55:00+00:00,AWS-001,19.31,991.05,77.74,28.6139,77.209,216.0,False,NORMAL,NONE,False,none,19.31,991.05,77.74,{}
2026-08-08 04:00:00+00:00,AWS-001,19.31,991.07,77.22,28.6139,77.209,216.0,False,NORMAL,NONE,False,none,19.31,991.07,77.22,{}
2026-08-08 04:05:00+00:00,AWS-001,19.34,990.99,75.61,28.6139,77.209,216.0,False,NORMAL,NONE,False,none,19.34,990.99,75.61,{}
2026-08-08 04:10:00+00:00,AWS-001,19.57,991.01,74.23,28.6139,77.209,216.0,False,NORMAL,NONE,False,none,19.57,991.01,74.23,{}
2026-08-08 04:15:00+00:00,AWS-001,19.61,991.04,74.54,28.6139,77.209,216.0,False,NORMAL,NONE,False,none,19.61,991.04,74.54,{}
2026-08-08 04:20:00+00:00,AWS-001,19.75,991.0,73.93,28.6139,77.209,216.0,False,NORMAL,NONE,False,none,19.75,991.0,73.93,{}
2026-08-08 04:25:00+00:00,AWS-001,19.76,990.92,74.06,28.6139,77.209,216.0,False,NORMAL,NONE,False,none,19.76,990.92,74.06,{}
2026-08-08 04:30:00+00:00,AWS-001,19.76,991.0,73.79,28.6139,77.209,216.0,False,NORMAL,NONE,False,none,19.76,991.0,73.79,{}
2026-08-08 04:35:00+00:00,AWS-001,19.6,991.04,75.3,28.6139,77.209,216.0,False,NORMAL,NONE,False,none,19.6,991.04,75.3,{}
2026-08-08 04:40:00+00:00,AWS-001,19.37,991.03,76.59,28.6139,77.209,216.0,False,NORMAL,NONE,False,none,19.37,991.03,76.59,{}
2026-08-08 04:45:00+00:00,AWS-001,19.46,991.11,76.47,28.6139,77.209,216.0,False,NORMAL,NONE,False,none,19.46,991.11,76.47,{}
2026-08-08 04:50:00+00:00,AWS-001,19.61,991.09,75.79,28.6139,77.209,216.0,False,NORMAL,NONE,False,none,19.61,991.09,75.79,{}
2026-08-08 04:55:00+00:00,AWS-001,19.53,991.04,76.41,28.6139,77.209,216.0,False,NORMAL,NONE,False,none,19.53,991.04,76.41,{}
2026-08-08 05:00:00+00:00,AWS-001,19.67,990.97,75.88,28.6139,77.209,216.0,False,NORMAL,NONE,False,none,19.67,990.97,75.88,{}
2026-08-08 05:05:00+00:00,AWS-001,19.83,990.97,74.41,28.6139,77.209,216.0,False,NORMAL,NONE,False,none,19.83,990.97,74.41,{}
2026-08-08 05:10:00+00:00,AWS-001,19.62,991.01,75.61,28.6139,77.209,216.0,False,NORMAL,NONE,False,none,19.62,991.01,75.61,{}
2026-08-08 05:15:00+00:00,AWS-001,19.65,991.1,75.9,28.6139,77.209,216.0,False,NORMAL,NONE,False,none,19.65,991.1,75.9,{}
2026-08-08 05:20:00+00:00,AWS-001,19.91,991.09,75.3,28.6139,77.209,216.0,False,NORMAL,NONE,False,none,19.91,991.09,75.3,{}
2026-08-08 05:25:00+00:00,AWS-001,20.15,991.16,74.26,28.6139,77.209,216.0,False,NORMAL,NONE,False,none,20.15,991.16,74.26,{}
2026-08-08 05:30:00+00:00,AWS-001,20.11,991.15,73.57,28.6139,77.209,216.0,False,NORMAL,NONE,False,none,20.11,991.15,73.57,{}
2026-08-08 05:35:00+00:00,AWS-001,20.32,991.1,72.05,28.6139,77.209,216.0,False,NORMAL,NONE,False,none,20.32,991.1,72.05,{}
2026-08-08 05:40:00+00:00,AWS-001,20.66,991.03,70.28,28.6139,77.209,216.0,False,NORMAL,NONE,False,none,20.66,991.03,70.28,{}
2026-08-08 05:45:00+00:00,AWS-001,20.93,991.01,69.28,28.6139,77.209,216.0,False,NORMAL,NONE,False,none,20.93,991.01,69.28,{}
2026-08-08 05:50:00+00:00,AWS-001,21.03,990.96,68.76,28.6139,77.209,216.0,False,NORMAL,NONE,False,none,21.03,990.96,68.76,{}
2026-08-08 05:55:00+00:00,AWS-001,21.08,991.1,67.87,28.6139,77.209,216.0,False,NORMAL,NONE,False,none,21.08,991.1,67.87,{}
2026-08-08 06:00:00+00:00,AWS-001,21.11,991.14,67.16,28.6139,77.209,216.0,False,NORMAL,NONE,False,none,21.11,991.14,67.16,{}
2026-08-08 06:05:00+00:00,AWS-001,21.34,991.15,65.12,28.6139,77.209,216.0,False,NORMAL,NONE,False,none,21.34,991.15,65.12,{}
2026-08-08 06:10:00+00:00,AWS-001,21.5,991.27,62.84,28.6139,77.209,216.0,False,NORMAL,NONE,False,none,21.5,991.27,62.84,{}
2026-08-08 06:15:00+00:00,AWS-001,21.74,991.21,62.42,28.6139,77.209,216.0,False,NORMAL,NONE,False,none,21.74,991.21,62.42,{}
2026-08-08 06:20:00+00:00,AWS-001,21.88,991.22,63.87,28.6139,77.209,216.0,False,NORMAL,NONE,False,none,21.88,991.22,63.87,{}
2026-08-08 06:25:00+00:00,AWS-001,22.13,991.36,64.25,28.6139,77.209,216.0,False,NORMAL,NONE,False,none,22.13,991.36,64.25,{}
2026-08-08 06:30:00+00:00,AWS-001,22.25,991.36,63.21,28.6139,77.209,216.0,False,NORMAL,NONE,False,none,22.25,991.36,63.21,{}
2026-08-08 06:35:00+00:00,AWS-001,22.49,991.52,62.52,28.6139,77.209,216.0,False,NORMAL,NONE,False,none,22.49,991.52,62.52,{}
2026-08-08 06:40:00+00:00,AWS-001,22.73,991.57,60.79,28.6139,77.209,216.0,False,NORMAL,NONE,False,none,22.73,991.57,60.79,{}
2026-08-08 06:45:00+00:00,AWS-001,22.67,991.65,60.38,28.6139,77.209,216.0,False,NORMAL,NONE,False,none,22.67,991.65,60.38,{}
2026-08-08 06:50:00+00:00,AWS-001,22.48,991.73,60.69,28.6139,77.209,216.0,False,NORMAL,NONE,False,none,22.48,991.73,60.69,{}
2026-08-08 06:55:00+00:00,AWS-001,22.88,991.72,59.41,28.6139,77.209,216.0,False,NORMAL,NONE,False,none,22.88,991.72,59.41,{}
2026-08-08 07:00:00+00:00,AWS-001,23.03,991.69,59.06,28.6139,77.209,216.0,False,NORMAL,NONE,False,none,23.03,991.69,59.06,{}
2026-08-08 07:05:00+00:00,AWS-001,22.86,991.69,60.18,28.6139,77.209,216.0,False,NORMAL,NONE,False,none,22.86,991.69,60.18,{}
2026-08-08 07:10:00+00:00,AWS-001,22.89,991.63,60.74,28.6139,77.209,216.0,False,NORMAL,NONE,False,none,22.89,991.63,60.74,{}
2026-08-08 07:15:00+00:00,AWS-001,23.18,991.64,59.6,28.6139,77.209,216.0,False,NORMAL,NONE,False,none,23.18,991.64,59.6,{}
2026-08-08 07:20:00+00:00,AWS-001,23.28,991.65,59.42,28.6139,77.209,216.0,False,NORMAL,NONE,False,none,23.28,991.65,59.42,{}
2026-08-08 07:25:00+00:00,AWS-001,23.34,991.76,58.63,28.6139,77.209,216.0,False,NORMAL,NONE,False,none,23.34,991.76,58.63,{}
2026-08-08 07:30:00+00:00,AWS-001,23.73,991.8,56.59,28.6139,77.209,216.0,False,NORMAL,NONE,False,none,23.73,991.8,56.59,{}
2026-08-08 07:35:00+00:00,AWS-001,23.69,991.94,56.12,28.6139,77.209,216.0,False,NORMAL,NONE,False,none,23.69,991.94,56.12,{}
2026-08-08 07:40:00+00:00,AWS-001,23.71,991.81,56.87,28.6139,77.209,216.0,False,NORMAL,NONE,False,none,23.71,991.81,56.87,{}
2026-08-08 07:45:00+00:00,AWS-001,23.91,991.74,56.23,28.6139,77.209,216.0,False,NORMAL,NONE,False,none,23.91,991.74,56.23,{}
2026-08-08 07:50:00+00:00,AWS-001,24.13,991.73,54.55,28.6139,77.209,216.0,False,NORMAL,NONE,False,none,24.13,991.73,54.55,{}
2026-08-08 07:55:00+00:00,AWS-001,24.37,991.83,54.13,28.6139,77.209,216.0,False,NORMAL,NONE,False,none,24.37,991.83,54.13,{}
2026-08-08 08:00:00+00:00,AWS-001,24.66,991.82,52.73,28.6139,77.209,216.0,False,NORMAL,NONE,False,none,24.66,991.82,52.73,{}
2026-08-08 08:05:00+00:00,AWS-001,24.81,991.74,53.69,28.6139,77.209,216.0,False,NORMAL,NONE,False,none,24.81,991.74,53.69,{}
2026-08-08 08:10:00+00:00,AWS-001,25.01,991.74,52.88,28.6139,77.209,216.0,False,NORMAL,NONE,False,none,25.01,991.74,52.88,{}
2026-08-08 08:15:00+00:00,AWS-001,25.08,991.68,53.31,28.6139,77.209,216.0,False,NORMAL,NONE,False,none,25.08,991.68,53.31,{}
2026-08-08 08:20:00+00:00,AWS-001,25.22,991.61,53.71,28.6139,77.209,216.0,False,NORMAL,NONE,False,none,25.22,991.61,53.71,{}
2026-08-08 08:25:00+00:00,AWS-001,25.36,991.75,52.67,28.6139,77.209,216.0,False,NORMAL,NONE,False,none,25.36,991.75,52.67,{}
2026-08-08 08:30:00+00:00,AWS-001,25.52,991.74,52.31,28.6139,77.209,216.0,False,NORMAL,NONE,False,none,25.52,991.74,52.31,{}
2026-08-08 08:35:00+00:00,AWS-001,25.77,991.76,51.97,28.6139,77.209,216.0,False,NORMAL,NONE,False,none,25.77,991.76,51.97,{}
2026-08-08 08:40:00+00:00,AWS-001,25.97,991.76,51.44,28.6139,77.209,216.0,False,NORMAL,NONE,False,none,25.97,991.76,51.44,{}
2026-08-08 08:45:00+00:00,AWS-001,26.08,991.75,51.35,28.6139,77.209,216.0,False,NORMAL,NONE,False,none,26.08,991.75,51.35,{}
2026-08-08 08:50:00+00:00,AWS-001,26.05,991.7,50.57,28.6139,77.209,216.0,False,NORMAL,NONE,False,none,26.05,991.7,50.57,{}
2026-08-08 08:55:00+00:00,AWS-001,26.18,991.69,50.61,28.6139,77.209,216.0,False,NORMAL,NONE,False,none,26.18,991.69,50.61,{}
2026-08-08 09:00:00+00:00,AWS-001,26.3,991.71,49.98,28.6139,77.209,216.0,False,NORMAL,NONE,False,none,26.3,991.71,49.98,{}
2026-08-08 09:05:00+00:00,AWS-001,26.46,991.8,49.81,28.6139,77.209,216.0,False,NORMAL,NONE,False,none,26.46,991.8,49.81,{}
2026-08-08 09:10:00+00:00,AWS-001,26.95,991.84,49.0,28.6139,77.209,216.0,False,NORMAL,NONE,False,none,26.95,991.84,49.0,{}
2026-08-08 09:15:00+00:00,AWS-001,26.95,991.75,49.38,28.6139,77.209,216.0,False,NORMAL,NONE,False,none,26.95,991.75,49.38,{}
2026-08-08 09:20:00+00:00,AWS-001,27.12,991.8,49.01,28.6139,77.209,216.0,False,NORMAL,NONE,False,none,27.12,991.8,49.01,{}
2026-08-08 09:25:00+00:00,AWS-001,27.39,991.81,48.53,28.6139,77.209,216.0,False,NORMAL,NONE,False,none,27.39,991.81,48.53,{}
2026-08-08 09:30:00+00:00,AWS-001,27.48,991.75,48.54,28.6139,77.209,216.0,False,NORMAL,NONE,False,none,27.48,991.75,48.54,{}
2026-08-08 09:35:00+00:00,AWS-001,27.95,991.74,48.0,28.6139,77.209,216.0,False,NORMAL,NONE,False,none,27.95,991.74,48.0,{}
2026-08-08 09:40:00+00:00,AWS-001,27.93,991.75,47.72,28.6139,77.209,216.0,False,NORMAL,NONE,False,none,27.93,991.75,47.72,{}
2026-08-08 09:45:00+00:00,AWS-001,28.05,991.72,47.26,28.6139,77.209,216.0,False,NORMAL,NONE,False,none,28.05,991.72,47.26,{}
2026-08-08 09:50:00+00:00,AWS-001,27.97,991.72,47.81,28.6139,77.209,216.0,False,NORMAL,NONE,False,none,27.97,991.72,47.81,{}
2026-08-08 09:55:00+00:00,AWS-001,28.0,991.63,47.14,28.6139,77.209,216.0,False,NORMAL,NONE,False,none,28.0,991.63,47.14,{}
2026-08-08 10:00:00+00:00,AWS-001,28.14,991.72,45.73,28.6139,77.209,216.0,False,NORMAL,NONE,False,none,28.14,991.72,45.73,{}
2026-08-08 10:05:00+00:00,AWS-001,28.37,991.56,45.39,28.6139,77.209,216.0,False,NORMAL,NONE,False,none,28.37,991.56,45.39,{}
2026-08-08 10:10:00+00:00,AWS-001,28.5,991.56,44.83,28.6139,77.209,216.0,False,NORMAL,NONE,False,none,28.5,991.56,44.83,{}
2026-08-08 10:15:00+00:00,AWS-001,28.79,991.54,43.28,28.6139,77.209,216.0,False,NORMAL,NONE,False,none,28.79,991.54,43.28,{}
2026-08-08 10:20:00+00:00,AWS-001,28.83,991.53,43.57,28.6139,77.209,216.0,False,NORMAL,NONE,False,none,28.83,991.53,43.57,{}
2026-08-08 10:25:00+00:00,AWS-001,28.85,991.44,44.47,28.6139,77.209,216.0,False,NORMAL,NONE,False,none,28.85,991.44,44.47,{}
2026-08-08 10:30:00+00:00,AWS-001,29.37,991.45,42.0,28.6139,77.209,216.0,False,NORMAL,NONE,False,none,29.37,991.45,42.0,{}
2026-08-08 10:35:00+00:00,AWS-001,29.47,991.39,42.47,28.6139,77.209,216.0,False,NORMAL,NONE,False,none,29.47,991.39,42.47,{}
2026-08-08 10:40:00+00:00,AWS-001,29.38,991.26,41.04,28.6139,77.209,216.0,False,NORMAL,NONE,False,none,29.38,991.26,41.04,{}
2026-08-08 10:45:00+00:00,AWS-001,29.32,991.15,41.14,28.6139,77.209,216.0,False,NORMAL,NONE,False,none,29.32,991.15,41.14,{}
2026-08-08 10:50:00+00:00,AWS-001,29.23,991.1,42.72,28.6139,77.209,216.0,False,NORMAL,NONE,False,none,29.23,991.1,42.72,{}
2026-08-08 10:55:00+00:00,AWS-001,29.49,990.96,41.9,28.6139,77.209,216.0,False,NORMAL,NONE,False,none,29.49,990.96,41.9,{}
2026-08-08 11:00:00+00:00,AWS-001,29.5,991.01,41.95,28.6139,77.209,216.0,False,NORMAL,NONE,False,none,29.5,991.01,41.95,{}
2026-08-08 11:05:00+00:00,AWS-001,29.61,991.01,42.19,28.6139,77.209,216.0,False,NORMAL,NONE,False,none,29.61,991.01,42.19,{}
2026-08-08 11:10:00+00:00,AWS-001,29.69,991.05,40.88,28.6139,77.209,216.0,False,NORMAL,NONE,False,none,29.69,991.05,40.88,{}
2026-08-08 11:15:00+00:00,AWS-001,29.9,991.08,40.54,28.6139,77.209,216.0,False,NORMAL,NONE,False,none,29.9,991.08,40.54,{}
2026-08-08 11:20:00+00:00,AWS-001,29.83,990.97,40.84,28.6139,77.209,216.0,False,NORMAL,NONE,False,none,29.83,990.97,40.84,{}
2026-08-08 11:25:00+00:00,AWS-001,29.74,990.84,42.3,28.6139,77.209,216.0,False,NORMAL,NONE,False,none,29.74,990.84,42.3,{}
2026-08-08 11:30:00+00:00,AWS-001,29.89,990.6,41.06,28.6139,77.209,216.0,False,NORMAL,NONE,False,none,29.89,990.6,41.06,{}
2026-08-08 11:35:00+00:00,AWS-001,30.1,990.5,40.36,28.6139,77.209,216.0,False,NORMAL,NONE,False,none,30.1,990.5,40.36,{}
2026-08-08 11:40:00+00:00,AWS-001,30.24,990.54,39.5,28.6139,77.209,216.0,False,NORMAL,NONE,False,none,30.24,990.54,39.5,{}
2026-08-08 11:45:00+00:00,AWS-001,30.19,990.41,39.1,28.6139,77.209,216.0,False,NORMAL,NONE,False,none,30.19,990.41,39.1,{}
2026-08-08 11:50:00+00:00,AWS-001,30.4,990.32,39.55,28.6139,77.209,216.0,False,NORMAL,NONE,False,none,30.4,990.32,39.55,{}
2026-08-08 11:55:00+00:00,AWS-001,30.36,990.21,39.75,28.6139,77.209,216.0,False,NORMAL,NONE,False,none,30.36,990.21,39.75,{}
2026-08-08 12:00:00+00:00,AWS-001,30.37,990.15,39.45,28.6139,77.209,216.0,False,NORMAL,NONE,False,none,30.37,990.15,39.45,{}
2026-08-08 12:05:00+00:00,AWS-001,30.31,990.15,39.36,28.6139,77.209,216.0,False,NORMAL,NONE,False,none,30.31,990.15,39.36,{}
2026-08-08 12:10:00+00:00,AWS-001,30.64,989.97,38.39,28.6139,77.209,216.0,False,NORMAL,NONE,False,none,30.64,989.97,38.39,{}
2026-08-08 12:15:00+00:00,AWS-001,30.83,989.81,37.84,28.6139,77.209,216.0,False,NORMAL,NONE,False,none,30.83,989.81,37.84,{}
2026-08-08 12:20:00+00:00,AWS-001,31.0,989.83,36.87,28.6139,77.209,216.0,False,NORMAL,NONE,False,none,31.0,989.83,36.87,{}
2026-08-08 12:25:00+00:00,AWS-001,31.26,989.78,36.42,28.6139,77.209,216.0,False,NORMAL,NONE,False,none,31.26,989.78,36.42,{}
2026-08-08 12:30:00+00:00,AWS-001,31.76,989.68,35.4,28.6139,77.209,216.0,False,NORMAL,NONE,False,none,31.76,989.68,35.4,{}
2026-08-08 12:35:00+00:00,AWS-001,31.45,989.69,35.85,28.6139,77.209,216.0,False,NORMAL,NONE,False,none,31.45,989.69,35.85,{}
2026-08-08 12:40:00+00:00,AWS-001,31.35,989.52,36.47,28.6139,77.209,216.0,False,NORMAL,NONE,False,none,31.35,989.52,36.47,{}
2026-08-08 12:45:00+00:00,AWS-001,31.28,989.48,37.01,28.6139,77.209,216.0,False,NORMAL,NONE,False,none,31.28,989.48,37.01,{}
2026-08-08 12:50:00+00:00,AWS-001,31.19,989.38,37.04,28.6139,77.209,216.0,False,NORMAL,NONE,False,none,31.19,989.38,37.04,{}
2026-08-08 12:55:00+00:00,AWS-001,31.07,989.32,37.41,28.6139,77.209,216.0,False,NORMAL,NONE,False,none,31.07,989.32,37.41,{}
2026-08-08 13:00:00+00:00,AWS-001,31.11,989.09,38.9,28.6139,77.209,216.0,False,NORMAL,NONE,False,none,31.11,989.09,38.9,{}
2026-08-08 13:05:00+00:00,AWS-001,30.99,988.99,40.47,28.6139,77.209,216.0,False,NORMAL,NONE,False,none,30.99,988.99,40.47,{}
2026-08-08 13:10:00+00:00,AWS-001,31.14,988.95,39.22,28.6139,77.209,216.0,False,NORMAL,NONE,False,none,31.14,988.95,39.22,{}
2026-08-08 13:15:00+00:00,AWS-001,31.23,988.86,38.35,28.6139,77.209,216.0,False,NORMAL,NONE,False,none,31.23,988.86,38.35,{}
2026-08-08 13:20:00+00:00,AWS-001,31.39,988.84,37.34,28.6139,77.209,216.0,False,NORMAL,NONE,False,none,31.39,988.84,37.34,{}
2026-08-08 13:25:00+00:00,AWS-001,31.53,988.82,37.81,28.6139,77.209,216.0,False,NORMAL,NONE,False,none,31.53,988.82,37.81,{}
2026-08-08 13:30:00+00:00,AWS-001,31.68,988.67,37.24,28.6139,77.209,216.0,False,NORMAL,NONE,False,none,31.68,988.67,37.24,{}
2026-08-08 13:35:00+00:00,AWS-001,31.65,988.62,37.5,28.6139,77.209,216.0,False,NORMAL,NONE,False,none,31.65,988.62,37.5,{}
2026-08-08 13:40:00+00:00,AWS-001,32.03,988.47,37.95,28.6139,77.209,216.0,False,NORMAL,NONE,False,none,32.03,988.47,37.95,{}
2026-08-08 13:45:00+00:00,AWS-001,32.06,988.38,37.71,28.6139,77.209,216.0,False,NORMAL,NONE,False,none,32.06,988.38,37.71,{}
2026-08-08 13:50:00+00:00,AWS-001,31.74,988.33,38.68,28.6139,77.209,216.0,False,NORMAL,NONE,False,none,31.74,988.33,38.68,{}
2026-08-08 13:55:00+00:00,AWS-001,31.59,988.19,39.12,28.6139,77.209,216.0,False,NORMAL,NONE,False,none,31.59,988.19,39.12,{}
2026-08-08 14:00:00+00:00,AWS-001,31.35,988.15,39.07,28.6139,77.209,216.0,False,NORMAL,NONE,False,none,31.35,988.15,39.07,{}
2026-08-08 14:05:00+00:00,AWS-001,31.42,988.03,39.46,28.6139,77.209,216.0,False,NORMAL,NONE,False,none,31.42,988.03,39.46,{}
2026-08-08 14:10:00+00:00,AWS-001,31.46,987.92,38.63,28.6139,77.209,216.0,False,NORMAL,NONE,False,none,31.46,987.92,38.63,{}
2026-08-08 14:15:00+00:00,AWS-001,31.44,987.88,39.43,28.6139,77.209,216.0,False,NORMAL,NONE,False,none,31.44,987.88,39.43,{}
2026-08-08 14:20:00+00:00,AWS-001,31.83,987.74,38.03,28.6139,77.209,216.0,False,NORMAL,NONE,False,none,31.83,987.74,38.03,{}
2026-08-08 14:25:00+00:00,AWS-001,31.92,987.62,37.4,28.6139,77.209,216.0,False,NORMAL,NONE,False,none,31.92,987.62,37.4,{}
2026-08-08 14:30:00+00:00,AWS-001,32.04,987.61,36.43,28.6139,77.209,216.0,False,NORMAL,NONE,False,none,32.04,987.61,36.43,{}
2026-08-08 14:35:00+00:00,AWS-001,31.86,987.54,36.28,28.6139,77.209,216.0,False,NORMAL,NONE,False,none,31.86,987.54,36.28,{}
2026-08-08 14:40:00+00:00,AWS-001,31.68,987.38,36.52,28.6139,77.209,216.0,False,NORMAL,NONE,False,none,31.68,987.38,36.52,{}
2026-08-08 14:45:00+00:00,AWS-001,31.7,987.36,35.11,28.6139,77.209,216.0,False,NORMAL,NONE,False,none,31.7,987.36,35.11,{}
2026-08-08 14:50:00+00:00,AWS-001,31.74,987.27,35.26,28.6139,77.209,216.0,False,NORMAL,NONE,False,none,31.74,987.27,35.26,{}
2026-08-08 14:55:00+00:00,AWS-001,31.42,987.12,35.94,28.6139,77.209,216.0,False,NORMAL,NONE,False,none,31.42,987.12,35.94,{}
2026-08-08 15:00:00+00:00,AWS-001,31.42,986.92,36.78,28.6139,77.209,216.0,False,NORMAL,NONE,False,none,31.42,986.92,36.78,{}
2026-08-08 15:05:00+00:00,AWS-001,31.45,986.93,37.21,28.6139,77.209,216.0,False,NORMAL,NONE,False,none,31.45,986.93,37.21,{}
2026-08-08 15:10:00+00:00,AWS-001,31.43,986.83,36.95,28.6139,77.209,216.0,False,NORMAL,NONE,False,none,31.43,986.83,36.95,{}
2026-08-08 15:15:00+00:00,AWS-001,31.31,986.71,37.12,28.6139,77.209,216.0,False,NORMAL,NONE,False,none,31.31,986.71,37.12,{}
2026-08-08 15:20:00+00:00,AWS-001,31.24,986.71,37.33,28.6139,77.209,216.0,False,NORMAL,NONE,False,none,31.24,986.71,37.33,{}
2026-08-08 15:25:00+00:00,AWS-001,31.23,986.72,38.48,28.6139,77.209,216.0,False,NORMAL,NONE,False,none,31.23,986.72,38.48,{}
2026-08-08 15:30:00+00:00,AWS-001,31.26,986.63,37.92,28.6139,77.209,216.0,False,NORMAL,NONE,False,none,31.26,986.63,37.92,{}
2026-08-08 15:35:00+00:00,AWS-001,31.37,986.65,37.34,28.6139,77.209,216.0,False,NORMAL,NONE,False,none,31.37,986.65,37.34,{}
2026-08-08 15:40:00+00:00,AWS-001,31.53,986.73,36.43,28.6139,77.209,216.0,False,NORMAL,NONE,False,none,31.53,986.73,36.43,{}
2026-08-08 15:45:00+00:00,AWS-001,31.44,986.76,35.93,28.6139,77.209,216.0,False,NORMAL,NONE,False,none,31.44,986.76,35.93,{}
2026-08-08 15:50:00+00:00,AWS-001,31.33,986.77,36.73,28.6139,77.209,216.0,False,NORMAL,NONE,False,none,31.33,986.77,36.73,{}
2026-08-08 15:55:00+00:00,AWS-001,31.36,986.73,37.05,28.6139,77.209,216.0,False,NORMAL,NONE,False,none,31.36,986.73,37.05,{}
2026-08-08 16:00:00+00:00,AWS-001,31.42,986.65,37.95,28.6139,77.209,216.0,False,NORMAL,NONE,False,none,31.42,986.65,37.95,{}
2026-08-08 16:05:00+00:00,AWS-001,31.28,986.6,38.97,28.6139,77.209,216.0,False,NORMAL,NONE,False,none,31.28,986.6,38.97,{}
2026-08-08 16:10:00+00:00,AWS-001,31.36,986.58,40.27,28.6139,77.209,216.0,False,NORMAL,NONE,False,none,31.36,986.58,40.27,{}
2026-08-08 16:15:00+00:00,AWS-001,31.44,986.46,39.77,28.6139,77.209,216.0,False,NORMAL,NONE,False,none,31.44,986.46,39.77,{}
2026-08-08 16:20:00+00:00,AWS-001,31.56,986.38,39.13,28.6139,77.209,216.0,False,NORMAL,NONE,False,none,31.56,986.38,39.13,{}
2026-08-08 16:25:00+00:00,AWS-001,31.74,986.26,37.78,28.6139,77.209,216.0,False,NORMAL,NONE,False,none,31.74,986.26,37.78,{}
2026-08-08 16:30:00+00:00,AWS-001,31.44,986.25,38.85,28.6139,77.209,216.0,False,NORMAL,NONE,False,none,31.44,986.25,38.85,{}
2026-08-08 16:35:00+00:00,AWS-001,31.31,986.24,39.13,28.6139,77.209,216.0,False,NORMAL,NONE,False,none,31.31,986.24,39.13,{}
2026-08-08 16:40:00+00:00,AWS-001,31.19,986.18,39.74,28.6139,77.209,216.0,False,NORMAL,NONE,False,none,31.19,986.18,39.74,{}
2026-08-08 16:45:00+00:00,AWS-001,31.05,986.21,39.21,28.6139,77.209,216.0,False,NORMAL,NONE,False,none,31.05,986.21,39.21,{}
2026-08-08 16:50:00+00:00,AWS-001,30.83,986.13,39.94,28.6139,77.209,216.0,False,NORMAL,NONE,False,none,30.83,986.13,39.94,{}
2026-08-08 16:55:00+00:00,AWS-001,30.48,986.08,40.85,28.6139,77.209,216.0,False,NORMAL,NONE,False,none,30.48,986.08,40.85,{}
2026-08-08 17:00:00+00:00,AWS-001,30.42,986.12,41.03,28.6139,77.209,216.0,False,NORMAL,NONE,False,none,30.42,986.12,41.03,{}
2026-08-08 17:05:00+00:00,AWS-001,30.22,986.16,41.04,28.6139,77.209,216.0,False,NORMAL,NONE,False,none,30.22,986.16,41.04,{}
2026-08-08 17:10:00+00:00,AWS-001,30.17,986.1,41.94,28.6139,77.209,216.0,False,NORMAL,NONE,False,none,30.17,986.1,41.94,{}
2026-08-08 17:15:00+00:00,AWS-001,29.96,986.11,43.64,28.6139,77.209,216.0,False,NORMAL,NONE,False,none,29.96,986.11,43.64,{}
2026-08-08 17:20:00+00:00,AWS-001,29.72,986.06,43.27,28.6139,77.209,216.0,False,NORMAL,NONE,False,none,29.72,986.06,43.27,{}
2026-08-08 17:25:00+00:00,AWS-001,29.71,986.05,43.62,28.6139,77.209,216.0,False,NORMAL,NONE,False,none,29.71,986.05,43.62,{}
2026-08-08 17:30:00+00:00,AWS-001,29.68,986.05,41.72,28.6139,77.209,216.0,False,NORMAL,NONE,False,none,29.68,986.05,41.72,{}
2026-08-08 17:35:00+00:00,AWS-001,29.7,986.09,42.21,28.6139,77.209,216.0,False,NORMAL,NONE,False,none,29.7,986.09,42.21,{}
2026-08-08 17:40:00+00:00,AWS-001,29.98,986.11,40.41,28.6139,77.209,216.0,False,NORMAL,NONE,False,none,29.98,986.11,40.41,{}
2026-08-08 17:45:00+00:00,AWS-001,29.89,986.12,40.52,28.6139,77.209,216.0,False,NORMAL,NONE,False,none,29.89,986.12,40.52,{}
2026-08-08 17:50:00+00:00,AWS-001,29.83,986.05,40.07,28.6139,77.209,216.0,False,NORMAL,NONE,False,none,29.83,986.05,40.07,{}
2026-08-08 17:55:00+00:00,AWS-001,29.51,986.08,41.06,28.6139,77.209,216.0,False,NORMAL,NONE,False,none,29.51,986.08,41.06,{}
2026-08-08 18:00:00+00:00,AWS-001,29.17,986.12,42.74,28.6139,77.209,216.0,False,NORMAL,NONE,False,none,29.17,986.12,42.74,{}
2026-08-08 18:05:00+00:00,AWS-001,29.34,986.16,41.33,28.6139,77.209,216.0,False,NORMAL,NONE,False,none,29.34,986.16,41.33,{}
2026-08-08 18:10:00+00:00,AWS-001,29.05,986.12,42.16,28.6139,77.209,216.0,False,NORMAL,NONE,False,none,29.05,986.12,42.16,{}
2026-08-08 18:15:00+00:00,AWS-001,28.76,986.18,42.9,28.6139,77.209,216.0,False,NORMAL,NONE,False,none,28.76,986.18,42.9,{}
2026-08-08 18:20:00+00:00,AWS-001,28.66,986.1,44.49,28.6139,77.209,216.0,False,NORMAL,NONE,False,none,28.66,986.1,44.49,{}
2026-08-08 18:25:00+00:00,AWS-001,28.55,986.08,45.19,28.6139,77.209,216.0,False,NORMAL,NONE,False,none,28.55,986.08,45.19,{}
2026-08-08 18:30:00+00:00,AWS-001,28.29,986.08,45.19,28.6139,77.209,216.0,False,NORMAL,NONE,False,none,28.29,986.08,45.19,{}
2026-08-08 18:35:00+00:00,AWS-001,28.16,986.02,45.43,28.6139,77.209,216.0,False,NORMAL,NONE,False,none,28.16,986.02,45.43,{}
2026-08-08 18:40:00+00:00,AWS-001,28.27,986.02,46.29,28.6139,77.209,216.0,False,NORMAL,NONE,False,none,28.27,986.02,46.29,{}
2026-08-08 18:45:00+00:00,AWS-001,28.02,986.05,47.45,28.6139,77.209,216.0,False,NORMAL,NONE,False,none,28.02,986.05,47.45,{}
2026-08-08 18:50:00+00:00,AWS-001,27.69,985.96,47.75,28.6139,77.209,216.0,False,NORMAL,NONE,False,none,27.69,985.96,47.75,{}
2026-08-08 18:55:00+00:00,AWS-001,27.76,985.96,47.42,28.6139,77.209,216.0,False,NORMAL,NONE,False,none,27.76,985.96,47.42,{}
2026-08-08 19:00:00+00:00,AWS-001,27.74,985.88,47.4,28.6139,77.209,216.0,False,NORMAL,NONE,False,none,27.74,985.88,47.4,{}
2026-08-08 19:05:00+00:00,AWS-001,27.52,986.04,47.78,28.6139,77.209,216.0,False,NORMAL,NONE,False,none,27.52,986.04,47.78,{}
2026-08-08 19:10:00+00:00,AWS-001,27.14,986.07,47.89,28.6139,77.209,216.0,False,NORMAL,NONE,False,none,27.14,986.07,47.89,{}
2026-08-08 19:15:00+00:00,AWS-001,26.94,986.1,48.34,28.6139,77.209,216.0,False,NORMAL,NONE,False,none,26.94,986.1,48.34,{}
2026-08-08 19:20:00+00:00,AWS-001,26.85,986.13,49.76,28.6139,77.209,216.0,False,NORMAL,NONE,False,none,26.85,986.13,49.76,{}
2026-08-08 19:25:00+00:00,AWS-001,26.96,986.18,49.31,28.6139,77.209,216.0,False,NORMAL,NONE,False,none,26.96,986.18,49.31,{}
2026-08-08 19:30:00+00:00,AWS-001,26.68,986.24,50.24,28.6139,77.209,216.0,False,NORMAL,NONE,False,none,26.68,986.24,50.24,{}
2026-08-08 19:35:00+00:00,AWS-001,26.57,986.16,50.79,28.6139,77.209,216.0,False,NORMAL,NONE,False,none,26.57,986.16,50.79,{}
2026-08-08 19:40:00+00:00,AWS-001,26.58,986.24,52.26,28.6139,77.209,216.0,False,NORMAL,NONE,False,none,26.58,986.24,52.26,{}
2026-08-08 19:45:00+00:00,AWS-001,26.07,986.32,53.73,28.6139,77.209,216.0,False,NORMAL,NONE,False,none,26.07,986.32,53.73,{}
2026-08-08 19:50:00+00:00,AWS-001,26.17,986.32,54.01,28.6139,77.209,216.0,False,NORMAL,NONE,False,none,26.17,986.32,54.01,{}
2026-08-08 19:55:00+00:00,AWS-001,25.87,986.31,54.39,28.6139,77.209,216.0,False,NORMAL,NONE,False,none,25.87,986.31,54.39,{}
2026-08-08 20:00:00+00:00,AWS-001,25.84,986.12,54.22,28.6139,77.209,216.0,False,NORMAL,NONE,False,none,25.84,986.12,54.22,{}
2026-08-08 20:05:00+00:00,AWS-001,25.78,986.06,54.35,28.6139,77.209,216.0,False,NORMAL,NONE,False,none,25.78,986.06,54.35,{}
2026-08-08 20:10:00+00:00,AWS-001,25.85,986.1,53.59,28.6139,77.209,216.0,False,NORMAL,NONE,False,none,25.85,986.1,53.59,{}
2026-08-08 20:15:00+00:00,AWS-001,25.81,986.18,53.63,28.6139,77.209,216.0,False,NORMAL,NONE,False,none,25.81,986.18,53.63,{}
2026-08-08 20:20:00+00:00,AWS-001,25.27,986.23,56.01,28.6139,77.209,216.0,False,NORMAL,NONE,False,none,25.27,986.23,56.01,{}
2026-08-08 20:25:00+00:00,AWS-001,25.04,986.22,56.23,28.6139,77.209,216.0,False,NORMAL,NONE,False,none,25.04,986.22,56.23,{}
2026-08-08 20:30:00+00:00,AWS-001,24.97,986.32,56.5,28.6139,77.209,216.0,False,NORMAL,NONE,False,none,24.97,986.32,56.5,{}
2026-08-08 20:35:00+00:00,AWS-001,24.85,986.37,57.43,28.6139,77.209,216.0,False,NORMAL,NONE,False,none,24.85,986.37,57.43,{}
2026-08-08 20:40:00+00:00,AWS-001,24.83,986.32,56.95,28.6139,77.209,216.0,False,NORMAL,NONE,False,none,24.83,986.32,56.95,{}
2026-08-08 20:45:00+00:00,AWS-001,24.84,986.43,57.63,28.6139,77.209,216.0,False,NORMAL,NONE,False,none,24.84,986.43,57.63,{}
2026-08-08 20:50:00+00:00,AWS-001,24.81,986.33,57.74,28.6139,77.209,216.0,False,NORMAL,NONE,False,none,24.81,986.33,57.74,{}
2026-08-08 20:55:00+00:00,AWS-001,24.63,986.22,58.21,28.6139,77.209,216.0,False,NORMAL,NONE,False,none,24.63,986.22,58.21,{}
2026-08-08 21:00:00+00:00,AWS-001,24.19,986.17,58.49,28.6139,77.209,216.0,False,NORMAL,NONE,False,none,24.19,986.17,58.49,{}
2026-08-08 21:05:00+00:00,AWS-001,24.01,986.11,59.07,28.6139,77.209,216.0,False,NORMAL,NONE,False,none,24.01,986.11,59.07,{}
2026-08-08 21:10:00+00:00,AWS-001,23.98,986.06,59.59,28.6139,77.209,216.0,False,NORMAL,NONE,False,none,23.98,986.06,59.59,{}
2026-08-08 21:15:00+00:00,AWS-001,23.69,986.09,61.89,28.6139,77.209,216.0,False,NORMAL,NONE,False,none,23.69,986.09,61.89,{}
2026-08-08 21:20:00+00:00,AWS-001,23.7,986.06,62.15,28.6139,77.209,216.0,False,NORMAL,NONE,False,none,23.7,986.06,62.15,{}
2026-08-08 21:25:00+00:00,AWS-001,23.74,986.03,62.61,28.6139,77.209,216.0,False,NORMAL,NONE,False,none,23.74,986.03,62.61,{}
2026-08-08 21:30:00+00:00,AWS-001,23.63,986.01,62.06,28.6139,77.209,216.0,False,NORMAL,NONE,False,none,23.63,986.01,62.06,{}
2026-08-08 21:35:00+00:00,AWS-001,22.99,985.84,64.38,28.6139,77.209,216.0,False,NORMAL,NONE,False,none,22.99,985.84,64.38,{}
2026-08-08 21:40:00+00:00,AWS-001,22.71,985.72,66.25,28.6139,77.209,216.0,False,NORMAL,NONE,False,none,22.71,985.72,66.25,{}
2026-08-08 21:45:00+00:00,AWS-001,22.97,985.68,64.54,28.6139,77.209,216.0,False,NORMAL,NONE,False,none,22.97,985.68,64.54,{}
2026-08-08 21:50:00+00:00,AWS-001,22.78,985.61,65.87,28.6139,77.209,216.0,False,NORMAL,NONE,False,none,22.78,985.61,65.87,{}
2026-08-08 21:55:00+00:00,AWS-001,22.36,985.57,67.91,28.6139,77.209,216.0,False,NORMAL,NONE,False,none,22.36,985.57,67.91,{}
2026-08-08 22:00:00+00:00,AWS-001,22.51,985.63,67.32,28.6139,77.209,216.0,False,NORMAL,NONE,False,none,22.51,985.63,67.32,{}
2026-08-08 22:05:00+00:00,AWS-001,22.42,985.59,67.31,28.6139,77.209,216.0,False,NORMAL,NONE,False,none,22.42,985.59,67.31,{}
2026-08-08 22:10:00+00:00,AWS-001,22.51,985.47,66.21,28.6139,77.209,216.0,False,NORMAL,NONE,False,none,22.51,985.47,66.21,{}
2026-08-08 22:15:00+00:00,AWS-001,22.44,985.39,67.64,28.6139,77.209,216.0,False,NORMAL,NONE,False,none,22.44,985.39,67.64,{}
2026-08-08 22:20:00+00:00,AWS-001,22.39,985.46,68.07,28.6139,77.209,216.0,False,NORMAL,NONE,False,none,22.39,985.46,68.07,{}
2026-08-08 22:25:00+00:00,AWS-001,22.32,985.5,68.39,28.6139,77.209,216.0,False,NORMAL,NONE,False,none,22.32,985.5,68.39,{}
2026-08-08 22:30:00+00:00,AWS-001,22.3,985.48,68.02,28.6139,77.209,216.0,False,NORMAL,NONE,False,none,22.3,985.48,68.02,{}
2026-08-08 22:35:00+00:00,AWS-001,22.54,985.33,66.99,28.6139,77.209,216.0,False,NORMAL,NONE,False,none,22.54,985.33,66.99,{}
2026-08-08 22:40:00+00:00,AWS-001,22.51,985.29,67.1,28.6139,77.209,216.0,False,NORMAL,NONE,False,none,22.51,985.29,67.1,{}
2026-08-08 22:45:00+00:00,AWS-001,22.05,985.25,69.14,28.6139,77.209,216.0,False,NORMAL,NONE,False,none,22.05,985.25,69.14,{}
2026-08-08 22:50:00+00:00,AWS-001,21.97,985.19,69.82,28.6139,77.209,216.0,False,NORMAL,NONE,False,none,21.97,985.19,69.82,{}
2026-08-08 22:55:00+00:00,AWS-001,22.0,985.09,69.02,28.6139,77.209,216.0,False,NORMAL,NONE,False,none,22.0,985.09,69.02,{}
2026-08-08 23:00:00+00:00,AWS-001,22.03,985.0,67.92,28.6139,77.209,216.0,False,NORMAL,NONE,False,none,22.03,985.0,67.92,{}
2026-08-08 23:05:00+00:00,AWS-001,21.77,984.89,69.16,28.6139,77.209,216.0,False,NORMAL,NONE,False,none,21.77,984.89,69.16,{}
2026-08-08 23:10:00+00:00,AWS-001,21.79,984.76,68.02,28.6139,77.209,216.0,False,NORMAL,NONE,False,none,21.79,984.76,68.02,{}
2026-08-08 23:15:00+00:00,AWS-001,21.77,984.78,68.16,28.6139,77.209,216.0,False,NORMAL,NONE,False,none,21.77,984.78,68.16,{}
2026-08-08 23:20:00+00:00,AWS-001,22.0,984.76,67.07,28.6139,77.209,216.0,False,NORMAL,NONE,False,none,22.0,984.76,67.07,{}
2026-08-08 23:25:00+00:00,AWS-001,21.65,984.66,69.12,28.6139,77.209,216.0,False,NORMAL,NONE,False,none,21.65,984.66,69.12,{}
2026-08-08 23:30:00+00:00,AWS-001,21.37,984.6,71.76,28.6139,77.209,216.0,False,NORMAL,NONE,False,none,21.37,984.6,71.76,{}
2026-08-08 23:35:00+00:00,AWS-001,21.14,984.54,71.48,28.6139,77.209,216.0,False,NORMAL,NONE,False,none,21.14,984.54,71.48,{}
2026-08-08 23:40:00+00:00,AWS-001,20.91,984.59,74.13,28.6139,77.209,216.0,False,NORMAL,NONE,False,none,20.91,984.59,74.13,{}
2026-08-08 23:45:00+00:00,AWS-001,20.62,984.55,75.2,28.6139,77.209,216.0,False,NORMAL,NONE,False,none,20.62,984.55,75.2,{}
2026-08-08 23:50:00+00:00,AWS-001,20.05,984.49,78.06,28.6139,77.209,216.0,False,NORMAL,NONE,False,none,20.05,984.49,78.06,{}
2026-08-08 23:55:00+00:00,AWS-001,19.93,984.39,77.7,28.6139,77.209,216.0,False,NORMAL,NONE,False,none,19.93,984.39,77.7,{}
2026-08-09 00:00:00+00:00,AWS-001,19.88,984.26,78.65,28.6139,77.209,216.0,False,NORMAL,NONE,False,none,19.88,984.26,78.65,{}
2026-08-09 00:05:00+00:00,AWS-001,19.74,984.23,79.33,28.6139,77.209,216.0,False,NORMAL,NONE,False,none,19.74,984.23,79.33,{}
2026-08-09 00:10:00+00:00,AWS-001,20.02,984.16,77.93,28.6139,77.209,216.0,False,NORMAL,NONE,False,none,20.02,984.16,77.93,{}
2026-08-09 00:15:00+00:00,AWS-001,19.93,984.0,77.11,28.6139,77.209,216.0,False,NORMAL,NONE,False,none,19.93,984.0,77.11,{}
2026-08-09 00:20:00+00:00,AWS-001,20.06,983.92,76.71,28.6139,77.209,216.0,False,NORMAL,NONE,False,none,20.06,983.92,76.71,{}
2026-08-09 00:25:00+00:00,AWS-001,20.0,983.86,77.7,28.6139,77.209,216.0,False,NORMAL,NONE,False,none,20.0,983.86,77.7,{}
2026-08-09 00:30:00+00:00,AWS-001,20.03,983.62,77.45,28.6139,77.209,216.0,False,NORMAL,NONE,False,none,20.03,983.62,77.45,{}
2026-08-09 00:35:00+00:00,AWS-001,19.96,983.46,78.59,28.6139,77.209,216.0,False,NORMAL,NONE,False,none,19.96,983.46,78.59,{}
2026-08-09 00:40:00+00:00,AWS-001,20.08,983.38,78.7,28.6139,77.209,216.0,False,NORMAL,NONE,False,none,20.08,983.38,78.7,{}
2026-08-09 00:45:00+00:00,AWS-001,19.96,983.17,78.74,28.6139,77.209,216.0,False,NORMAL,NONE,False,none,19.96,983.17,78.74,{}
2026-08-09 00:50:00+00:00,AWS-001,19.92,982.98,79.89,28.6139,77.209,216.0,False,NORMAL,NONE,False,none,19.92,982.98,79.89,{}
2026-08-09 00:55:00+00:00,AWS-001,19.86,982.88,80.01,28.6139,77.209,216.0,False,NORMAL,NONE,False,none,19.86,982.88,80.01,{}
2026-08-09 01:00:00+00:00,AWS-001,19.69,982.82,80.7,28.6139,77.209,216.0,False,NORMAL,NONE,False,none,19.69,982.82,80.7,{}
2026-08-09 01:05:00+00:00,AWS-001,19.65,982.77,80.79,28.6139,77.209,216.0,False,NORMAL,NONE,False,none,19.65,982.77,80.79,{}
2026-08-09 01:10:00+00:00,AWS-001,19.92,982.77,79.38,28.6139,77.209,216.0,False,NORMAL,NONE,False,none,19.92,982.77,79.38,{}
2026-08-09 01:15:00+00:00,AWS-001,19.74,982.68,78.5,28.6139,77.209,216.0,False,NORMAL,NONE,False,none,19.74,982.68,78.5,{}
2026-08-09 01:20:00+00:00,AWS-001,19.69,982.56,78.78,28.6139,77.209,216.0,False,NORMAL,NONE,False,none,19.69,982.56,78.78,{}
2026-08-09 01:25:00+00:00,AWS-001,19.79,982.39,77.61,28.6139,77.209,216.0,False,NORMAL,NONE,False,none,19.79,982.39,77.61,{}
2026-08-09 01:30:00+00:00,AWS-001,19.85,982.28,78.6,28.6139,77.209,216.0,False,NORMAL,NONE,False,none,19.85,982.28,78.6,{}
2026-08-09 01:35:00+00:00,AWS-001,19.72,982.23,80.34,28.6139,77.209,216.0,False,NORMAL,NONE,False,none,19.72,982.23,80.34,{}
2026-08-09 01:40:00+00:00,AWS-001,19.2,982.19,83.41,28.6139,77.209,216.0,False,NORMAL,NONE,False,none,19.2,982.19,83.41,{}
2026-08-09 01:45:00+00:00,AWS-001,19.22,982.11,82.98,28.6139,77.209,216.0,False,NORMAL,NONE,False,none,19.22,982.11,82.98,{}
2026-08-09 01:50:00+00:00,AWS-001,18.79,982.05,84.5,28.6139,77.209,216.0,False,NORMAL,NONE,False,none,18.79,982.05,84.5,{}
2026-08-09 01:55:00+00:00,AWS-001,19.02,982.03,82.88,28.6139,77.209,216.0,False,NORMAL,NONE,False,none,19.02,982.03,82.88,{}
2026-08-09 02:00:00+00:00,AWS-001,19.01,981.94,84.25,28.6139,77.209,216.0,False,NORMAL,NONE,False,none,19.01,981.94,84.25,{}
2026-08-09 02:05:00+00:00,AWS-001,19.14,981.92,83.04,28.6139,77.209,216.0,False,NORMAL,NONE,False,none,19.14,981.92,83.04,{}
2026-08-09 02:10:00+00:00,AWS-001,18.94,981.78,82.57,28.6139,77.209,216.0,False,NORMAL,NONE,False,none,18.94,981.78,82.57,{}
2026-08-09 02:15:00+00:00,AWS-001,18.65,981.68,84.94,28.6139,77.209,216.0,False,NORMAL,NONE,False,none,18.65,981.68,84.94,{}
2026-08-09 02:20:00+00:00,AWS-001,18.71,981.56,85.68,28.6139,77.209,216.0,False,NORMAL,NONE,False,none,18.71,981.56,85.68,{}
2026-08-09 02:25:00+00:00,AWS-001,18.7,981.51,86.67,28.6139,77.209,216.0,False,NORMAL,NONE,False,none,18.7,981.51,86.67,{}
2026-08-09 02:30:00+00:00,AWS-001,18.63,981.37,87.51,28.6139,77.209,216.0,False,NORMAL,NONE,False,none,18.63,981.37,87.51,{}
2026-08-09 02:35:00+00:00,AWS-001,18.66,981.26,87.81,28.6139,77.209,216.0,False,NORMAL,NONE,False,none,18.66,981.26,87.81,{}
2026-08-09 02:40:00+00:00,AWS-001,19.14,981.08,84.98,28.6139,77.209,216.0,False,NORMAL,NONE,False,none,19.14,981.08,84.98,{}
2026-08-09 02:45:00+00:00,AWS-001,19.25,981.04,82.84,28.6139,77.209,216.0,False,NORMAL,NONE,False,none,19.25,981.04,82.84,{}
2026-08-09 02:50:00+00:00,AWS-001,19.38,981.05,82.14,28.6139,77.209,216.0,False,NORMAL,NONE,False,none,19.38,981.05,82.14,{}
2026-08-09 02:55:00+00:00,AWS-001,19.46,981.03,82.06,28.6139,77.209,216.0,False,NORMAL,NONE,False,none,19.46,981.03,82.06,{}
2026-08-09 03:00:00+00:00,AWS-001,19.65,981.0,80.95,28.6139,77.209,216.0,False,NORMAL,NONE,False,none,19.65,981.0,80.95,{}
2026-08-09 03:05:00+00:00,AWS-001,19.54,980.97,81.33,28.6139,77.209,216.0,False,NORMAL,NONE,False,none,19.54,980.97,81.33,{}
2026-08-09 03:10:00+00:00,AWS-001,19.14,980.93,82.73,28.6139,77.209,216.0,False,NORMAL,NONE,False,none,19.14,980.93,82.73,{}
2026-08-09 03:15:00+00:00,AWS-001,19.1,980.89,82.36,28.6139,77.209,216.0,False,NORMAL,NONE,False,none,19.1,980.89,82.36,{}
2026-08-09 03:20:00+00:00,AWS-001,19.24,980.85,82.95,28.6139,77.209,216.0,False,NORMAL,NONE,False,none,19.24,980.85,82.95,{}
2026-08-09 03:25:00+00:00,AWS-001,19.08,980.74,84.96,28.6139,77.209,216.0,False,NORMAL,NONE,False,none,19.08,980.74,84.96,{}
2026-08-09 03:30:00+00:00,AWS-001,19.07,980.65,84.79,28.6139,77.209,216.0,False,NORMAL,NONE,False,none,19.07,980.65,84.79,{}
2026-08-09 03:35:00+00:00,AWS-001,18.99,980.59,85.25,28.6139,77.209,216.0,False,NORMAL,NONE,False,none,18.99,980.59,85.25,{}
2026-08-09 03:40:00+00:00,AWS-001,19.28,980.51,82.92,28.6139,77.209,216.0,False,NORMAL,NONE,False,none,19.28,980.51,82.92,{}
2026-08-09 03:45:00+00:00,AWS-001,19.43,980.36,82.54,28.6139,77.209,216.0,False,NORMAL,NONE,False,none,19.43,980.36,82.54,{}
2026-08-09 03:50:00+00:00,AWS-001,19.55,980.24,82.95,28.6139,77.209,216.0,False,NORMAL,NONE,False,none,19.55,980.24,82.95,{}
2026-08-09 03:55:00+00:00,AWS-001,19.66,980.21,81.2,28.6139,77.209,216.0,False,NORMAL,NONE,False,none,19.66,980.21,81.2,{}
2026-08-09 04:00:00+00:00,AWS-001,19.65,980.23,81.46,28.6139,77.209,216.0,False,NORMAL,NONE,False,none,19.65,980.23,81.46,{}
2026-08-09 04:05:00+00:00,AWS-001,19.69,980.19,81.49,28.6139,77.209,216.0,False,NORMAL,NONE,False,none,19.69,980.19,81.49,{}
2026-08-09 04:10:00+00:00,AWS-001,19.51,980.31,82.61,28.6139,77.209,216.0,False,NORMAL,NONE,False,none,19.51,980.31,82.61,{}
2026-08-09 04:15:00+00:00,AWS-001,19.2,980.21,85.12,28.6139,77.209,216.0,False,NORMAL,NONE,False,none,19.2,980.21,85.12,{}
2026-08-09 04:20:00+00:00,AWS-001,19.32,980.2,85.51,28.6139,77.209,216.0,False,NORMAL,NONE,False,none,19.32,980.2,85.51,{}
2026-08-09 04:25:00+00:00,AWS-001,19.46,980.23,84.19,28.6139,77.209,216.0,False,NORMAL,NONE,False,none,19.46,980.23,84.19,{}
2026-08-09 04:30:00+00:00,AWS-001,19.75,980.25,82.84,28.6139,77.209,216.0,False,NORMAL,NONE,False,none,19.75,980.25,82.84,{}
2026-08-09 04:35:00+00:00,AWS-001,20.07,980.25,80.96,28.6139,77.209,216.0,False,NORMAL,NONE,False,none,20.07,980.25,80.96,{}
2026-08-09 04:40:00+00:00,AWS-001,20.36,980.27,78.83,28.6139,77.209,216.0,False,NORMAL,NONE,False,none,20.36,980.27,78.83,{}
2026-08-09 04:45:00+00:00,AWS-001,20.21,980.22,79.56,28.6139,77.209,216.0,False,NORMAL,NONE,False,none,20.21,980.22,79.56,{}
2026-08-09 04:50:00+00:00,AWS-001,20.19,980.28,79.89,28.6139,77.209,216.0,False,NORMAL,NONE,False,none,20.19,980.28,79.89,{}
2026-08-09 04:55:00+00:00,AWS-001,20.32,980.31,79.16,28.6139,77.209,216.0,False,NORMAL,NONE,False,none,20.32,980.31,79.16,{}
2026-08-09 05:00:00+00:00,AWS-001,20.8,980.22,76.17,28.6139,77.209,216.0,False,NORMAL,NONE,False,none,20.8,980.22,76.17,{}
2026-08-09 05:05:00+00:00,AWS-001,21.05,980.2,74.62,28.6139,77.209,216.0,False,NORMAL,NONE,False,none,21.05,980.2,74.62,{}
2026-08-09 05:10:00+00:00,AWS-001,21.22,980.07,73.51,28.6139,77.209,216.0,False,NORMAL,NONE,False,none,21.22,980.07,73.51,{}
2026-08-09 05:15:00+00:00,AWS-001,21.14,980.14,73.38,28.6139,77.209,216.0,False,NORMAL,NONE,False,none,21.14,980.14,73.38,{}
2026-08-09 05:20:00+00:00,AWS-001,21.0,980.12,74.33,28.6139,77.209,216.0,False,NORMAL,NONE,False,none,21.0,980.12,74.33,{}
2026-08-09 05:25:00+00:00,AWS-001,21.17,980.18,73.89,28.6139,77.209,216.0,False,NORMAL,NONE,False,none,21.17,980.18,73.89,{}
2026-08-09 05:30:00+00:00,AWS-001,21.01,980.14,75.23,28.6139,77.209,216.0,False,NORMAL,NONE,False,none,21.01,980.14,75.23,{}
2026-08-09 05:35:00+00:00,AWS-001,21.04,980.01,74.51,28.6139,77.209,216.0,False,NORMAL,NONE,False,none,21.04,980.01,74.51,{}
2026-08-09 05:40:00+00:00,AWS-001,21.09,980.16,73.91,28.6139,77.209,216.0,False,NORMAL,NONE,False,none,21.09,980.16,73.91,{}
2026-08-09 05:45:00+00:00,AWS-001,21.44,980.14,73.41,28.6139,77.209,216.0,False,NORMAL,NONE,False,none,21.44,980.14,73.41,{}
2026-08-09 05:50:00+00:00,AWS-001,21.43,980.07,73.24,28.6139,77.209,216.0,False,NORMAL,NONE,False,none,21.43,980.07,73.24,{}
2026-08-09 05:55:00+00:00,AWS-001,21.1,980.12,74.73,28.6139,77.209,216.0,False,NORMAL,NONE,False,none,21.1,980.12,74.73,{}
2026-08-09 06:00:00+00:00,AWS-001,21.31,980.23,73.63,28.6139,77.209,216.0,False,NORMAL,NONE,False,none,21.31,980.23,73.63,{}
2026-08-09 06:05:00+00:00,AWS-001,21.31,980.2,74.33,28.6139,77.209,216.0,False,NORMAL,NONE,False,none,21.31,980.2,74.33,{}
2026-08-09 06:10:00+00:00,AWS-001,21.44,980.18,74.33,28.6139,77.209,216.0,False,NORMAL,NONE,False,none,21.44,980.18,74.33,{}
2026-08-09 06:15:00+00:00,AWS-001,21.56,980.18,74.31,28.6139,77.209,216.0,False,NORMAL,NONE,False,none,21.56,980.18,74.31,{}
2026-08-09 06:20:00+00:00,AWS-001,21.65,980.11,73.67,28.6139,77.209,216.0,False,NORMAL,NONE,False,none,21.65,980.11,73.67,{}
2026-08-09 06:25:00+00:00,AWS-001,21.92,980.06,71.71,28.6139,77.209,216.0,False,NORMAL,NONE,False,none,21.92,980.06,71.71,{}
2026-08-09 06:30:00+00:00,AWS-001,21.78,980.17,73.39,28.6139,77.209,216.0,False,NORMAL,NONE,False,none,21.78,980.17,73.39,{}
2026-08-09 06:35:00+00:00,AWS-001,21.85,980.16,73.36,28.6139,77.209,216.0,False,NORMAL,NONE,False,none,21.85,980.16,73.36,{}
2026-08-09 06:40:00+00:00,AWS-001,22.13,980.11,71.57,28.6139,77.209,216.0,False,NORMAL,NONE,False,none,22.13,980.11,71.57,{}
2026-08-09 06:45:00+00:00,AWS-001,22.17,980.09,72.06,28.6139,77.209,216.0,False,NORMAL,NONE,False,none,22.17,980.09,72.06,{}
2026-08-09 06:50:00+00:00,AWS-001,22.06,980.16,71.88,28.6139,77.209,216.0,False,NORMAL,NONE,False,none,22.06,980.16,71.88,{}
2026-08-09 06:55:00+00:00,AWS-001,22.35,980.05,71.29,28.6139,77.209,216.0,False,NORMAL,NONE,False,none,22.35,980.05,71.29,{}
2026-08-09 07:00:00+00:00,AWS-001,22.71,980.08,70.43,28.6139,77.209,216.0,False,NORMAL,NONE,False,none,22.71,980.08,70.43,{}
2026-08-09 07:05:00+00:00,AWS-001,22.84,980.24,68.89,28.6139,77.209,216.0,False,NORMAL,NONE,False,none,22.84,980.24,68.89,{}
2026-08-09 07:10:00+00:00,AWS-001,22.66,980.36,69.76,28.6139,77.209,216.0,False,NORMAL,NONE,False,none,22.66,980.36,69.76,{}
2026-08-09 07:15:00+00:00,AWS-001,22.96,980.39,68.76,28.6139,77.209,216.0,False,NORMAL,NONE,False,none,22.96,980.39,68.76,{}
2026-08-09 07:20:00+00:00,AWS-001,22.85,980.46,70.57,28.6139,77.209,216.0,False,NORMAL,NONE,False,none,22.85,980.46,70.57,{}
2026-08-09 07:25:00+00:00,AWS-001,23.09,980.53,68.61,28.6139,77.209,216.0,False,NORMAL,NONE,False,none,23.09,980.53,68.61,{}
2026-08-09 07:30:00+00:00,AWS-001,23.12,980.51,69.03,28.6139,77.209,216.0,False,NORMAL,NONE,False,none,23.12,980.51,69.03,{}
2026-08-09 07:35:00+00:00,AWS-001,23.13,980.55,68.6,28.6139,77.209,216.0,False,NORMAL,NONE,False,none,23.13,980.55,68.6,{}
2026-08-09 07:40:00+00:00,AWS-001,23.26,980.64,66.9,28.6139,77.209,216.0,False,NORMAL,NONE,False,none,23.26,980.64,66.9,{}
2026-08-09 07:45:00+00:00,AWS-001,23.45,980.55,65.92,28.6139,77.209,216.0,False,NORMAL,NONE,False,none,23.45,980.55,65.92,{}
2026-08-09 07:50:00+00:00,AWS-001,23.55,980.57,65.38,28.6139,77.209,216.0,False,NORMAL,NONE,False,none,23.55,980.57,65.38,{}
2026-08-09 07:55:00+00:00,AWS-001,23.86,980.57,63.39,28.6139,77.209,216.0,False,NORMAL,NONE,False,none,23.86,980.57,63.39,{}
2026-08-09 08:00:00+00:00,AWS-001,23.98,980.57,63.14,28.6139,77.209,216.0,False,NORMAL,NONE,False,none,23.98,980.57,63.14,{}
2026-08-09 08:05:00+00:00,AWS-001,24.33,980.55,62.37,28.6139,77.209,216.0,False,NORMAL,NONE,False,none,24.33,980.55,62.37,{}
2026-08-09 08:10:00+00:00,AWS-001,24.55,980.55,61.62,28.6139,77.209,216.0,False,NORMAL,NONE,False,none,24.55,980.55,61.62,{}
2026-08-09 08:15:00+00:00,AWS-001,24.6,980.56,60.99,28.6139,77.209,216.0,False,NORMAL,NONE,False,none,24.6,980.56,60.99,{}
2026-08-09 08:20:00+00:00,AWS-001,24.62,980.61,60.75,28.6139,77.209,216.0,False,NORMAL,NONE,False,none,24.62,980.61,60.75,{}
2026-08-09 08:25:00+00:00,AWS-001,24.54,980.62,61.04,28.6139,77.209,216.0,False,NORMAL,NONE,False,none,24.54,980.62,61.04,{}
2026-08-09 08:30:00+00:00,AWS-001,24.8,980.59,60.21,28.6139,77.209,216.0,False,NORMAL,NONE,False,none,24.8,980.59,60.21,{}
2026-08-09 08:35:00+00:00,AWS-001,24.94,980.52,60.38,28.6139,77.209,216.0,False,NORMAL,NONE,False,none,24.94,980.52,60.38,{}
2026-08-09 08:40:00+00:00,AWS-001,24.75,980.48,61.12,28.6139,77.209,216.0,False,NORMAL,NONE,False,none,24.75,980.48,61.12,{}
2026-08-09 08:45:00+00:00,AWS-001,24.9,980.48,59.56,28.6139,77.209,216.0,False,NORMAL,NONE,False,none,24.9,980.48,59.56,{}
2026-08-09 08:50:00+00:00,AWS-001,24.99,980.43,58.91,28.6139,77.209,216.0,False,NORMAL,NONE,False,none,24.99,980.43,58.91,{}
2026-08-09 08:55:00+00:00,AWS-001,25.49,980.47,57.32,28.6139,77.209,216.0,False,NORMAL,NONE,False,none,25.49,980.47,57.32,{}
2026-08-09 09:00:00+00:00,AWS-001,25.41,980.48,58.37,28.6139,77.209,216.0,False,NORMAL,NONE,False,none,25.41,980.48,58.37,{}
2026-08-09 09:05:00+00:00,AWS-001,25.4,980.53,59.17,28.6139,77.209,216.0,False,NORMAL,NONE,False,none,25.4,980.53,59.17,{}
2026-08-09 09:10:00+00:00,AWS-001,25.83,980.47,58.66,28.6139,77.209,216.0,False,NORMAL,NONE,False,none,25.83,980.47,58.66,{}
2026-08-09 09:15:00+00:00,AWS-001,26.26,980.4,56.99,28.6139,77.209,216.0,False,NORMAL,NONE,False,none,26.26,980.4,56.99,{}
2026-08-09 09:20:00+00:00,AWS-001,26.31,980.45,57.03,28.6139,77.209,216.0,False,NORMAL,NONE,False,none,26.31,980.45,57.03,{}
2026-08-09 09:25:00+00:00,AWS-001,26.39,980.43,55.55,28.6139,77.209,216.0,False,NORMAL,NONE,False,none,26.39,980.43,55.55,{}
2026-08-09 09:30:00+00:00,AWS-001,26.68,980.39,54.77,28.6139,77.209,216.0,False,NORMAL,NONE,False,none,26.68,980.39,54.77,{}
2026-08-09 09:35:00+00:00,AWS-001,26.47,980.4,54.64,28.6139,77.209,216.0,False,NORMAL,NONE,False,none,26.47,980.4,54.64,{}
2026-08-09 09:40:00+00:00,AWS-001,26.37,980.41,54.9,28.6139,77.209,216.0,False,NORMAL,NONE,False,none,26.37,980.41,54.9,{}
2026-08-09 09:45:00+00:00,AWS-001,26.56,980.3,56.19,28.6139,77.209,216.0,False,NORMAL,NONE,False,none,26.56,980.3,56.19,{}
2026-08-09 09:50:00+00:00,AWS-001,27.05,980.35,54.55,28.6139,77.209,216.0,False,NORMAL,NONE,False,none,27.05,980.35,54.55,{}
2026-08-09 09:55:00+00:00,AWS-001,27.16,980.29,53.38,28.6139,77.209,216.0,False,NORMAL,NONE,False,none,27.16,980.29,53.38,{}
2026-08-09 10:00:00+00:00,AWS-001,27.37,980.35,52.86,28.6139,77.209,216.0,False,NORMAL,NONE,False,none,27.37,980.35,52.86,{}
2026-08-09 10:05:00+00:00,AWS-001,27.74,980.23,51.27,28.6139,77.209,216.0,False,NORMAL,NONE,False,none,27.74,980.23,51.27,{}
2026-08-09 10:10:00+00:00,AWS-001,28.24,980.2,49.12,28.6139,77.209,216.0,False,NORMAL,NONE,False,none,28.24,980.2,49.12,{}
2026-08-09 10:15:00+00:00,AWS-001,28.24,980.15,50.45,28.6139,77.209,216.0,False,NORMAL,NONE,False,none,28.24,980.15,50.45,{}
2026-08-09 10:20:00+00:00,AWS-001,28.36,979.99,50.61,28.6139,77.209,216.0,False,NORMAL,NONE,False,none,28.36,979.99,50.61,{}
2026-08-09 10:25:00+00:00,AWS-001,28.78,979.99,49.4,28.6139,77.209,216.0,False,NORMAL,NONE,False,none,28.78,979.99,49.4,{}
2026-08-09 10:30:00+00:00,AWS-001,28.6,979.84,49.39,28.6139,77.209,216.0,False,NORMAL,NONE,False,none,28.6,979.84,49.39,{}
2026-08-09 10:35:00+00:00,AWS-001,28.89,979.79,48.23,28.6139,77.209,216.0,False,NORMAL,NONE,False,none,28.89,979.79,48.23,{}
2026-08-09 10:40:00+00:00,AWS-001,28.81,979.82,49.3,28.6139,77.209,216.0,False,NORMAL,NONE,False,none,28.81,979.82,49.3,{}
2026-08-09 10:45:00+00:00,AWS-001,28.94,979.75,48.89,28.6139,77.209,216.0,False,NORMAL,NONE,False,none,28.94,979.75,48.89,{}
2026-08-09 10:50:00+00:00,AWS-001,29.01,979.65,46.52,28.6139,77.209,216.0,False,NORMAL,NONE,False,none,29.01,979.65,46.52,{}
2026-08-09 10:55:00+00:00,AWS-001,28.97,979.66,48.26,28.6139,77.209,216.0,False,NORMAL,NONE,False,none,28.97,979.66,48.26,{}
2026-08-09 11:00:00+00:00,AWS-001,28.94,979.6,48.32,28.6139,77.209,216.0,False,NORMAL,NONE,False,none,28.94,979.6,48.32,{}
2026-08-09 11:05:00+00:00,AWS-001,29.13,979.53,47.87,28.6139,77.209,216.0,False,NORMAL,NONE,False,none,29.13,979.53,47.87,{}
2026-08-09 11:10:00+00:00,AWS-001,29.43,979.55,47.59,28.6139,77.209,216.0,False,NORMAL,NONE,False,none,29.43,979.55,47.59,{}
2026-08-09 11:15:00+00:00,AWS-001,29.52,979.43,47.42,28.6139,77.209,216.0,False,NORMAL,NONE,False,none,29.52,979.43,47.42,{}
2026-08-09 11:20:00+00:00,AWS-001,29.64,979.35,47.33,28.6139,77.209,216.0,False,NORMAL,NONE,False,none,29.64,979.35,47.33,{}
2026-08-09 11:25:00+00:00,AWS-001,29.85,979.35,46.27,28.6139,77.209,216.0,False,NORMAL,NONE,False,none,29.85,979.35,46.27,{}
2026-08-09 11:30:00+00:00,AWS-001,29.78,979.22,45.48,28.6139,77.209,216.0,False,NORMAL,NONE,False,none,29.78,979.22,45.48,{}
2026-08-09 11:35:00+00:00,AWS-001,30.01,979.28,45.01,28.6139,77.209,216.0,False,NORMAL,NONE,False,none,30.01,979.28,45.01,{}
2026-08-09 11:40:00+00:00,AWS-001,30.24,979.2,45.27,28.6139,77.209,216.0,False,NORMAL,NONE,False,none,30.24,979.2,45.27,{}
2026-08-09 11:45:00+00:00,AWS-001,30.75,979.19,43.41,28.6139,77.209,216.0,False,NORMAL,NONE,False,none,30.75,979.19,43.41,{}
2026-08-09 11:50:00+00:00,AWS-001,30.71,979.17,42.95,28.6139,77.209,216.0,False,NORMAL,NONE,False,none,30.71,979.17,42.95,{}
2026-08-09 11:55:00+00:00,AWS-001,30.67,979.09,43.81,28.6139,77.209,216.0,False,NORMAL,NONE,False,none,30.67,979.09,43.81,{}
2026-08-09 12:00:00+00:00,AWS-001,30.85,978.99,42.97,28.6139,77.209,216.0,False,NORMAL,NONE,False,none,30.85,978.99,42.97,{}
2026-08-09 12:05:00+00:00,AWS-001,31.02,978.92,42.23,28.6139,77.209,216.0,False,NORMAL,NONE,False,none,31.02,978.92,42.23,{}
2026-08-09 12:10:00+00:00,AWS-001,30.95,978.89,42.14,28.6139,77.209,216.0,False,NORMAL,NONE,False,none,30.95,978.89,42.14,{}
2026-08-09 12:15:00+00:00,AWS-001,30.92,978.76,42.19,28.6139,77.209,216.0,False,NORMAL,NONE,False,none,30.92,978.76,42.19,{}
2026-08-09 12:20:00+00:00,AWS-001,31.06,978.61,40.9,28.6139,77.209,216.0,False,NORMAL,NONE,False,none,31.06,978.61,40.9,{}
2026-08-09 12:25:00+00:00,AWS-001,30.96,978.64,40.97,28.6139,77.209,216.0,False,NORMAL,NONE,False,none,30.96,978.64,40.97,{}
2026-08-09 12:30:00+00:00,AWS-001,30.95,978.52,41.34,28.6139,77.209,216.0,False,NORMAL,NONE,False,none,30.95,978.52,41.34,{}
2026-08-09 12:35:00+00:00,AWS-001,31.03,978.47,41.45,28.6139,77.209,216.0,False,NORMAL,NONE,False,none,31.03,978.47,41.45,{}
2026-08-09 12:40:00+00:00,AWS-001,31.26,978.39,41.75,28.6139,77.209,216.0,False,NORMAL,NONE,False,none,31.26,978.39,41.75,{}
2026-08-09 12:45:00+00:00,AWS-001,31.2,978.31,43.04,28.6139,77.209,216.0,False,NORMAL,NONE,False,none,31.2,978.31,43.04,{}
2026-08-09 12:50:00+00:00,AWS-001,30.94,978.32,44.42,28.6139,77.209,216.0,False,NORMAL,NONE,False,none,30.94,978.32,44.42,{}
2026-08-09 12:55:00+00:00,AWS-001,30.71,978.24,45.27,28.6139,77.209,216.0,False,NORMAL,NONE,False,none,30.71,978.24,45.27,{}
2026-08-09 13:00:00+00:00,AWS-001,30.62,978.15,45.05,28.6139,77.209,216.0,False,NORMAL,NONE,False,none,30.62,978.15,45.05,{}
2026-08-09 13:05:00+00:00,AWS-001,30.53,978.06,44.6,28.6139,77.209,216.0,False,NORMAL,NONE,False,none,30.53,978.06,44.6,{}
2026-08-09 13:10:00+00:00,AWS-001,30.65,977.96,44.14,28.6139,77.209,216.0,False,NORMAL,NONE,False,none,30.65,977.96,44.14,{}
2026-08-09 13:15:00+00:00,AWS-001,30.59,977.85,44.51,28.6139,77.209,216.0,False,NORMAL,NONE,False,none,30.59,977.85,44.51,{}
2026-08-09 13:20:00+00:00,AWS-001,30.62,977.76,44.78,28.6139,77.209,216.0,False,NORMAL,NONE,False,none,30.62,977.76,44.78,{}
2026-08-09 13:25:00+00:00,AWS-001,30.64,977.79,44.91,28.6139,77.209,216.0,False,NORMAL,NONE,False,none,30.64,977.79,44.91,{}
2026-08-09 13:30:00+00:00,AWS-001,30.71,977.76,44.4,28.6139,77.209,216.0,False,NORMAL,NONE,False,none,30.71,977.76,44.4,{}
2026-08-09 13:35:00+00:00,AWS-001,31.07,977.67,43.83,28.6139,77.209,216.0,False,NORMAL,NONE,False,none,31.07,977.67,43.83,{}
2026-08-09 13:40:00+00:00,AWS-001,31.27,977.66,43.89,28.6139,77.209,216.0,False,NORMAL,NONE,False,none,31.27,977.66,43.89,{}
2026-08-09 13:45:00+00:00,AWS-001,31.35,977.5,43.94,28.6139,77.209,216.0,False,NORMAL,NONE,False,none,31.35,977.5,43.94,{}
2026-08-09 13:50:00+00:00,AWS-001,31.33,977.52,43.59,28.6139,77.209,216.0,False,NORMAL,NONE,False,none,31.33,977.52,43.59,{}
2026-08-09 13:55:00+00:00,AWS-001,31.33,977.52,42.78,28.6139,77.209,216.0,False,NORMAL,NONE,False,none,31.33,977.52,42.78,{}
2026-08-09 14:00:00+00:00,AWS-001,31.45,977.58,41.78,28.6139,77.209,216.0,False,NORMAL,NONE,False,none,31.45,977.58,41.78,{}
2026-08-09 14:05:00+00:00,AWS-001,31.59,977.56,40.93,28.6139,77.209,216.0,False,NORMAL,NONE,False,none,31.59,977.56,40.93,{}
2026-08-09 14:10:00+00:00,AWS-001,31.47,977.51,41.38,28.6139,77.209,216.0,False,NORMAL,NONE,False,none,31.47,977.51,41.38,{}
2026-08-09 14:15:00+00:00,AWS-001,31.53,977.5,41.57,28.6139,77.209,216.0,False,NORMAL,NONE,False,none,31.53,977.5,41.57,{}
2026-08-09 14:20:00+00:00,AWS-001,31.22,977.38,41.33,28.6139,77.209,216.0,False,NORMAL,NONE,False,none,31.22,977.38,41.33,{}
2026-08-09 14:25:00+00:00,AWS-001,31.33,977.28,40.84,28.6139,77.209,216.0,False,NORMAL,NONE,False,none,31.33,977.28,40.84,{}
2026-08-09 14:30:00+00:00,AWS-001,31.51,977.21,40.68,28.6139,77.209,216.0,False,NORMAL,NONE,False,none,31.51,977.21,40.68,{}
2026-08-09 14:35:00+00:00,AWS-001,31.5,977.22,40.23,28.6139,77.209,216.0,False,NORMAL,NONE,False,none,31.5,977.22,40.23,{}
2026-08-09 14:40:00+00:00,AWS-001,31.83,977.1,39.89,28.6139,77.209,216.0,False,NORMAL,NONE,False,none,31.83,977.1,39.89,{}
2026-08-09 14:45:00+00:00,AWS-001,31.67,976.99,40.16,28.6139,77.209,216.0,False,NORMAL,NONE,False,none,31.67,976.99,40.16,{}
2026-08-09 14:50:00+00:00,AWS-001,31.71,976.95,39.72,28.6139,77.209,216.0,False,NORMAL,NONE,False,none,31.71,976.95,39.72,{}
2026-08-09 14:55:00+00:00,AWS-001,31.69,976.94,39.95,28.6139,77.209,216.0,False,NORMAL,NONE,False,none,31.69,976.94,39.95,{}
2026-08-09 15:00:00+00:00,AWS-001,31.66,976.84,40.39,28.6139,77.209,216.0,False,NORMAL,NONE,False,none,31.66,976.84,40.39,{}
2026-08-09 15:05:00+00:00,AWS-001,31.63,976.84,40.0,28.6139,77.209,216.0,False,NORMAL,NONE,False,none,31.63,976.84,40.0,{}
2026-08-09 15:10:00+00:00,AWS-001,31.64,976.87,39.99,28.6139,77.209,216.0,False,NORMAL,NONE,False,none,31.64,976.87,39.99,{}
2026-08-09 15:15:00+00:00,AWS-001,31.76,976.89,40.15,28.6139,77.209,216.0,False,NORMAL,NONE,False,none,31.76,976.89,40.15,{}
2026-08-09 15:20:00+00:00,AWS-001,31.94,976.86,39.32,28.6139,77.209,216.0,False,NORMAL,NONE,False,none,31.94,976.86,39.32,{}
2026-08-09 15:25:00+00:00,AWS-001,31.87,976.81,38.58,28.6139,77.209,216.0,False,NORMAL,NONE,False,none,31.87,976.81,38.58,{}
2026-08-09 15:30:00+00:00,AWS-001,31.94,976.87,37.74,28.6139,77.209,216.0,False,NORMAL,NONE,False,none,31.94,976.87,37.74,{}
2026-08-09 15:35:00+00:00,AWS-001,31.74,976.82,38.32,28.6139,77.209,216.0,False,NORMAL,NONE,False,none,31.74,976.82,38.32,{}
2026-08-09 15:40:00+00:00,AWS-001,31.8,976.84,37.71,28.6139,77.209,216.0,False,NORMAL,NONE,False,none,31.8,976.84,37.71,{}
2026-08-09 15:45:00+00:00,AWS-001,31.59,976.91,38.42,28.6139,77.209,216.0,False,NORMAL,NONE,False,none,31.59,976.91,38.42,{}
2026-08-09 15:50:00+00:00,AWS-001,31.71,976.91,39.61,28.6139,77.209,216.0,False,NORMAL,NONE,False,none,31.71,976.91,39.61,{}
2026-08-09 15:55:00+00:00,AWS-001,31.99,976.81,38.28,28.6139,77.209,216.0,False,NORMAL,NONE,False,none,31.99,976.81,38.28,{}
2026-08-09 16:00:00+00:00,AWS-001,31.84,976.7,38.74,28.6139,77.209,216.0,False,NORMAL,NONE,False,none,31.84,976.7,38.74,{}
2026-08-09 16:05:00+00:00,AWS-001,31.35,976.66,41.5,28.6139,77.209,216.0,False,NORMAL,NONE,False,none,31.35,976.66,41.5,{}
2026-08-09 16:10:00+00:00,AWS-001,31.19,976.68,42.18,28.6139,77.209,216.0,False,NORMAL,NONE,False,none,31.19,976.68,42.18,{}
2026-08-09 16:15:00+00:00,AWS-001,31.33,976.68,41.6,28.6139,77.209,216.0,False,NORMAL,NONE,False,none,31.33,976.68,41.6,{}
2026-08-09 16:20:00+00:00,AWS-001,31.33,976.8,41.52,28.6139,77.209,216.0,False,NORMAL,NONE,False,none,31.33,976.8,41.52,{}
2026-08-09 16:25:00+00:00,AWS-001,31.27,976.8,41.98,28.6139,77.209,216.0,False,NORMAL,NONE,False,none,31.27,976.8,41.98,{}
2026-08-09 16:30:00+00:00,AWS-001,31.33,976.76,42.89,28.6139,77.209,216.0,False,NORMAL,NONE,False,none,31.33,976.76,42.89,{}
2026-08-09 16:35:00+00:00,AWS-001,31.29,976.68,42.49,28.6139,77.209,216.0,False,NORMAL,NONE,False,none,31.29,976.68,42.49,{}
2026-08-09 16:40:00+00:00,AWS-001,31.36,976.74,41.75,28.6139,77.209,216.0,False,NORMAL,NONE,False,none,31.36,976.74,41.75,{}
2026-08-09 16:45:00+00:00,AWS-001,31.37,976.73,40.87,28.6139,77.209,216.0,False,NORMAL,NONE,False,none,31.37,976.73,40.87,{}
2026-08-09 16:50:00+00:00,AWS-001,31.46,976.64,40.84,28.6139,77.209,216.0,False,NORMAL,NONE,False,none,31.46,976.64,40.84,{}
2026-08-09 16:55:00+00:00,AWS-001,31.33,976.65,40.35,28.6139,77.209,216.0,False,NORMAL,NONE,False,none,31.33,976.65,40.35,{}
2026-08-09 17:00:00+00:00,AWS-001,31.3,976.61,40.35,28.6139,77.209,216.0,False,NORMAL,NONE,False,none,31.3,976.61,40.35,{}
2026-08-09 17:05:00+00:00,AWS-001,31.06,976.6,40.59,28.6139,77.209,216.0,False,NORMAL,NONE,False,none,31.06,976.6,40.59,{}
2026-08-09 17:10:00+00:00,AWS-001,30.78,976.62,42.23,28.6139,77.209,216.0,False,NORMAL,NONE,False,none,30.78,976.62,42.23,{}
2026-08-09 17:15:00+00:00,AWS-001,30.91,976.6,41.73,28.6139,77.209,216.0,False,NORMAL,NONE,False,none,30.91,976.6,41.73,{}
2026-08-09 17:20:00+00:00,AWS-001,30.77,976.6,42.52,28.6139,77.209,216.0,False,NORMAL,NONE,False,none,30.77,976.6,42.52,{}
2026-08-09 17:25:00+00:00,AWS-001,30.72,976.6,41.72,28.6139,77.209,216.0,False,NORMAL,NONE,False,none,30.72,976.6,41.72,{}
2026-08-09 17:30:00+00:00,AWS-001,30.55,976.59,42.46,28.6139,77.209,216.0,False,NORMAL,NONE,False,none,30.55,976.59,42.46,{}
2026-08-09 17:35:00+00:00,AWS-001,30.27,976.58,42.61,28.6139,77.209,216.0,False,NORMAL,NONE,False,none,30.27,976.58,42.61,{}
2026-08-09 17:40:00+00:00,AWS-001,30.11,976.61,43.03,28.6139,77.209,216.0,False,NORMAL,NONE,False,none,30.11,976.61,43.03,{}
2026-08-09 17:45:00+00:00,AWS-001,30.19,976.61,44.5,28.6139,77.209,216.0,False,NORMAL,NONE,False,none,30.19,976.61,44.5,{}
2026-08-09 17:50:00+00:00,AWS-001,30.1,976.7,45.35,28.6139,77.209,216.0,False,NORMAL,NONE,False,none,30.1,976.7,45.35,{}
2026-08-09 17:55:00+00:00,AWS-001,29.63,976.77,46.44,28.6139,77.209,216.0,False,NORMAL,NONE,False,none,29.63,976.77,46.44,{}
2026-08-09 18:00:00+00:00,AWS-001,29.45,976.9,48.91,28.6139,77.209,216.0,False,NORMAL,NONE,False,none,29.45,976.9,48.91,{}
2026-08-09 18:05:00+00:00,AWS-001,29.61,977.06,47.57,28.6139,77.209,216.0,False,NORMAL,NONE,False,none,29.61,977.06,47.57,{}
2026-08-09 18:10:00+00:00,AWS-001,29.4,977.15,48.67,28.6139,77.209,216.0,False,NORMAL,NONE,False,none,29.4,977.15,48.67,{}
2026-08-09 18:15:00+00:00,AWS-001,28.94,977.21,48.69,28.6139,77.209,216.0,False,NORMAL,NONE,False,none,28.94,977.21,48.69,{}
2026-08-09 18:20:00+00:00,AWS-001,29.13,977.3,47.92,28.6139,77.209,216.0,False,NORMAL,NONE,False,none,29.13,977.3,47.92,{}
2026-08-09 18:25:00+00:00,AWS-001,29.08,977.37,47.15,28.6139,77.209,216.0,False,NORMAL,NONE,False,none,29.08,977.37,47.15,{}
2026-08-09 18:30:00+00:00,AWS-001,28.89,977.41,47.9,28.6139,77.209,216.0,False,NORMAL,NONE,False,none,28.89,977.41,47.9,{}
2026-08-09 18:35:00+00:00,AWS-001,28.66,977.45,48.63,28.6139,77.209,216.0,False,NORMAL,NONE,False,none,28.66,977.45,48.63,{}
2026-08-09 18:40:00+00:00,AWS-001,28.69,977.43,48.4,28.6139,77.209,216.0,False,NORMAL,NONE,False,none,28.69,977.43,48.4,{}
2026-08-09 18:45:00+00:00,AWS-001,28.42,977.53,49.91,28.6139,77.209,216.0,False,NORMAL,NONE,False,none,28.42,977.53,49.91,{}
2026-08-09 18:50:00+00:00,AWS-001,28.45,977.58,49.41,28.6139,77.209,216.0,False,NORMAL,NONE,False,none,28.45,977.58,49.41,{}
2026-08-09 18:55:00+00:00,AWS-001,28.36,977.71,49.89,28.6139,77.209,216.0,False,NORMAL,NONE,False,none,28.36,977.71,49.89,{}
2026-08-09 19:00:00+00:00,AWS-001,28.22,977.8,50.81,28.6139,77.209,216.0,False,NORMAL,NONE,False,none,28.22,977.8,50.81,{}
2026-08-09 19:05:00+00:00,AWS-001,28.06,977.81,50.25,28.6139,77.209,216.0,False,NORMAL,NONE,False,none,28.06,977.81,50.25,{}
2026-08-09 19:10:00+00:00,AWS-001,27.85,977.92,50.47,28.6139,77.209,216.0,False,NORMAL,NONE,False,none,27.85,977.92,50.47,{}
2026-08-09 19:15:00+00:00,AWS-001,27.84,977.81,50.63,28.6139,77.209,216.0,False,NORMAL,NONE,False,none,27.84,977.81,50.63,{}
2026-08-09 19:20:00+00:00,AWS-001,27.51,977.98,52.14,28.6139,77.209,216.0,False,NORMAL,NONE,False,none,27.51,977.98,52.14,{}
2026-08-09 19:25:00+00:00,AWS-001,27.07,977.94,54.43,28.6139,77.209,216.0,False,NORMAL,NONE,False,none,27.07,977.94,54.43,{}
2026-08-09 19:30:00+00:00,AWS-001,27.04,978.02,54.28,28.6139,77.209,216.0,False,NORMAL,NONE,False,none,27.04,978.02,54.28,{}
2026-08-09 19:35:00+00:00,AWS-001,27.0,978.1,54.13,28.6139,77.209,216.0,False,NORMAL,NONE,False,none,27.0,978.1,54.13,{}
2026-08-09 19:40:00+00:00,AWS-001,26.92,978.21,53.8,28.6139,77.209,216.0,False,NORMAL,NONE,False,none,26.92,978.21,53.8,{}
2026-08-09 19:45:00+00:00,AWS-001,26.82,978.23,54.38,28.6139,77.209,216.0,False,NORMAL,NONE,False,none,26.82,978.23,54.38,{}
2026-08-09 19:50:00+00:00,AWS-001,26.6,978.15,54.94,28.6139,77.209,216.0,False,NORMAL,NONE,False,none,26.6,978.15,54.94,{}
2026-08-09 19:55:00+00:00,AWS-001,26.56,978.18,54.91,28.6139,77.209,216.0,False,NORMAL,NONE,False,none,26.56,978.18,54.91,{}
2026-08-09 20:00:00+00:00,AWS-001,26.38,978.22,55.52,28.6139,77.209,216.0,False,NORMAL,NONE,False,none,26.38,978.22,55.52,{}
2026-08-09 20:05:00+00:00,AWS-001,26.13,978.16,56.77,28.6139,77.209,216.0,False,NORMAL,NONE,False,none,26.13,978.16,56.77,{}
2026-08-09 20:10:00+00:00,AWS-001,25.92,978.22,57.12,28.6139,77.209,216.0,False,NORMAL,NONE,False,none,25.92,978.22,57.12,{}
2026-08-09 20:15:00+00:00,AWS-001,26.11,978.22,56.06,28.6139,77.209,216.0,False,NORMAL,NONE,False,none,26.11,978.22,56.06,{}
2026-08-09 20:20:00+00:00,AWS-001,25.63,978.32,58.09,28.6139,77.209,216.0,False,NORMAL,NONE,False,none,25.63,978.32,58.09,{}
2026-08-09 20:25:00+00:00,AWS-001,25.56,978.37,56.47,28.6139,77.209,216.0,False,NORMAL,NONE,False,none,25.56,978.37,56.47,{}
2026-08-09 20:30:00+00:00,AWS-001,25.12,978.54,57.98,28.6139,77.209,216.0,False,NORMAL,NONE,False,none,25.12,978.54,57.98,{}
2026-08-09 20:35:00+00:00,AWS-001,24.98,978.57,58.11,28.6139,77.209,216.0,False,NORMAL,NONE,False,none,24.98,978.57,58.11,{}
2026-08-09 20:40:00+00:00,AWS-001,24.79,978.65,59.98,28.6139,77.209,216.0,False,NORMAL,NONE,False,none,24.79,978.65,59.98,{}
2026-08-09 20:45:00+00:00,AWS-001,24.33,978.68,61.66,28.6139,77.209,216.0,False,NORMAL,NONE,False,none,24.33,978.68,61.66,{}
2026-08-09 20:50:00+00:00,AWS-001,24.31,978.62,61.6,28.6139,77.209,216.0,False,NORMAL,NONE,False,none,24.31,978.62,61.6,{}
2026-08-09 20:55:00+00:00,AWS-001,24.16,978.66,62.42,28.6139,77.209,216.0,False,NORMAL,NONE,False,none,24.16,978.66,62.42,{}
2026-08-09 21:00:00+00:00,AWS-001,23.72,978.75,63.98,28.6139,77.209,216.0,False,NORMAL,NONE,False,none,23.72,978.75,63.98,{}
2026-08-09 21:05:00+00:00,AWS-001,23.8,978.82,63.63,28.6139,77.209,216.0,False,NORMAL,NONE,False,none,23.8,978.82,63.63,{}
2026-08-09 21:10:00+00:00,AWS-001,23.96,978.84,63.33,28.6139,77.209,216.0,False,NORMAL,NONE,False,none,23.96,978.84,63.33,{}
2026-08-09 21:15:00+00:00,AWS-001,24.09,978.79,62.75,28.6139,77.209,216.0,False,NORMAL,NONE,False,none,24.09,978.79,62.75,{}
2026-08-09 21:20:00+00:00,AWS-001,24.0,978.87,63.04,28.6139,77.209,216.0,False,NORMAL,NONE,False,none,24.0,978.87,63.04,{}
2026-08-09 21:25:00+00:00,AWS-001,23.86,978.93,63.19,28.6139,77.209,216.0,False,NORMAL,NONE,False,none,23.86,978.93,63.19,{}
2026-08-09 21:30:00+00:00,AWS-001,23.93,979.01,62.47,28.6139,77.209,216.0,False,NORMAL,NONE,False,none,23.93,979.01,62.47,{}
2026-08-09 21:35:00+00:00,AWS-001,24.03,979.02,62.46,28.6139,77.209,216.0,False,NORMAL,NONE,False,none,24.03,979.02,62.46,{}
2026-08-09 21:40:00+00:00,AWS-001,24.01,978.94,63.01,28.6139,77.209,216.0,False,NORMAL,NONE,False,none,24.01,978.94,63.01,{}
2026-08-09 21:45:00+00:00,AWS-001,23.64,979.0,63.79,28.6139,77.209,216.0,False,NORMAL,NONE,False,none,23.64,979.0,63.79,{}
2026-08-09 21:50:00+00:00,AWS-001,23.49,979.03,65.21,28.6139,77.209,216.0,False,NORMAL,NONE,False,none,23.49,979.03,65.21,{}
2026-08-09 21:55:00+00:00,AWS-001,23.38,979.13,66.34,28.6139,77.209,216.0,False,NORMAL,NONE,False,none,23.38,979.13,66.34,{}
2026-08-09 22:00:00+00:00,AWS-001,22.89,979.15,69.06,28.6139,77.209,216.0,False,NORMAL,NONE,False,none,22.89,979.15,69.06,{}
2026-08-09 22:05:00+00:00,AWS-001,22.83,979.15,69.51,28.6139,77.209,216.0,False,NORMAL,NONE,False,none,22.83,979.15,69.51,{}
2026-08-09 22:10:00+00:00,AWS-001,23.06,979.19,68.93,28.6139,77.209,216.0,False,NORMAL,NONE,False,none,23.06,979.19,68.93,{}
2026-08-09 22:15:00+00:00,AWS-001,22.97,979.16,70.57,28.6139,77.209,216.0,False,NORMAL,NONE,False,none,22.97,979.16,70.57,{}
2026-08-09 22:20:00+00:00,AWS-001,23.02,979.13,69.88,28.6139,77.209,216.0,False,NORMAL,NONE,False,none,23.02,979.13,69.88,{}
2026-08-09 22:25:00+00:00,AWS-001,22.84,979.13,69.78,28.6139,77.209,216.0,False,NORMAL,NONE,False,none,22.84,979.13,69.78,{}
2026-08-09 22:30:00+00:00,AWS-001,22.62,979.08,69.65,28.6139,77.209,216.0,False,NORMAL,NONE,False,none,22.62,979.08,69.65,{}
2026-08-09 22:35:00+00:00,AWS-001,22.49,979.08,71.39,28.6139,77.209,216.0,False,NORMAL,NONE,False,none,22.49,979.08,71.39,{}
2026-08-09 22:40:00+00:00,AWS-001,22.17,979.2,73.82,28.6139,77.209,216.0,False,NORMAL,NONE,False,none,22.17,979.2,73.82,{}
2026-08-09 22:45:00+00:00,AWS-001,21.84,979.25,74.43,28.6139,77.209,216.0,False,NORMAL,NONE,False,none,21.84,979.25,74.43,{}
2026-08-09 22:50:00+00:00,AWS-001,21.91,979.26,73.51,28.6139,77.209,216.0,False,NORMAL,NONE,False,none,21.91,979.26,73.51,{}
2026-08-09 22:55:00+00:00,AWS-001,21.98,979.34,72.96,28.6139,77.209,216.0,False,NORMAL,NONE,False,none,21.98,979.34,72.96,{}
2026-08-09 23:00:00+00:00,AWS-001,21.64,979.27,75.28,28.6139,77.209,216.0,False,NORMAL,NONE,False,none,21.64,979.27,75.28,{}
2026-08-09 23:05:00+00:00,AWS-001,21.65,979.4,74.3,28.6139,77.209,216.0,False,NORMAL,NONE,False,none,21.65,979.4,74.3,{}
2026-08-09 23:10:00+00:00,AWS-001,21.48,979.34,73.88,28.6139,77.209,216.0,False,NORMAL,NONE,False,none,21.48,979.34,73.88,{}
2026-08-09 23:15:00+00:00,AWS-001,21.38,979.43,75.9,28.6139,77.209,216.0,False,NORMAL,NONE,False,none,21.38,979.43,75.9,{}
2026-08-09 23:20:00+00:00,AWS-001,21.3,979.5,76.42,28.6139,77.209,216.0,False,NORMAL,NONE,False,none,21.3,979.5,76.42,{}
2026-08-09 23:25:00+00:00,AWS-001,21.32,979.35,76.59,28.6139,77.209,216.0,False,NORMAL,NONE,False,none,21.32,979.35,76.59,{}
2026-08-09 23:30:00+00:00,AWS-001,21.17,979.4,77.08,28.6139,77.209,216.0,False,NORMAL,NONE,False,none,21.17,979.4,77.08,{}
2026-08-09 23:35:00+00:00,AWS-001,21.24,979.34,76.95,28.6139,77.209,216.0,False,NORMAL,NONE,False,none,21.24,979.34,76.95,{}
2026-08-09 23:40:00+00:00,AWS-001,21.12,979.26,76.49,28.6139,77.209,216.0,False,NORMAL,NONE,False,none,21.12,979.26,76.49,{}
2026-08-09 23:45:00+00:00,AWS-001,21.05,979.26,76.33,28.6139,77.209,216.0,False,NORMAL,NONE,False,none,21.05,979.26,76.33,{}
2026-08-09 23:50:00+00:00,AWS-001,20.74,979.16,78.02,28.6139,77.209,216.0,False,NORMAL,NONE,False,none,20.74,979.16,78.02,{}
2026-08-09 23:55:00+00:00,AWS-001,20.96,979.15,75.65,28.6139,77.209,216.0,False,NORMAL,NONE,False,none,20.96,979.15,75.65,{}
2026-08-10 00:00:00+00:00,AWS-001,20.79,979.05,76.55,28.6139,77.209,216.0,False,NORMAL,NONE,False,none,20.79,979.05,76.55,{}
2026-08-10 00:05:00+00:00,AWS-001,20.74,979.03,76.87,28.6139,77.209,216.0,False,NORMAL,NONE,False,none,20.74,979.03,76.87,{}
2026-08-10 00:10:00+00:00,AWS-001,20.3,979.08,79.14,28.6139,77.209,216.0,False,NORMAL,NONE,False,none,20.3,979.08,79.14,{}
2026-08-10 00:15:00+00:00,AWS-001,20.03,979.06,80.39,28.6139,77.209,216.0,False,NORMAL,NONE,False,none,20.03,979.06,80.39,{}
2026-08-10 00:20:00+00:00,AWS-001,20.13,978.99,79.53,28.6139,77.209,216.0,False,NORMAL,NONE,False,none,20.13,978.99,79.53,{}
2026-08-10 00:25:00+00:00,AWS-001,20.06,978.99,79.08,28.6139,77.209,216.0,False,NORMAL,NONE,False,none,20.06,978.99,79.08,{}
2026-08-10 00:30:00+00:00,AWS-001,19.62,978.86,81.89,28.6139,77.209,216.0,False,NORMAL,NONE,False,none,19.62,978.86,81.89,{}
2026-08-10 00:35:00+00:00,AWS-001,19.72,978.78,81.56,28.6139,77.209,216.0,False,NORMAL,NONE,False,none,19.72,978.78,81.56,{}
2026-08-10 00:40:00+00:00,AWS-001,19.54,978.72,81.98,28.6139,77.209,216.0,False,NORMAL,NONE,False,none,19.54,978.72,81.98,{}
2026-08-10 00:45:00+00:00,AWS-001,19.7,978.74,81.6,28.6139,77.209,216.0,False,NORMAL,NONE,False,none,19.7,978.74,81.6,{}
2026-08-10 00:50:00+00:00,AWS-001,19.59,978.73,82.36,28.6139,77.209,216.0,False,NORMAL,NONE,False,none,19.59,978.73,82.36,{}
2026-08-10 00:55:00+00:00,AWS-001,19.53,978.73,82.69,28.6139,77.209,216.0,False,NORMAL,NONE,False,none,19.53,978.73,82.69,{}
2026-08-10 01:00:00+00:00,AWS-001,19.64,978.69,81.08,28.6139,77.209,216.0,False,NORMAL,NONE,False,none,19.64,978.69,81.08,{}
2026-08-10 01:05:00+00:00,AWS-001,19.39,978.61,83.33,28.6139,77.209,216.0,False,NORMAL,NONE,False,none,19.39,978.61,83.33,{}
2026-08-10 01:10:00+00:00,AWS-001,19.14,978.67,84.19,28.6139,77.209,216.0,False,NORMAL,NONE,False,none,19.14,978.67,84.19,{}
2026-08-10 01:15:00+00:00,AWS-001,19.06,978.59,85.09,28.6139,77.209,216.0,False,NORMAL,NONE,False,none,19.06,978.59,85.09,{}
2026-08-10 01:20:00+00:00,AWS-001,19.15,978.59,84.41,28.6139,77.209,216.0,False,NORMAL,NONE,False,none,19.15,978.59,84.41,{}
2026-08-10 01:25:00+00:00,AWS-001,18.87,978.55,86.05,28.6139,77.209,216.0,False,NORMAL,NONE,False,none,18.87,978.55,86.05,{}
2026-08-10 01:30:00+00:00,AWS-001,18.57,978.55,88.82,28.6139,77.209,216.0,False,NORMAL,NONE,False,none,18.57,978.55,88.82,{}
2026-08-10 01:35:00+00:00,AWS-001,18.72,978.48,88.52,28.6139,77.209,216.0,False,NORMAL,NONE,False,none,18.72,978.48,88.52,{}
2026-08-10 01:40:00+00:00,AWS-001,18.61,978.52,89.96,28.6139,77.209,216.0,False,NORMAL,NONE,False,none,18.61,978.52,89.96,{}
2026-08-10 01:45:00+00:00,AWS-001,18.54,978.57,90.5,28.6139,77.209,216.0,False,NORMAL,NONE,False,none,18.54,978.57,90.5,{}
2026-08-10 01:50:00+00:00,AWS-001,18.24,978.59,92.41,28.6139,77.209,216.0,False,NORMAL,NONE,False,none,18.24,978.59,92.41,{}
2026-08-10 01:55:00+00:00,AWS-001,18.18,978.56,91.6,28.6139,77.209,216.0,False,NORMAL,NONE,False,none,18.18,978.56,91.6,{}
2026-08-10 02:00:00+00:00,AWS-001,18.23,978.5,91.2,28.6139,77.209,216.0,False,NORMAL,NONE,False,none,18.23,978.5,91.2,{}
2026-08-10 02:05:00+00:00,AWS-001,18.43,978.63,90.01,28.6139,77.209,216.0,False,NORMAL,NONE,False,none,18.43,978.63,90.01,{}
2026-08-10 02:10:00+00:00,AWS-001,18.33,978.53,91.49,28.6139,77.209,216.0,False,NORMAL,NONE,False,none,18.33,978.53,91.49,{}
2026-08-10 02:15:00+00:00,AWS-001,18.64,978.55,89.37,28.6139,77.209,216.0,False,NORMAL,NONE,False,none,18.64,978.55,89.37,{}
2026-08-10 02:20:00+00:00,AWS-001,18.53,978.53,90.2,28.6139,77.209,216.0,False,NORMAL,NONE,False,none,18.53,978.53,90.2,{}
2026-08-10 02:25:00+00:00,AWS-001,18.44,978.5,90.88,28.6139,77.209,216.0,False,NORMAL,NONE,False,none,18.44,978.5,90.88,{}
2026-08-10 02:30:00+00:00,AWS-001,18.72,978.48,89.97,28.6139,77.209,216.0,False,NORMAL,NONE,False,none,18.72,978.48,89.97,{}
2026-08-10 02:35:00+00:00,AWS-001,18.76,978.42,89.56,28.6139,77.209,216.0,False,NORMAL,NONE,False,none,18.76,978.42,89.56,{}
2026-08-10 02:40:00+00:00,AWS-001,18.67,978.43,90.51,28.6139,77.209,216.0,False,NORMAL,NONE,False,none,18.67,978.43,90.51,{}
2026-08-10 02:45:00+00:00,AWS-001,18.66,978.43,89.33,28.6139,77.209,216.0,False,NORMAL,NONE,False,none,18.66,978.43,89.33,{}
2026-08-10 02:50:00+00:00,AWS-001,18.9,978.57,86.98,28.6139,77.209,216.0,False,NORMAL,NONE,False,none,18.9,978.57,86.98,{}
2026-08-10 02:55:00+00:00,AWS-001,19.14,978.6,84.4,28.6139,77.209,216.0,False,NORMAL,NONE,False,none,19.14,978.6,84.4,{}
2026-08-10 03:00:00+00:00,AWS-001,18.97,978.6,86.16,28.6139,77.209,216.0,False,NORMAL,NONE,False,none,18.97,978.6,86.16,{}
2026-08-10 03:05:00+00:00,AWS-001,18.96,978.61,86.88,28.6139,77.209,216.0,False,NORMAL,NONE,False,none,18.96,978.61,86.88,{}
2026-08-10 03:10:00+00:00,AWS-001,18.98,978.7,87.48,28.6139,77.209,216.0,False,NORMAL,NONE,False,none,18.98,978.7,87.48,{}
2026-08-10 03:15:00+00:00,AWS-001,18.82,978.61,87.95,28.6139,77.209,216.0,False,NORMAL,NONE,False,none,18.82,978.61,87.95,{}
2026-08-10 03:20:00+00:00,AWS-001,18.85,978.59,87.56,28.6139,77.209,216.0,False,NORMAL,NONE,False,none,18.85,978.59,87.56,{}
2026-08-10 03:25:00+00:00,AWS-001,18.88,978.46,87.41,28.6139,77.209,216.0,False,NORMAL,NONE,False,none,18.88,978.46,87.41,{}
2026-08-10 03:30:00+00:00,AWS-001,19.11,978.5,87.19,28.6139,77.209,216.0,False,NORMAL,NONE,False,none,19.11,978.5,87.19,{}
2026-08-10 03:35:00+00:00,AWS-001,19.33,978.55,87.05,28.6139,77.209,216.0,False,NORMAL,NONE,False,none,19.33,978.55,87.05,{}
2026-08-10 03:40:00+00:00,AWS-001,19.27,978.49,87.66,28.6139,77.209,216.0,False,NORMAL,NONE,False,none,19.27,978.49,87.66,{}
2026-08-10 03:45:00+00:00,AWS-001,19.25,978.59,87.74,28.6139,77.209,216.0,False,NORMAL,NONE,False,none,19.25,978.59,87.74,{}
2026-08-10 03:50:00+00:00,AWS-001,19.38,978.55,87.63,28.6139,77.209,216.0,False,NORMAL,NONE,False,none,19.38,978.55,87.63,{}
2026-08-10 03:55:00+00:00,AWS-001,19.3,978.55,87.56,28.6139,77.209,216.0,False,NORMAL,NONE,False,none,19.3,978.55,87.56,{}
2026-08-10 04:00:00+00:00,AWS-001,19.44,978.57,86.35,28.6139,77.209,216.0,False,NORMAL,NONE,False,none,19.44,978.57,86.35,{}
2026-08-10 04:05:00+00:00,AWS-001,19.45,978.69,86.01,28.6139,77.209,216.0,False,NORMAL,NONE,False,none,19.45,978.69,86.01,{}
2026-08-10 04:10:00+00:00,AWS-001,19.33,978.66,85.91,28.6139,77.209,216.0,False,NORMAL,NONE,False,none,19.33,978.66,85.91,{}
2026-08-10 04:15:00+00:00,AWS-001,19.23,978.7,86.3,28.6139,77.209,216.0,False,NORMAL,NONE,False,none,19.23,978.7,86.3,{}
2026-08-10 04:20:00+00:00,AWS-001,19.55,978.78,83.86,28.6139,77.209,216.0,False,NORMAL,NONE,False,none,19.55,978.78,83.86,{}
2026-08-10 04:25:00+00:00,AWS-001,19.58,978.84,84.45,28.6139,77.209,216.0,False,NORMAL,NONE,False,none,19.58,978.84,84.45,{}
2026-08-10 04:30:00+00:00,AWS-001,19.92,978.91,83.04,28.6139,77.209,216.0,False,NORMAL,NONE,False,none,19.92,978.91,83.04,{}
2026-08-10 04:35:00+00:00,AWS-001,19.86,978.98,84.15,28.6139,77.209,216.0,False,NORMAL,NONE,False,none,19.86,978.98,84.15,{}
2026-08-10 04:40:00+00:00,AWS-001,19.96,978.98,82.42,28.6139,77.209,216.0,False,NORMAL,NONE,False,none,19.96,978.98,82.42,{}
2026-08-10 04:45:00+00:00,AWS-001,20.41,979.12,81.35,28.6139,77.209,216.0,False,NORMAL,NONE,False,none,20.41,979.12,81.35,{}
2026-08-10 04:50:00+00:00,AWS-001,20.24,979.14,81.0,28.6139,77.209,216.0,False,NORMAL,NONE,False,none,20.24,979.14,81.0,{}
2026-08-10 04:55:00+00:00,AWS-001,19.97,979.17,81.62,28.6139,77.209,216.0,False,NORMAL,NONE,False,none,19.97,979.17,81.62,{}
2026-08-10 05:00:00+00:00,AWS-001,20.27,979.29,79.81,28.6139,77.209,216.0,False,NORMAL,NONE,False,none,20.27,979.29,79.81,{}
2026-08-10 05:05:00+00:00,AWS-001,20.19,979.29,81.16,28.6139,77.209,216.0,False,NORMAL,NONE,False,none,20.19,979.29,81.16,{}
2026-08-10 05:10:00+00:00,AWS-001,20.27,979.36,80.89,28.6139,77.209,216.0,False,NORMAL,NONE,False,none,20.27,979.36,80.89,{}
2026-08-10 05:15:00+00:00,AWS-001,20.26,979.36,80.76,28.6139,77.209,216.0,False,NORMAL,NONE,False,none,20.26,979.36,80.76,{}
2026-08-10 05:20:00+00:00,AWS-001,20.41,979.57,79.52,28.6139,77.209,216.0,False,NORMAL,NONE,False,none,20.41,979.57,79.52,{}
2026-08-10 05:25:00+00:00,AWS-001,20.35,979.75,79.02,28.6139,77.209,216.0,False,NORMAL,NONE,False,none,20.35,979.75,79.02,{}
2026-08-10 05:30:00+00:00,AWS-001,20.44,979.78,79.48,28.6139,77.209,216.0,False,NORMAL,NONE,False,none,20.44,979.78,79.48,{}
2026-08-10 05:35:00+00:00,AWS-001,20.64,979.86,79.07,28.6139,77.209,216.0,False,NORMAL,NONE,False,none,20.64,979.86,79.07,{}
2026-08-10 05:40:00+00:00,AWS-001,20.58,979.9,80.16,28.6139,77.209,216.0,False,NORMAL,NONE,False,none,20.58,979.9,80.16,{}
2026-08-10 05:45:00+00:00,AWS-001,20.6,979.93,80.17,28.6139,77.209,216.0,False,NORMAL,NONE,False,none,20.6,979.93,80.17,{}
2026-08-10 05:50:00+00:00,AWS-001,20.69,979.99,77.89,28.6139,77.209,216.0,False,NORMAL,NONE,False,none,20.69,979.99,77.89,{}
2026-08-10 05:55:00+00:00,AWS-001,20.61,980.05,77.63,28.6139,77.209,216.0,False,NORMAL,NONE,False,none,20.61,980.05,77.63,{}
2026-08-10 06:00:00+00:00,AWS-001,20.71,980.02,77.61,28.6139,77.209,216.0,False,NORMAL,NONE,False,none,20.71,980.02,77.61,{}
2026-08-10 06:05:00+00:00,AWS-001,20.91,980.11,76.55,28.6139,77.209,216.0,False,NORMAL,NONE,False,none,20.91,980.11,76.55,{}
2026-08-10 06:10:00+00:00,AWS-001,21.02,980.18,75.84,28.6139,77.209,216.0,False,NORMAL,NONE,False,none,21.02,980.18,75.84,{}
2026-08-10 06:15:00+00:00,AWS-001,21.14,980.27,74.71,28.6139,77.209,216.0,False,NORMAL,NONE,False,none,21.14,980.27,74.71,{}
2026-08-10 06:20:00+00:00,AWS-001,21.31,980.34,74.76,28.6139,77.209,216.0,False,NORMAL,NONE,False,none,21.31,980.34,74.76,{}
2026-08-10 06:25:00+00:00,AWS-001,21.38,980.4,74.89,28.6139,77.209,216.0,False,NORMAL,NONE,False,none,21.38,980.4,74.89,{}
2026-08-10 06:30:00+00:00,AWS-001,21.67,980.53,73.92,28.6139,77.209,216.0,False,NORMAL,NONE,False,none,21.67,980.53,73.92,{}
2026-08-10 06:35:00+00:00,AWS-001,22.07,980.64,71.75,28.6139,77.209,216.0,False,NORMAL,NONE,False,none,22.07,980.64,71.75,{}
2026-08-10 06:40:00+00:00,AWS-001,22.12,980.8,71.69,28.6139,77.209,216.0,False,NORMAL,NONE,False,none,22.12,980.8,71.69,{}
2026-08-10 06:45:00+00:00,AWS-001,22.34,980.9,69.93,28.6139,77.209,216.0,False,NORMAL,NONE,False,none,22.34,980.9,69.93,{}
2026-08-10 06:50:00+00:00,AWS-001,22.42,980.96,69.61,28.6139,77.209,216.0,False,NORMAL,NONE,False,none,22.42,980.96,69.61,{}
2026-08-10 06:55:00+00:00,AWS-001,22.62,981.07,67.32,28.6139,77.209,216.0,False,NORMAL,NONE,False,none,22.62,981.07,67.32,{}
2026-08-10 07:00:00+00:00,AWS-001,23.01,981.03,65.07,28.6139,77.209,216.0,False,NORMAL,NONE,False,none,23.01,981.03,65.07,{}
2026-08-10 07:05:00+00:00,AWS-001,23.19,981.24,64.57,28.6139,77.209,216.0,False,NORMAL,NONE,False,none,23.19,981.24,64.57,{}
2026-08-10 07:10:00+00:00,AWS-001,22.99,981.33,67.31,28.6139,77.209,216.0,False,NORMAL,NONE,False,none,22.99,981.33,67.31,{}
2026-08-10 07:15:00+00:00,AWS-001,23.2,981.53,65.43,28.6139,77.209,216.0,False,NORMAL,NONE,False,none,23.2,981.53,65.43,{}
2026-08-10 07:20:00+00:00,AWS-001,23.53,981.55,63.59,28.6139,77.209,216.0,False,NORMAL,NONE,False,none,23.53,981.55,63.59,{}
2026-08-10 07:25:00+00:00,AWS-001,23.6,981.55,63.81,28.6139,77.209,216.0,False,NORMAL,NONE,False,none,23.6,981.55,63.81,{}
2026-08-10 07:30:00+00:00,AWS-001,23.88,981.65,64.11,28.6139,77.209,216.0,False,NORMAL,NONE,False,none,23.88,981.65,64.11,{}
2026-08-10 07:35:00+00:00,AWS-001,23.86,981.75,64.38,28.6139,77.209,216.0,False,NORMAL,NONE,False,none,23.86,981.75,64.38,{}
2026-08-10 07:40:00+00:00,AWS-001,23.73,981.84,65.37,28.6139,77.209,216.0,False,NORMAL,NONE,False,none,23.73,981.84,65.37,{}
2026-08-10 07:45:00+00:00,AWS-001,23.9,981.93,64.44,28.6139,77.209,216.0,False,NORMAL,NONE,False,none,23.9,981.93,64.44,{}
2026-08-10 07:50:00+00:00,AWS-001,23.75,981.97,64.69,28.6139,77.209,216.0,False,NORMAL,NONE,False,none,23.75,981.97,64.69,{}
2026-08-10 07:55:00+00:00,AWS-001,23.89,981.96,64.24,28.6139,77.209,216.0,False,NORMAL,NONE,False,none,23.89,981.96,64.24,{}
2026-08-10 08:00:00+00:00,AWS-001,24.29,982.06,62.34,28.6139,77.209,216.0,False,NORMAL,NONE,False,none,24.29,982.06,62.34,{}
2026-08-10 08:05:00+00:00,AWS-001,24.12,982.06,63.52,28.6139,77.209,216.0,False,NORMAL,NONE,False,none,24.12,982.06,63.52,{}
2026-08-10 08:10:00+00:00,AWS-001,24.09,982.07,62.6,28.6139,77.209,216.0,False,NORMAL,NONE,False,none,24.09,982.07,62.6,{}
2026-08-10 08:15:00+00:00,AWS-001,24.13,982.14,63.18,28.6139,77.209,216.0,False,NORMAL,NONE,False,none,24.13,982.14,63.18,{}
2026-08-10 08:20:00+00:00,AWS-001,24.34,982.26,62.45,28.6139,77.209,216.0,False,NORMAL,NONE,False,none,24.34,982.26,62.45,{}
2026-08-10 08:25:00+00:00,AWS-001,24.49,982.46,61.77,28.6139,77.209,216.0,False,NORMAL,NONE,False,none,24.49,982.46,61.77,{}
2026-08-10 08:30:00+00:00,AWS-001,24.94,982.6,59.15,28.6139,77.209,216.0,False,NORMAL,NONE,False,none,24.94,982.6,59.15,{}
2026-08-10 08:35:00+00:00,AWS-001,25.27,982.75,57.53,28.6139,77.209,216.0,False,NORMAL,NONE,False,none,25.27,982.75,57.53,{}
2026-08-10 08:40:00+00:00,AWS-001,25.51,982.85,57.73,28.6139,77.209,216.0,False,NORMAL,NONE,False,none,25.51,982.85,57.73,{}
2026-08-10 08:45:00+00:00,AWS-001,25.67,982.93,57.13,28.6139,77.209,216.0,False,NORMAL,NONE,False,none,25.67,982.93,57.13,{}
2026-08-10 08:50:00+00:00,AWS-001,25.87,983.14,56.71,28.6139,77.209,216.0,False,NORMAL,NONE,False,none,25.87,983.14,56.71,{}
2026-08-10 08:55:00+00:00,AWS-001,25.86,983.11,56.26,28.6139,77.209,216.0,False,NORMAL,NONE,False,none,25.86,983.11,56.26,{}
2026-08-10 09:00:00+00:00,AWS-001,26.15,983.13,55.4,28.6139,77.209,216.0,False,NORMAL,NONE,False,none,26.15,983.13,55.4,{}
2026-08-10 09:05:00+00:00,AWS-001,26.1,983.17,54.83,28.6139,77.209,216.0,False,NORMAL,NONE,False,none,26.1,983.17,54.83,{}
2026-08-10 09:10:00+00:00,AWS-001,26.39,983.27,54.16,28.6139,77.209,216.0,False,NORMAL,NONE,False,none,26.39,983.27,54.16,{}
2026-08-10 09:15:00+00:00,AWS-001,26.72,983.26,53.5,28.6139,77.209,216.0,False,NORMAL,NONE,False,none,26.72,983.26,53.5,{}
2026-08-10 09:20:00+00:00,AWS-001,26.87,983.36,53.36,28.6139,77.209,216.0,False,NORMAL,NONE,False,none,26.87,983.36,53.36,{}
2026-08-10 09:25:00+00:00,AWS-001,26.95,983.44,52.61,28.6139,77.209,216.0,False,NORMAL,NONE,False,none,26.95,983.44,52.61,{}
2026-08-10 09:30:00+00:00,AWS-001,27.13,983.53,51.96,28.6139,77.209,216.0,False,NORMAL,NONE,False,none,27.13,983.53,51.96,{}
2026-08-10 09:35:00+00:00,AWS-001,26.76,983.62,53.61,28.6139,77.209,216.0,False,NORMAL,NONE,False,none,26.76,983.62,53.61,{}
2026-08-10 09:40:00+00:00,AWS-001,26.98,983.74,52.86,28.6139,77.209,216.0,False,NORMAL,NONE,False,none,26.98,983.74,52.86,{}
2026-08-10 09:45:00+00:00,AWS-001,27.12,983.77,52.33,28.6139,77.209,216.0,False,NORMAL,NONE,False,none,27.12,983.77,52.33,{}
2026-08-10 09:50:00+00:00,AWS-001,27.27,983.82,53.17,28.6139,77.209,216.0,False,NORMAL,NONE,False,none,27.27,983.82,53.17,{}
2026-08-10 09:55:00+00:00,AWS-001,27.54,983.8,51.64,28.6139,77.209,216.0,False,NORMAL,NONE,False,none,27.54,983.8,51.64,{}
2026-08-10 10:00:00+00:00,AWS-001,27.66,983.77,51.95,28.6139,77.209,216.0,False,NORMAL,NONE,False,none,27.66,983.77,51.95,{}
2026-08-10 10:05:00+00:00,AWS-001,27.61,983.91,51.29,28.6139,77.209,216.0,False,NORMAL,NONE,False,none,27.61,983.91,51.29,{}
2026-08-10 10:10:00+00:00,AWS-001,27.74,983.88,51.32,28.6139,77.209,216.0,False,NORMAL,NONE,False,none,27.74,983.88,51.32,{}
2026-08-10 10:15:00+00:00,AWS-001,27.91,983.94,51.23,28.6139,77.209,216.0,False,NORMAL,NONE,False,none,27.91,983.94,51.23,{}
2026-08-10 10:20:00+00:00,AWS-001,28.07,983.99,50.31,28.6139,77.209,216.0,False,NORMAL,NONE,False,none,28.07,983.99,50.31,{}
2026-08-10 10:25:00+00:00,AWS-001,28.24,984.08,49.01,28.6139,77.209,216.0,False,NORMAL,NONE,False,none,28.24,984.08,49.01,{}
2026-08-10 10:30:00+00:00,AWS-001,28.55,983.99,46.96,28.6139,77.209,216.0,False,NORMAL,NONE,False,none,28.55,983.99,46.96,{}
2026-08-10 10:35:00+00:00,AWS-001,28.48,984.06,47.01,28.6139,77.209,216.0,False,NORMAL,NONE,False,none,28.48,984.06,47.01,{}
2026-08-10 10:40:00+00:00,AWS-001,28.65,984.07,47.16,28.6139,77.209,216.0,False,NORMAL,NONE,False,none,28.65,984.07,47.16,{}
2026-08-10 10:45:00+00:00,AWS-001,28.99,984.05,45.71,28.6139,77.209,216.0,False,NORMAL,NONE,False,none,28.99,984.05,45.71,{}
2026-08-10 10:50:00+00:00,AWS-001,28.8,984.05,46.55,28.6139,77.209,216.0,False,NORMAL,NONE,False,none,28.8,984.05,46.55,{}
2026-08-10 10:55:00+00:00,AWS-001,28.96,984.12,45.36,28.6139,77.209,216.0,False,NORMAL,NONE,False,none,28.96,984.12,45.36,{}
2026-08-10 11:00:00+00:00,AWS-001,28.99,984.17,45.45,28.6139,77.209,216.0,False,NORMAL,NONE,False,none,28.99,984.17,45.45,{}
2026-08-10 11:05:00+00:00,AWS-001,29.06,984.16,44.81,28.6139,77.209,216.0,False,NORMAL,NONE,False,none,29.06,984.16,44.81,{}
2026-08-10 11:10:00+00:00,AWS-001,29.05,984.1,45.15,28.6139,77.209,216.0,False,NORMAL,NONE,False,none,29.05,984.1,45.15,{}
2026-08-10 11:15:00+00:00,AWS-001,29.17,984.04,44.81,28.6139,77.209,216.0,False,NORMAL,NONE,False,none,29.17,984.04,44.81,{}
2026-08-10 11:20:00+00:00,AWS-001,29.62,984.1,43.15,28.6139,77.209,216.0,False,NORMAL,NONE,False,none,29.62,984.1,43.15,{}
2026-08-10 11:25:00+00:00,AWS-001,29.51,984.03,43.39,28.6139,77.209,216.0,False,NORMAL,NONE,False,none,29.51,984.03,43.39,{}
2026-08-10 11:30:00+00:00,AWS-001,29.44,984.03,43.36,28.6139,77.209,216.0,False,NORMAL,NONE,False,none,29.44,984.03,43.36,{}
2026-08-10 11:35:00+00:00,AWS-001,29.37,984.2,43.13,28.6139,77.209,216.0,False,NORMAL,NONE,False,none,29.37,984.2,43.13,{}
2026-08-10 11:40:00+00:00,AWS-001,29.82,984.22,43.09,28.6139,77.209,216.0,False,NORMAL,NONE,False,none,29.82,984.22,43.09,{}
2026-08-10 11:45:00+00:00,AWS-001,29.86,984.26,43.06,28.6139,77.209,216.0,False,NORMAL,NONE,False,none,29.86,984.26,43.06,{}
2026-08-10 11:50:00+00:00,AWS-001,29.98,984.18,41.64,28.6139,77.209,216.0,False,NORMAL,NONE,False,none,29.98,984.18,41.64,{}
2026-08-10 11:55:00+00:00,AWS-001,30.03,984.11,41.57,28.6139,77.209,216.0,False,NORMAL,NONE,False,none,30.03,984.11,41.57,{}
2026-08-10 12:00:00+00:00,AWS-001,29.99,984.15,42.68,28.6139,77.209,216.0,False,NORMAL,NONE,False,none,29.99,984.15,42.68,{}
2026-08-10 12:05:00+00:00,AWS-001,30.08,984.13,42.25,28.6139,77.209,216.0,False,NORMAL,NONE,False,none,30.08,984.13,42.25,{}
2026-08-10 12:10:00+00:00,AWS-001,30.62,984.19,42.16,28.6139,77.209,216.0,False,NORMAL,NONE,False,none,30.62,984.19,42.16,{}
2026-08-10 12:15:00+00:00,AWS-001,30.92,984.19,41.01,28.6139,77.209,216.0,False,NORMAL,NONE,False,none,30.92,984.19,41.01,{}
2026-08-10 12:20:00+00:00,AWS-001,30.82,984.38,41.75,28.6139,77.209,216.0,False,NORMAL,NONE,False,none,30.82,984.38,41.75,{}
2026-08-10 12:25:00+00:00,AWS-001,30.99,984.33,42.11,28.6139,77.209,216.0,False,NORMAL,NONE,False,none,30.99,984.33,42.11,{}
2026-08-10 12:30:00+00:00,AWS-001,30.9,984.32,42.6,28.6139,77.209,216.0,False,NORMAL,NONE,False,none,30.9,984.32,42.6,{}
2026-08-10 12:35:00+00:00,AWS-001,30.66,984.25,42.25,28.6139,77.209,216.0,False,NORMAL,NONE,False,none,30.66,984.25,42.25,{}
2026-08-10 12:40:00+00:00,AWS-001,30.93,984.3,41.09,28.6139,77.209,216.0,False,NORMAL,NONE,False,none,30.93,984.3,41.09,{}
2026-08-10 12:45:00+00:00,AWS-001,31.19,984.3,41.36,28.6139,77.209,216.0,False,NORMAL,NONE,False,none,31.19,984.3,41.36,{}
2026-08-10 12:50:00+00:00,AWS-001,31.41,984.22,40.36,28.6139,77.209,216.0,False,NORMAL,NONE,False,none,31.41,984.22,40.36,{}
2026-08-10 12:55:00+00:00,AWS-001,31.36,984.19,41.2,28.6139,77.209,216.0,False,NORMAL,NONE,False,none,31.36,984.19,41.2,{}
2026-08-10 13:00:00+00:00,AWS-001,31.36,984.26,40.9,28.6139,77.209,216.0,False,NORMAL,NONE,False,none,31.36,984.26,40.9,{}
2026-08-10 13:05:00+00:00,AWS-001,31.52,984.31,40.65,28.6139,77.209,216.0,False,NORMAL,NONE,False,none,31.52,984.31,40.65,{}
2026-08-10 13:10:00+00:00,AWS-001,31.61,984.2,39.58,28.6139,77.209,216.0,False,NORMAL,NONE,False,none,31.61,984.2,39.58,{}
2026-08-10 13:15:00+00:00,AWS-001,31.55,984.16,39.46,28.6139,77.209,216.0,False,NORMAL,NONE,False,none,31.55,984.16,39.46,{}
2026-08-10 13:20:00+00:00,AWS-001,31.31,984.25,39.65,28.6139,77.209,216.0,False,NORMAL,NONE,False,none,31.31,984.25,39.65,{}
2026-08-10 13:25:00+00:00,AWS-001,31.38,984.22,39.85,28.6139,77.209,216.0,False,NORMAL,NONE,False,none,31.38,984.22,39.85,{}
2026-08-10 13:30:00+00:00,AWS-001,31.61,984.22,39.56,28.6139,77.209,216.0,False,NORMAL,NONE,False,none,31.61,984.22,39.56,{}
2026-08-10 13:35:00+00:00,AWS-001,31.43,984.26,40.39,28.6139,77.209,216.0,False,NORMAL,NONE,False,none,31.43,984.26,40.39,{}
2026-08-10 13:40:00+00:00,AWS-001,31.58,984.16,39.8,28.6139,77.209,216.0,False,NORMAL,NONE,False,none,31.58,984.16,39.8,{}
2026-08-10 13:45:00+00:00,AWS-001,31.66,984.09,39.13,28.6139,77.209,216.0,False,NORMAL,NONE,False,none,31.66,984.09,39.13,{}
2026-08-10 13:50:00+00:00,AWS-001,31.8,984.07,39.1,28.6139,77.209,216.0,False,NORMAL,NONE,False,none,31.8,984.07,39.1,{}
2026-08-10 13:55:00+00:00,AWS-001,31.95,984.13,38.25,28.6139,77.209,216.0,False,NORMAL,NONE,False,none,31.95,984.13,38.25,{}
2026-08-10 14:00:00+00:00,AWS-001,31.82,984.19,39.44,28.6139,77.209,216.0,False,NORMAL,NONE,False,none,31.82,984.19,39.44,{}
2026-08-10 14:05:00+00:00,AWS-001,31.55,984.22,40.05,28.6139,77.209,216.0,False,NORMAL,NONE,False,none,31.55,984.22,40.05,{}
2026-08-10 14:10:00+00:00,AWS-001,31.49,984.2,40.06,28.6139,77.209,216.0,False,NORMAL,NONE,False,none,31.49,984.2,40.06,{}
2026-08-10 14:15:00+00:00,AWS-001,31.67,984.25,40.02,28.6139,77.209,216.0,False,NORMAL,NONE,False,none,31.67,984.25,40.02,{}
2026-08-10 14:20:00+00:00,AWS-001,31.59,984.23,40.18,28.6139,77.209,216.0,False,NORMAL,NONE,False,none,31.59,984.23,40.18,{}
2026-08-10 14:25:00+00:00,AWS-001,31.5,984.26,39.38,28.6139,77.209,216.0,False,NORMAL,NONE,False,none,31.5,984.26,39.38,{}
2026-08-10 14:30:00+00:00,AWS-001,31.22,984.3,39.54,28.6139,77.209,216.0,False,NORMAL,NONE,False,none,31.22,984.3,39.54,{}
2026-08-10 14:35:00+00:00,AWS-001,31.57,984.39,39.65,28.6139,77.209,216.0,False,NORMAL,NONE,False,none,31.57,984.39,39.65,{}
2026-08-10 14:40:00+00:00,AWS-001,31.72,984.38,39.47,28.6139,77.209,216.0,False,NORMAL,NONE,False,none,31.72,984.38,39.47,{}
2026-08-10 14:45:00+00:00,AWS-001,31.84,984.34,38.22,28.6139,77.209,216.0,False,NORMAL,NONE,False,none,31.84,984.34,38.22,{}
2026-08-10 14:50:00+00:00,AWS-001,31.97,984.41,38.38,28.6139,77.209,216.0,False,NORMAL,NONE,False,none,31.97,984.41,38.38,{}
2026-08-10 14:55:00+00:00,AWS-001,32.02,984.49,38.08,28.6139,77.209,216.0,False,NORMAL,NONE,False,none,32.02,984.49,38.08,{}
2026-08-10 15:00:00+00:00,AWS-001,31.92,984.45,37.94,28.6139,77.209,216.0,False,NORMAL,NONE,False,none,31.92,984.45,37.94,{}
2026-08-10 15:05:00+00:00,AWS-001,31.84,984.38,37.63,28.6139,77.209,216.0,False,NORMAL,NONE,False,none,31.84,984.38,37.63,{}
2026-08-10 15:10:00+00:00,AWS-001,31.73,984.45,38.85,28.6139,77.209,216.0,False,NORMAL,NONE,False,none,31.73,984.45,38.85,{}
2026-08-10 15:15:00+00:00,AWS-001,32.12,984.36,36.88,28.6139,77.209,216.0,False,NORMAL,NONE,False,none,32.12,984.36,36.88,{}
2026-08-10 15:20:00+00:00,AWS-001,32.12,984.27,36.68,28.6139,77.209,216.0,False,NORMAL,NONE,False,none,32.12,984.27,36.68,{}
2026-08-10 15:25:00+00:00,AWS-001,31.95,984.28,37.51,28.6139,77.209,216.0,False,NORMAL,NONE,False,none,31.95,984.28,37.51,{}
2026-08-10 15:30:00+00:00,AWS-001,31.94,984.31,38.81,28.6139,77.209,216.0,False,NORMAL,NONE,False,none,31.94,984.31,38.81,{}
2026-08-10 15:35:00+00:00,AWS-001,31.68,984.28,39.84,28.6139,77.209,216.0,False,NORMAL,NONE,False,none,31.68,984.28,39.84,{}
2026-08-10 15:40:00+00:00,AWS-001,31.86,984.32,38.92,28.6139,77.209,216.0,False,NORMAL,NONE,False,none,31.86,984.32,38.92,{}
2026-08-10 15:45:00+00:00,AWS-001,31.65,984.37,40.46,28.6139,77.209,216.0,False,NORMAL,NONE,False,none,31.65,984.37,40.46,{}
2026-08-10 15:50:00+00:00,AWS-001,31.66,984.38,39.54,28.6139,77.209,216.0,False,NORMAL,NONE,False,none,31.66,984.38,39.54,{}
2026-08-10 15:55:00+00:00,AWS-001,31.74,984.54,39.59,28.6139,77.209,216.0,False,NORMAL,NONE,False,none,31.74,984.54,39.59,{}
2026-08-10 16:00:00+00:00,AWS-001,31.7,984.6,40.03,28.6139,77.209,216.0,False,NORMAL,NONE,False,none,31.7,984.6,40.03,{}
2026-08-10 16:05:00+00:00,AWS-001,31.6,984.7,39.68,28.6139,77.209,216.0,False,NORMAL,NONE,False,none,31.6,984.7,39.68,{}
2026-08-10 16:10:00+00:00,AWS-001,31.49,984.65,40.44,28.6139,77.209,216.0,False,NORMAL,NONE,False,none,31.49,984.65,40.44,{}
2026-08-10 16:15:00+00:00,AWS-001,31.38,984.6,40.38,28.6139,77.209,216.0,False,NORMAL,NONE,False,none,31.38,984.6,40.38,{}
2026-08-10 16:20:00+00:00,AWS-001,31.18,984.68,41.32,28.6139,77.209,216.0,False,NORMAL,NONE,False,none,31.18,984.68,41.32,{}
2026-08-10 16:25:00+00:00,AWS-001,31.01,984.84,40.51,28.6139,77.209,216.0,False,NORMAL,NONE,False,none,31.01,984.84,40.51,{}
2026-08-10 16:30:00+00:00,AWS-001,31.18,984.83,40.48,28.6139,77.209,216.0,False,NORMAL,NONE,False,none,31.18,984.83,40.48,{}
2026-08-10 16:35:00+00:00,AWS-001,31.05,984.89,40.61,28.6139,77.209,216.0,False,NORMAL,NONE,False,none,31.05,984.89,40.61,{}
2026-08-10 16:40:00+00:00,AWS-001,30.81,984.88,42.02,28.6139,77.209,216.0,False,NORMAL,NONE,False,none,30.81,984.88,42.02,{}
2026-08-10 16:45:00+00:00,AWS-001,30.63,984.9,42.4,28.6139,77.209,216.0,False,NORMAL,NONE,False,none,30.63,984.9,42.4,{}
2026-08-10 16:50:00+00:00,AWS-001,30.73,984.98,42.93,28.6139,77.209,216.0,False,NORMAL,NONE,False,none,30.73,984.98,42.93,{}
2026-08-10 16:55:00+00:00,AWS-001,30.74,985.02,43.11,28.6139,77.209,216.0,False,NORMAL,NONE,False,none,30.74,985.02,43.11,{}
2026-08-10 17:00:00+00:00,AWS-001,30.71,985.02,42.93,28.6139,77.209,216.0,False,NORMAL,NONE,False,none,30.71,985.02,42.93,{}
2026-08-10 17:05:00+00:00,AWS-001,30.54,985.02,43.71,28.6139,77.209,216.0,False,NORMAL,NONE,False,none,30.54,985.02,43.71,{}
2026-08-10 17:10:00+00:00,AWS-001,30.52,985.0,44.09,28.6139,77.209,216.0,False,NORMAL,NONE,False,none,30.52,985.0,44.09,{}
2026-08-10 17:15:00+00:00,AWS-001,30.28,985.13,44.75,28.6139,77.209,216.0,False,NORMAL,NONE,False,none,30.28,985.13,44.75,{}
2026-08-10 17:20:00+00:00,AWS-001,30.12,985.26,43.45,28.6139,77.209,216.0,False,NORMAL,NONE,False,none,30.12,985.26,43.45,{}
2026-08-10 17:25:00+00:00,AWS-001,30.17,985.39,42.71,28.6139,77.209,216.0,False,NORMAL,NONE,False,none,30.17,985.39,42.71,{}
2026-08-10 17:30:00+00:00,AWS-001,30.19,985.42,43.64,28.6139,77.209,216.0,False,NORMAL,NONE,False,none,30.19,985.42,43.64,{}
2026-08-10 17:35:00+00:00,AWS-001,29.88,985.58,43.57,28.6139,77.209,216.0,False,NORMAL,NONE,False,none,29.88,985.58,43.57,{}
2026-08-10 17:40:00+00:00,AWS-001,29.61,985.71,44.89,28.6139,77.209,216.0,False,NORMAL,NONE,False,none,29.61,985.71,44.89,{}
2026-08-10 17:45:00+00:00,AWS-001,29.52,985.8,45.54,28.6139,77.209,216.0,False,NORMAL,NONE,False,none,29.52,985.8,45.54,{}
2026-08-10 17:50:00+00:00,AWS-001,29.7,985.88,44.53,28.6139,77.209,216.0,False,NORMAL,NONE,False,none,29.7,985.88,44.53,{}
2026-08-10 17:55:00+00:00,AWS-001,29.24,985.94,44.48,28.6139,77.209,216.0,False,NORMAL,NONE,False,none,29.24,985.94,44.48,{}
2026-08-10 18:00:00+00:00,AWS-001,29.18,986.04,44.45,28.6139,77.209,216.0,False,NORMAL,NONE,False,none,29.18,986.04,44.45,{}
2026-08-10 18:05:00+00:00,AWS-001,28.83,986.23,46.89,28.6139,77.209,216.0,False,NORMAL,NONE,False,none,28.83,986.23,46.89,{}
2026-08-10 18:10:00+00:00,AWS-001,28.64,986.39,46.85,28.6139,77.209,216.0,False,NORMAL,NONE,False,none,28.64,986.39,46.85,{}
2026-08-10 18:15:00+00:00,AWS-001,28.5,986.46,46.8,28.6139,77.209,216.0,False,NORMAL,NONE,False,none,28.5,986.46,46.8,{}
2026-08-10 18:20:00+00:00,AWS-001,28.35,986.57,46.7,28.6139,77.209,216.0,False,NORMAL,NONE,False,none,28.35,986.57,46.7,{}
2026-08-10 18:25:00+00:00,AWS-001,28.18,986.59,48.14,28.6139,77.209,216.0,False,NORMAL,NONE,False,none,28.18,986.59,48.14,{}
2026-08-10 18:30:00+00:00,AWS-001,28.11,986.73,48.24,28.6139,77.209,216.0,False,NORMAL,NONE,False,none,28.11,986.73,48.24,{}
2026-08-10 18:35:00+00:00,AWS-001,27.94,986.77,48.39,28.6139,77.209,216.0,False,NORMAL,NONE,False,none,27.94,986.77,48.39,{}
2026-08-10 18:40:00+00:00,AWS-001,27.62,986.9,50.32,28.6139,77.209,216.0,False,NORMAL,NONE,False,none,27.62,986.9,50.32,{}
2026-08-10 18:45:00+00:00,AWS-001,27.7,987.17,50.43,28.6139,77.209,216.0,False,NORMAL,NONE,False,none,27.7,987.17,50.43,{}
2026-08-10 18:50:00+00:00,AWS-001,27.74,987.21,49.62,28.6139,77.209,216.0,False,NORMAL,NONE,False,none,27.74,987.21,49.62,{}
2026-08-10 18:55:00+00:00,AWS-001,27.78,987.46,48.74,28.6139,77.209,216.0,False,NORMAL,NONE,False,none,27.78,987.46,48.74,{}
2026-08-10 19:00:00+00:00,AWS-001,27.4,987.56,50.71,28.6139,77.209,216.0,False,NORMAL,NONE,False,none,27.4,987.56,50.71,{}
2026-08-10 19:05:00+00:00,AWS-001,27.35,987.59,50.84,28.6139,77.209,216.0,False,NORMAL,NONE,False,none,27.35,987.59,50.84,{}
2026-08-10 19:10:00+00:00,AWS-001,27.36,987.61,49.83,28.6139,77.209,216.0,False,NORMAL,NONE,False,none,27.36,987.61,49.83,{}
2026-08-10 19:15:00+00:00,AWS-001,27.06,987.83,49.73,28.6139,77.209,216.0,False,NORMAL,NONE,False,none,27.06,987.83,49.73,{}
2026-08-10 19:20:00+00:00,AWS-001,26.96,987.93,49.62,28.6139,77.209,216.0,False,NORMAL,NONE,False,none,26.96,987.93,49.62,{}
2026-08-10 19:25:00+00:00,AWS-001,26.83,987.96,49.57,28.6139,77.209,216.0,False,NORMAL,NONE,False,none,26.83,987.96,49.57,{}
2026-08-10 19:30:00+00:00,AWS-001,27.02,988.02,48.09,28.6139,77.209,216.0,False,NORMAL,NONE,False,none,27.02,988.02,48.09,{}
2026-08-10 19:35:00+00:00,AWS-001,27.19,988.12,47.42,28.6139,77.209,216.0,False,NORMAL,NONE,False,none,27.19,988.12,47.42,{}
2026-08-10 19:40:00+00:00,AWS-001,26.73,988.19,48.82,28.6139,77.209,216.0,False,NORMAL,NONE,False,none,26.73,988.19,48.82,{}
2026-08-10 19:45:00+00:00,AWS-001,26.99,988.29,48.28,28.6139,77.209,216.0,False,NORMAL,NONE,False,none,26.99,988.29,48.28,{}
2026-08-10 19:50:00+00:00,AWS-001,26.64,988.46,50.95,28.6139,77.209,216.0,False,NORMAL,NONE,False,none,26.64,988.46,50.95,{}
2026-08-10 19:55:00+00:00,AWS-001,26.63,988.46,51.09,28.6139,77.209,216.0,False,NORMAL,NONE,False,none,26.63,988.46,51.09,{}
2026-08-10 20:00:00+00:00,AWS-001,26.6,988.57,51.34,28.6139,77.209,216.0,False,NORMAL,NONE,False,none,26.6,988.57,51.34,{}
2026-08-10 20:05:00+00:00,AWS-001,26.23,988.63,53.06,28.6139,77.209,216.0,False,NORMAL,NONE,False,none,26.23,988.63,53.06,{}
2026-08-10 20:10:00+00:00,AWS-001,26.13,988.67,53.36,28.6139,77.209,216.0,False,NORMAL,NONE,False,none,26.13,988.67,53.36,{}
2026-08-10 20:15:00+00:00,AWS-001,25.93,988.8,54.41,28.6139,77.209,216.0,False,NORMAL,NONE,False,none,25.93,988.8,54.41,{}
2026-08-10 20:20:00+00:00,AWS-001,25.85,988.78,54.94,28.6139,77.209,216.0,False,NORMAL,NONE,False,none,25.85,988.78,54.94,{}
2026-08-10 20:25:00+00:00,AWS-001,25.7,988.71,55.54,28.6139,77.209,216.0,False,NORMAL,NONE,False,none,25.7,988.71,55.54,{}
2026-08-10 20:30:00+00:00,AWS-001,25.72,988.81,57.25,28.6139,77.209,216.0,False,NORMAL,NONE,False,none,25.72,988.81,57.25,{}
2026-08-10 20:35:00+00:00,AWS-001,25.53,988.88,58.21,28.6139,77.209,216.0,False,NORMAL,NONE,False,none,25.53,988.88,58.21,{}
2026-08-10 20:40:00+00:00,AWS-001,25.3,988.88,57.98,28.6139,77.209,216.0,False,NORMAL,NONE,False,none,25.3,988.88,57.98,{}
2026-08-10 20:45:00+00:00,AWS-001,25.3,988.86,58.07,28.6139,77.209,216.0,False,NORMAL,NONE,False,none,25.3,988.86,58.07,{}
2026-08-10 20:50:00+00:00,AWS-001,25.19,989.06,57.77,28.6139,77.209,216.0,False,NORMAL,NONE,False,none,25.19,989.06,57.77,{}
2026-08-10 20:55:00+00:00,AWS-001,25.11,989.16,58.27,28.6139,77.209,216.0,False,NORMAL,NONE,False,none,25.11,989.16,58.27,{}
2026-08-10 21:00:00+00:00,AWS-001,24.79,989.23,58.41,28.6139,77.209,216.0,False,NORMAL,NONE,False,none,24.79,989.23,58.41,{}
2026-08-10 21:05:00+00:00,AWS-001,24.42,989.43,59.04,28.6139,77.209,216.0,False,NORMAL,NONE,False,none,24.42,989.43,59.04,{}
2026-08-10 21:10:00+00:00,AWS-001,24.16,989.54,60.33,28.6139,77.209,216.0,False,NORMAL,NONE,False,none,24.16,989.54,60.33,{}
2026-08-10 21:15:00+00:00,AWS-001,23.91,989.69,61.97,28.6139,77.209,216.0,False,NORMAL,NONE,False,none,23.91,989.69,61.97,{}
2026-08-10 21:20:00+00:00,AWS-001,23.91,989.66,62.27,28.6139,77.209,216.0,False,NORMAL,NONE,False,none,23.91,989.66,62.27,{}
2026-08-10 21:25:00+00:00,AWS-001,23.92,989.63,62.68,28.6139,77.209,216.0,False,NORMAL,NONE,False,none,23.92,989.63,62.68,{}
2026-08-10 21:30:00+00:00,AWS-001,23.73,989.72,63.49,28.6139,77.209,216.0,False,NORMAL,NONE,False,none,23.73,989.72,63.49,{}
2026-08-10 21:35:00+00:00,AWS-001,23.81,989.79,63.14,28.6139,77.209,216.0,False,NORMAL,NONE,False,none,23.81,989.79,63.14,{}
2026-08-10 21:40:00+00:00,AWS-001,23.85,989.9,62.5,28.6139,77.209,216.0,False,NORMAL,NONE,False,none,23.85,989.9,62.5,{}
2026-08-10 21:45:00+00:00,AWS-001,23.68,989.84,63.54,28.6139,77.209,216.0,False,NORMAL,NONE,False,none,23.68,989.84,63.54,{}
2026-08-10 21:50:00+00:00,AWS-001,23.35,989.92,65.32,28.6139,77.209,216.0,False,NORMAL,NONE,False,none,23.35,989.92,65.32,{}
2026-08-10 21:55:00+00:00,AWS-001,23.43,990.01,64.71,28.6139,77.209,216.0,False,NORMAL,NONE,False,none,23.43,990.01,64.71,{}
2026-08-10 22:00:00+00:00,AWS-001,23.22,990.09,65.25,28.6139,77.209,216.0,False,NORMAL,NONE,False,none,23.22,990.09,65.25,{}
2026-08-10 22:05:00+00:00,AWS-001,23.05,990.09,66.76,28.6139,77.209,216.0,False,NORMAL,NONE,False,none,23.05,990.09,66.76,{}
2026-08-10 22:10:00+00:00,AWS-001,22.81,990.14,67.41,28.6139,77.209,216.0,False,NORMAL,NONE,False,none,22.81,990.14,67.41,{}
2026-08-10 22:15:00+00:00,AWS-001,22.5,990.11,68.49,28.6139,77.209,216.0,False,NORMAL,NONE,False,none,22.5,990.11,68.49,{}
2026-08-10 22:20:00+00:00,AWS-001,22.11,990.11,70.18,28.6139,77.209,216.0,False,NORMAL,NONE,False,none,22.11,990.11,70.18,{}
2026-08-10 22:25:00+00:00,AWS-001,22.1,990.07,69.91,28.6139,77.209,216.0,False,NORMAL,NONE,False,none,22.1,990.07,69.91,{}
2026-08-10 22:30:00+00:00,AWS-001,21.85,990.05,70.28,28.6139,77.209,216.0,False,NORMAL,NONE,False,none,21.85,990.05,70.28,{}
2026-08-10 22:35:00+00:00,AWS-001,22.25,990.06,68.74,28.6139,77.209,216.0,False,NORMAL,NONE,False,none,22.25,990.06,68.74,{}
2026-08-10 22:40:00+00:00,AWS-001,21.9,990.06,70.06,28.6139,77.209,216.0,False,NORMAL,NONE,False,none,21.9,990.06,70.06,{}
2026-08-10 22:45:00+00:00,AWS-001,21.55,990.04,72.62,28.6139,77.209,216.0,False,NORMAL,NONE,False,none,21.55,990.04,72.62,{}
2026-08-10 22:50:00+00:00,AWS-001,21.52,989.98,72.97,28.6139,77.209,216.0,False,NORMAL,NONE,False,none,21.52,989.98,72.97,{}
2026-08-10 22:55:00+00:00,AWS-001,21.66,990.13,71.7,28.6139,77.209,216.0,False,NORMAL,NONE,False,none,21.66,990.13,71.7,{}
2026-08-10 23:00:00+00:00,AWS-001,21.52,990.11,72.56,28.6139,77.209,216.0,False,NORMAL,NONE,False,none,21.52,990.11,72.56,{}
2026-08-10 23:05:00+00:00,AWS-001,21.47,990.15,72.71,28.6139,77.209,216.0,False,NORMAL,NONE,False,none,21.47,990.15,72.71,{}
2026-08-10 23:10:00+00:00,AWS-001,21.02,990.05,75.32,28.6139,77.209,216.0,False,NORMAL,NONE,False,none,21.02,990.05,75.32,{}
2026-08-10 23:15:00+00:00,AWS-001,20.8,990.15,75.64,28.6139,77.209,216.0,False,NORMAL,NONE,False,none,20.8,990.15,75.64,{}
2026-08-10 23:20:00+00:00,AWS-001,20.53,990.17,76.76,28.6139,77.209,216.0,False,NORMAL,NONE,False,none,20.53,990.17,76.76,{}
2026-08-10 23:25:00+00:00,AWS-001,20.15,990.15,78.28,28.6139,77.209,216.0,False,NORMAL,NONE,False,none,20.15,990.15,78.28,{}
2026-08-10 23:30:00+00:00,AWS-001,20.14,990.12,78.19,28.6139,77.209,216.0,False,NORMAL,NONE,False,none,20.14,990.12,78.19,{}
2026-08-10 23:35:00+00:00,AWS-001,19.72,990.18,79.47,28.6139,77.209,216.0,False,NORMAL,NONE,False,none,19.72,990.18,79.47,{}
2026-08-10 23:40:00+00:00,AWS-001,19.5,990.0,80.87,28.6139,77.209,216.0,False,NORMAL,NONE,False,none,19.5,990.0,80.87,{}
2026-08-10 23:45:00+00:00,AWS-001,19.43,989.97,81.39,28.6139,77.209,216.0,False,NORMAL,NONE,False,none,19.43,989.97,81.39,{}
2026-08-10 23:50:00+00:00,AWS-001,19.31,989.97,82.68,28.6139,77.209,216.0,False,NORMAL,NONE,False,none,19.31,989.97,82.68,{}
2026-08-10 23:55:00+00:00,AWS-001,19.39,989.97,81.99,28.6139,77.209,216.0,False,NORMAL,NONE,False,none,19.39,989.97,81.99,{}
2026-08-11 00:00:00+00:00,AWS-001,19.38,990.13,81.58,28.6139,77.209,216.0,False,NORMAL,NONE,False,none,19.38,990.13,81.58,{}
2026-08-11 00:05:00+00:00,AWS-001,19.52,990.1,81.25,28.6139,77.209,216.0,False,NORMAL,NONE,False,none,19.52,990.1,81.25,{}
2026-08-11 00:10:00+00:00,AWS-001,19.61,990.15,80.1,28.6139,77.209,216.0,False,NORMAL,NONE,False,none,19.61,990.15,80.1,{}
2026-08-11 00:15:00+00:00,AWS-001,19.74,990.24,80.02,28.6139,77.209,216.0,False,NORMAL,NONE,False,none,19.74,990.24,80.02,{}
2026-08-11 00:20:00+00:00,AWS-001,19.67,990.26,80.89,28.6139,77.209,216.0,False,NORMAL,NONE,False,none,19.67,990.26,80.89,{}
2026-08-11 00:25:00+00:00,AWS-001,19.64,990.19,81.54,28.6139,77.209,216.0,False,NORMAL,NONE,False,none,19.64,990.19,81.54,{}
2026-08-11 00:30:00+00:00,AWS-001,19.65,990.09,81.39,28.6139,77.209,216.0,False,NORMAL,NONE,False,none,19.65,990.09,81.39,{}
2026-08-11 00:35:00+00:00,AWS-001,19.59,990.12,81.05,28.6139,77.209,216.0,False,NORMAL,NONE,False,none,19.59,990.12,81.05,{}
2026-08-11 00:40:00+00:00,AWS-001,19.44,990.19,81.61,28.6139,77.209,216.0,False,NORMAL,NONE,False,none,19.44,990.19,81.61,{}
2026-08-11 00:45:00+00:00,AWS-001,19.31,990.2,82.26,28.6139,77.209,216.0,False,NORMAL,NONE,False,none,19.31,990.2,82.26,{}
2026-08-11 00:50:00+00:00,AWS-001,19.12,990.24,82.67,28.6139,77.209,216.0,False,NORMAL,NONE,False,none,19.12,990.24,82.67,{}
2026-08-11 00:55:00+00:00,AWS-001,19.14,990.35,83.22,28.6139,77.209,216.0,False,NORMAL,NONE,False,none,19.14,990.35,83.22,{}
2026-08-11 01:00:00+00:00,AWS-001,19.08,990.35,83.66,28.6139,77.209,216.0,False,NORMAL,NONE,False,none,19.08,990.35,83.66,{}
2026-08-11 01:05:00+00:00,AWS-001,18.92,990.24,83.62,28.6139,77.209,216.0,False,NORMAL,NONE,False,none,18.92,990.24,83.62,{}
2026-08-11 01:10:00+00:00,AWS-001,18.78,990.2,85.38,28.6139,77.209,216.0,False,NORMAL,NONE,False,none,18.78,990.2,85.38,{}
2026-08-11 01:15:00+00:00,AWS-001,18.57,990.24,86.27,28.6139,77.209,216.0,False,NORMAL,NONE,False,none,18.57,990.24,86.27,{}
2026-08-11 01:20:00+00:00,AWS-001,18.74,990.18,84.41,28.6139,77.209,216.0,False,NORMAL,NONE,False,none,18.74,990.18,84.41,{}
2026-08-11 01:25:00+00:00,AWS-001,18.74,990.23,83.76,28.6139,77.209,216.0,False,NORMAL,NONE,False,none,18.74,990.23,83.76,{}
2026-08-11 01:30:00+00:00,AWS-001,18.57,990.18,85.5,28.6139,77.209,216.0,False,NORMAL,NONE,False,none,18.57,990.18,85.5,{}
2026-08-11 01:35:00+00:00,AWS-001,18.71,990.15,85.76,28.6139,77.209,216.0,False,NORMAL,NONE,False,none,18.71,990.15,85.76,{}
2026-08-11 01:40:00+00:00,AWS-001,18.6,990.09,86.65,28.6139,77.209,216.0,False,NORMAL,NONE,False,none,18.6,990.09,86.65,{}
2026-08-11 01:45:00+00:00,AWS-001,18.36,990.06,88.37,28.6139,77.209,216.0,False,NORMAL,NONE,False,none,18.36,990.06,88.37,{}
2026-08-11 01:50:00+00:00,AWS-001,18.55,990.04,87.65,28.6139,77.209,216.0,False,NORMAL,NONE,False,none,18.55,990.04,87.65,{}
2026-08-11 01:55:00+00:00,AWS-001,18.47,989.91,87.97,28.6139,77.209,216.0,False,NORMAL,NONE,False,none,18.47,989.91,87.97,{}
2026-08-11 02:00:00+00:00,AWS-001,18.41,989.86,87.99,28.6139,77.209,216.0,False,NORMAL,NONE,False,none,18.41,989.86,87.99,{}
2026-08-11 02:05:00+00:00,AWS-001,18.43,989.76,87.75,28.6139,77.209,216.0,False,NORMAL,NONE,False,none,18.43,989.76,87.75,{}
2026-08-11 02:10:00+00:00,AWS-001,18.64,989.73,86.68,28.6139,77.209,216.0,False,NORMAL,NONE,False,none,18.64,989.73,86.68,{}
2026-08-11 02:15:00+00:00,AWS-001,18.64,989.67,85.79,28.6139,77.209,216.0,False,NORMAL,NONE,False,none,18.64,989.67,85.79,{}
2026-08-11 02:20:00+00:00,AWS-001,18.43,989.72,87.02,28.6139,77.209,216.0,False,NORMAL,NONE,False,none,18.43,989.72,87.02,{}
2026-08-11 02:25:00+00:00,AWS-001,18.55,989.77,87.0,28.6139,77.209,216.0,False,NORMAL,NONE,False,none,18.55,989.77,87.0,{}
2026-08-11 02:30:00+00:00,AWS-001,18.48,989.79,86.81,28.6139,77.209,216.0,False,NORMAL,NONE,False,none,18.48,989.79,86.81,{}
2026-08-11 02:35:00+00:00,AWS-001,18.81,989.7,84.5,28.6139,77.209,216.0,False,NORMAL,NONE,False,none,18.81,989.7,84.5,{}
2026-08-11 02:40:00+00:00,AWS-001,18.8,989.69,84.6,28.6139,77.209,216.0,False,NORMAL,NONE,False,none,18.8,989.69,84.6,{}
2026-08-11 02:45:00+00:00,AWS-001,18.42,989.61,85.91,28.6139,77.209,216.0,False,NORMAL,NONE,False,none,18.42,989.61,85.91,{}
2026-08-11 02:50:00+00:00,AWS-001,18.52,989.6,84.37,28.6139,77.209,216.0,False,NORMAL,NONE,False,none,18.52,989.6,84.37,{}
2026-08-11 02:55:00+00:00,AWS-001,18.87,989.65,83.2,28.6139,77.209,216.0,False,NORMAL,NONE,False,none,18.87,989.65,83.2,{}
2026-08-11 03:00:00+00:00,AWS-001,19.13,989.71,81.47,28.6139,77.209,216.0,False,NORMAL,NONE,False,none,19.13,989.71,81.47,{}
2026-08-11 03:05:00+00:00,AWS-001,19.4,989.74,80.03,28.6139,77.209,216.0,False,NORMAL,NONE,False,none,19.4,989.74,80.03,{}
2026-08-11 03:10:00+00:00,AWS-001,19.18,989.82,80.71,28.6139,77.209,216.0,False,NORMAL,NONE,False,none,19.18,989.82,80.71,{}
2026-08-11 03:15:00+00:00,AWS-001,19.3,989.83,80.87,28.6139,77.209,216.0,False,NORMAL,NONE,False,none,19.3,989.83,80.87,{}
2026-08-11 03:20:00+00:00,AWS-001,19.15,989.82,82.05,28.6139,77.209,216.0,False,NORMAL,NONE,False,none,19.15,989.82,82.05,{}
2026-08-11 03:25:00+00:00,AWS-001,19.18,989.87,81.56,28.6139,77.209,216.0,False,NORMAL,NONE,False,none,19.18,989.87,81.56,{}
2026-08-11 03:30:00+00:00,AWS-001,18.96,989.92,81.77,28.6139,77.209,216.0,False,NORMAL,NONE,False,none,18.96,989.92,81.77,{}
2026-08-11 03:35:00+00:00,AWS-001,18.88,989.89,81.94,28.6139,77.209,216.0,False,NORMAL,NONE,False,none,18.88,989.89,81.94,{}
2026-08-11 03:40:00+00:00,AWS-001,18.81,989.92,82.66,28.6139,77.209,216.0,False,NORMAL,NONE,False,none,18.81,989.92,82.66,{}
2026-08-11 03:45:00+00:00,AWS-001,19.02,989.91,81.65,28.6139,77.209,216.0,False,NORMAL,NONE,False,none,19.02,989.91,81.65,{}
2026-08-11 03:50:00+00:00,AWS-001,19.2,989.81,80.77,28.6139,77.209,216.0,False,NORMAL,NONE,False,none,19.2,989.81,80.77,{}
2026-08-11 03:55:00+00:00,AWS-001,19.28,989.86,80.45,28.6139,77.209,216.0,False,NORMAL,NONE,False,none,19.28,989.86,80.45,{}
2026-08-11 04:00:00+00:00,AWS-001,19.08,989.8,81.82,28.6139,77.209,216.0,False,NORMAL,NONE,False,none,19.08,989.8,81.82,{}
2026-08-11 04:05:00+00:00,AWS-001,19.09,989.86,81.59,28.6139,77.209,216.0,False,NORMAL,NONE,False,none,19.09,989.86,81.59,{}
2026-08-11 04:10:00+00:00,AWS-001,19.04,989.8,82.02,28.6139,77.209,216.0,False,NORMAL,NONE,False,none,19.04,989.8,82.02,{}
2026-08-11 04:15:00+00:00,AWS-001,19.27,989.8,80.08,28.6139,77.209,216.0,False,NORMAL,NONE,False,none,19.27,989.8,80.08,{}
2026-08-11 04:20:00+00:00,AWS-001,19.54,989.82,80.35,28.6139,77.209,216.0,False,NORMAL,NONE,False,none,19.54,989.82,80.35,{}
2026-08-11 04:25:00+00:00,AWS-001,19.76,989.94,78.8,28.6139,77.209,216.0,False,NORMAL,NONE,False,none,19.76,989.94,78.8,{}
2026-08-11 04:30:00+00:00,AWS-001,19.67,989.95,79.17,28.6139,77.209,216.0,False,NORMAL,NONE,False,none,19.67,989.95,79.17,{}
2026-08-11 04:35:00+00:00,AWS-001,19.27,989.94,81.29,28.6139,77.209,216.0,False,NORMAL,NONE,False,none,19.27,989.94,81.29,{}
2026-08-11 04:40:00+00:00,AWS-001,19.09,990.02,81.7,28.6139,77.209,216.0,False,NORMAL,NONE,False,none,19.09,990.02,81.7,{}
2026-08-11 04:45:00+00:00,AWS-001,19.47,990.06,79.64,28.6139,77.209,216.0,False,NORMAL,NONE,False,none,19.47,990.06,79.64,{}
2026-08-11 04:50:00+00:00,AWS-001,19.52,990.16,79.27,28.6139,77.209,216.0,False,NORMAL,NONE,False,none,19.52,990.16,79.27,{}
2026-08-11 04:55:00+00:00,AWS-001,19.51,990.16,78.59,28.6139,77.209,216.0,False,NORMAL,NONE,False,none,19.51,990.16,78.59,{}
2026-08-11 05:00:00+00:00,AWS-001,19.92,990.23,76.89,28.6139,77.209,216.0,False,NORMAL,NONE,False,none,19.92,990.23,76.89,{}
2026-08-11 05:05:00+00:00,AWS-001,20.23,990.43,74.35,28.6139,77.209,216.0,False,NORMAL,NONE,False,none,20.23,990.43,74.35,{}
2026-08-11 05:10:00+00:00,AWS-001,20.3,990.47,75.2,28.6139,77.209,216.0,False,NORMAL,NONE,False,none,20.3,990.47,75.2,{}
2026-08-11 05:15:00+00:00,AWS-001,20.33,990.53,75.49,28.6139,77.209,216.0,False,NORMAL,NONE,False,none,20.33,990.53,75.49,{}
2026-08-11 05:20:00+00:00,AWS-001,20.39,990.49,75.44,28.6139,77.209,216.0,False,NORMAL,NONE,False,none,20.39,990.49,75.44,{}
2026-08-11 05:25:00+00:00,AWS-001,20.53,990.5,73.56,28.6139,77.209,216.0,False,NORMAL,NONE,False,none,20.53,990.5,73.56,{}
2026-08-11 05:30:00+00:00,AWS-001,20.88,990.6,71.45,28.6139,77.209,216.0,False,NORMAL,NONE,False,none,20.88,990.6,71.45,{}
2026-08-11 05:35:00+00:00,AWS-001,21.01,990.65,71.82,28.6139,77.209,216.0,False,NORMAL,NONE,False,none,21.01,990.65,71.82,{}
2026-08-11 05:40:00+00:00,AWS-001,21.2,990.75,73.57,28.6139,77.209,216.0,False,NORMAL,NONE,False,none,21.2,990.75,73.57,{}
2026-08-11 05:45:00+00:00,AWS-001,21.44,990.85,72.8,28.6139,77.209,216.0,False,NORMAL,NONE,False,none,21.44,990.85,72.8,{}
2026-08-11 05:50:00+00:00,AWS-001,21.29,990.84,73.62,28.6139,77.209,216.0,False,NORMAL,NONE,False,none,21.29,990.84,73.62,{}
2026-08-11 05:55:00+00:00,AWS-001,21.48,990.97,72.58,28.6139,77.209,216.0,False,NORMAL,NONE,False,none,21.48,990.97,72.58,{}
2026-08-11 06:00:00+00:00,AWS-001,21.5,990.97,71.47,28.6139,77.209,216.0,False,NORMAL,NONE,False,none,21.5,990.97,71.47,{}
2026-08-11 06:05:00+00:00,AWS-001,21.16,991.0,73.21,28.6139,77.209,216.0,False,NORMAL,NONE,False,none,21.16,991.0,73.21,{}
2026-08-11 06:10:00+00:00,AWS-001,20.94,991.09,73.09,28.6139,77.209,216.0,False,NORMAL,NONE,False,none,20.94,991.09,73.09,{}
2026-08-11 06:15:00+00:00,AWS-001,20.94,991.26,72.06,28.6139,77.209,216.0,False,NORMAL,NONE,False,none,20.94,991.26,72.06,{}
2026-08-11 06:20:00+00:00,AWS-001,21.22,991.27,69.95,28.6139,77.209,216.0,False,NORMAL,NONE,False,none,21.22,991.27,69.95,{}
2026-08-11 06:25:00+00:00,AWS-001,21.41,991.36,69.78,28.6139,77.209,216.0,False,NORMAL,NONE,False,none,21.41,991.36,69.78,{}
2026-08-11 06:30:00+00:00,AWS-001,21.61,991.45,68.85,28.6139,77.209,216.0,False,NORMAL,NONE,False,none,21.61,991.45,68.85,{}
2026-08-11 06:35:00+00:00,AWS-001,22.09,991.56,66.87,28.6139,77.209,216.0,False,NORMAL,NONE,False,none,22.09,991.56,66.87,{}
2026-08-11 06:40:00+00:00,AWS-001,22.0,991.7,67.19,28.6139,77.209,216.0,False,NORMAL,NONE,False,none,22.0,991.7,67.19,{}
2026-08-11 06:45:00+00:00,AWS-001,22.14,991.75,65.86,28.6139,77.209,216.0,False,NORMAL,NONE,False,none,22.14,991.75,65.86,{}
2026-08-11 06:50:00+00:00,AWS-001,22.33,991.88,64.72,28.6139,77.209,216.0,False,NORMAL,NONE,False,none,22.33,991.88,64.72,{}
2026-08-11 06:55:00+00:00,AWS-001,22.35,992.02,64.38,28.6139,77.209,216.0,False,NORMAL,NONE,False,none,22.35,992.02,64.38,{}
2026-08-11 07:00:00+00:00,AWS-001,22.51,992.18,63.02,28.6139,77.209,216.0,False,NORMAL,NONE,False,none,22.51,992.18,63.02,{}
2026-08-11 07:05:00+00:00,AWS-001,22.39,992.27,63.42,28.6139,77.209,216.0,False,NORMAL,NONE,False,none,22.39,992.27,63.42,{}
2026-08-11 07:10:00+00:00,AWS-001,22.81,992.33,61.38,28.6139,77.209,216.0,False,NORMAL,NONE,False,none,22.81,992.33,61.38,{}
2026-08-11 07:15:00+00:00,AWS-001,22.84,992.35,61.93,28.6139,77.209,216.0,False,NORMAL,NONE,False,none,22.84,992.35,61.93,{}
2026-08-11 07:20:00+00:00,AWS-001,23.34,992.32,60.68,28.6139,77.209,216.0,False,NORMAL,NONE,False,none,23.34,992.32,60.68,{}
2026-08-11 07:25:00+00:00,AWS-001,23.45,992.37,59.57,28.6139,77.209,216.0,False,NORMAL,NONE,False,none,23.45,992.37,59.57,{}
2026-08-11 07:30:00+00:00,AWS-001,23.75,992.44,58.53,28.6139,77.209,216.0,False,NORMAL,NONE,False,none,23.75,992.44,58.53,{}
2026-08-11 07:35:00+00:00,AWS-001,23.84,992.49,59.58,28.6139,77.209,216.0,False,NORMAL,NONE,False,none,23.84,992.49,59.58,{}
2026-08-11 07:40:00+00:00,AWS-001,23.95,992.59,58.59,28.6139,77.209,216.0,False,NORMAL,NONE,False,none,23.95,992.59,58.59,{}
2026-08-11 07:45:00+00:00,AWS-001,23.96,992.57,58.89,28.6139,77.209,216.0,False,NORMAL,NONE,False,none,23.96,992.57,58.89,{}
2026-08-11 07:50:00+00:00,AWS-001,24.11,992.62,58.47,28.6139,77.209,216.0,False,NORMAL,NONE,False,none,24.11,992.62,58.47,{}
2026-08-11 07:55:00+00:00,AWS-001,24.29,992.81,58.54,28.6139,77.209,216.0,False,NORMAL,NONE,False,none,24.29,992.81,58.54,{}
2026-08-11 08:00:00+00:00,AWS-001,24.29,992.92,58.66,28.6139,77.209,216.0,False,NORMAL,NONE,False,none,24.29,992.92,58.66,{}
2026-08-11 08:05:00+00:00,AWS-001,24.41,993.01,57.86,28.6139,77.209,216.0,False,NORMAL,NONE,False,none,24.41,993.01,57.86,{}
2026-08-11 08:10:00+00:00,AWS-001,24.45,993.08,57.7,28.6139,77.209,216.0,False,NORMAL,NONE,False,none,24.45,993.08,57.7,{}
2026-08-11 08:15:00+00:00,AWS-001,24.99,993.1,55.87,28.6139,77.209,216.0,False,NORMAL,NONE,False,none,24.99,993.1,55.87,{}
2026-08-11 08:20:00+00:00,AWS-001,25.09,993.05,55.45,28.6139,77.209,216.0,False,NORMAL,NONE,False,none,25.09,993.05,55.45,{}
2026-08-11 08:25:00+00:00,AWS-001,25.46,993.13,53.36,28.6139,77.209,216.0,False,NORMAL,NONE,False,none,25.46,993.13,53.36,{}
2026-08-11 08:30:00+00:00,AWS-001,25.51,993.04,54.06,28.6139,77.209,216.0,False,NORMAL,NONE,False,none,25.51,993.04,54.06,{}
2026-08-11 08:35:00+00:00,AWS-001,25.66,993.08,54.24,28.6139,77.209,216.0,False,NORMAL,NONE,False,none,25.66,993.08,54.24,{}
2026-08-11 08:40:00+00:00,AWS-001,25.53,993.14,53.83,28.6139,77.209,216.0,False,NORMAL,NONE,False,none,25.53,993.14,53.83,{}
2026-08-11 08:45:00+00:00,AWS-001,25.59,993.17,53.44,28.6139,77.209,216.0,False,NORMAL,NONE,False,none,25.59,993.17,53.44,{}
2026-08-11 08:50:00+00:00,AWS-001,25.76,993.35,52.75,28.6139,77.209,216.0,False,NORMAL,NONE,False,none,25.76,993.35,52.75,{}
2026-08-11 08:55:00+00:00,AWS-001,26.16,993.5,50.8,28.6139,77.209,216.0,False,NORMAL,NONE,False,none,26.16,993.5,50.8,{}
2026-08-11 09:00:00+00:00,AWS-001,26.3,993.6,49.32,28.6139,77.209,216.0,False,NORMAL,NONE,False,none,26.3,993.6,49.32,{}
2026-08-11 09:05:00+00:00,AWS-001,26.64,993.57,48.18,28.6139,77.209,216.0,False,NORMAL,NONE,False,none,26.64,993.57,48.18,{}
2026-08-11 09:10:00+00:00,AWS-001,26.82,993.72,47.71,28.6139,77.209,216.0,False,NORMAL,NONE,False,none,26.82,993.72,47.71,{}
2026-08-11 09:15:00+00:00,AWS-001,27.17,993.77,46.09,28.6139,77.209,216.0,False,NORMAL,NONE,False,none,27.17,993.77,46.09,{}
2026-08-11 09:20:00+00:00,AWS-001,27.21,993.73,46.48,28.6139,77.209,216.0,False,NORMAL,NONE,False,none,27.21,993.73,46.48,{}
2026-08-11 09:25:00+00:00,AWS-001,27.67,993.76,46.23,28.6139,77.209,216.0,False,NORMAL,NONE,False,none,27.67,993.76,46.23,{}
2026-08-11 09:30:00+00:00,AWS-001,27.61,993.83,47.08,28.6139,77.209,216.0,False,NORMAL,NONE,False,none,27.61,993.83,47.08,{}
2026-08-11 09:35:00+00:00,AWS-001,27.52,993.81,47.27,28.6139,77.209,216.0,False,NORMAL,NONE,False,none,27.52,993.81,47.27,{}
2026-08-11 09:40:00+00:00,AWS-001,27.39,993.83,46.53,28.6139,77.209,216.0,False,NORMAL,NONE,False,none,27.39,993.83,46.53,{}
2026-08-11 09:45:00+00:00,AWS-001,27.88,993.86,45.84,28.6139,77.209,216.0,False,NORMAL,NONE,False,none,27.88,993.86,45.84,{}
2026-08-11 09:50:00+00:00,AWS-001,28.07,993.81,45.52,28.6139,77.209,216.0,False,NORMAL,NONE,False,none,28.07,993.81,45.52,{}
2026-08-11 09:55:00+00:00,AWS-001,28.07,993.8,45.89,28.6139,77.209,216.0,False,NORMAL,NONE,False,none,28.07,993.8,45.89,{}
2026-08-11 10:00:00+00:00,AWS-001,28.34,993.76,46.41,28.6139,77.209,216.0,False,NORMAL,NONE,False,none,28.34,993.76,46.41,{}
2026-08-11 10:05:00+00:00,AWS-001,28.5,993.82,45.3,28.6139,77.209,216.0,False,NORMAL,NONE,False,none,28.5,993.82,45.3,{}
2026-08-11 10:10:00+00:00,AWS-001,28.87,993.78,42.47,28.6139,77.209,216.0,False,NORMAL,NONE,False,none,28.87,993.78,42.47,{}
2026-08-11 10:15:00+00:00,AWS-001,28.62,993.8,42.65,28.6139,77.209,216.0,False,NORMAL,NONE,False,none,28.62,993.8,42.65,{}
2026-08-11 10:20:00+00:00,AWS-001,28.63,993.73,43.21,28.6139,77.209,216.0,False,NORMAL,NONE,False,none,28.63,993.73,43.21,{}
2026-08-11 10:25:00+00:00,AWS-001,28.62,993.67,43.45,28.6139,77.209,216.0,False,NORMAL,NONE,False,none,28.62,993.67,43.45,{}
2026-08-11 10:30:00+00:00,AWS-001,28.38,993.62,43.48,28.6139,77.209,216.0,False,NORMAL,NONE,False,none,28.38,993.62,43.48,{}
2026-08-11 10:35:00+00:00,AWS-001,28.68,993.62,42.05,28.6139,77.209,216.0,False,NORMAL,NONE,False,none,28.68,993.62,42.05,{}
2026-08-11 10:40:00+00:00,AWS-001,28.73,993.64,42.02,28.6139,77.209,216.0,False,NORMAL,NONE,False,none,28.73,993.64,42.02,{}
2026-08-11 10:45:00+00:00,AWS-001,28.97,993.67,40.97,28.6139,77.209,216.0,False,NORMAL,NONE,False,none,28.97,993.67,40.97,{}
2026-08-11 10:50:00+00:00,AWS-001,29.45,993.57,40.49,28.6139,77.209,216.0,False,NORMAL,NONE,False,none,29.45,993.57,40.49,{}
2026-08-11 10:55:00+00:00,AWS-001,29.44,993.57,40.54,28.6139,77.209,216.0,False,NORMAL,NONE,False,none,29.44,993.57,40.54,{}
2026-08-11 11:00:00+00:00,AWS-001,29.43,993.53,40.45,28.6139,77.209,216.0,False,NORMAL,NONE,False,none,29.43,993.53,40.45,{}
2026-08-11 11:05:00+00:00,AWS-001,29.52,993.57,40.03,28.6139,77.209,216.0,False,NORMAL,NONE,False,none,29.52,993.57,40.03,{}
2026-08-11 11:10:00+00:00,AWS-001,29.76,993.55,39.95,28.6139,77.209,216.0,False,NORMAL,NONE,False,none,29.76,993.55,39.95,{}
2026-08-11 11:15:00+00:00,AWS-001,29.72,993.54,40.31,28.6139,77.209,216.0,False,NORMAL,NONE,False,none,29.72,993.54,40.31,{}
2026-08-11 11:20:00+00:00,AWS-001,29.69,993.5,40.72,28.6139,77.209,216.0,False,NORMAL,NONE,False,none,29.69,993.5,40.72,{}
2026-08-11 11:25:00+00:00,AWS-001,29.95,993.59,40.36,28.6139,77.209,216.0,False,NORMAL,NONE,False,none,29.95,993.59,40.36,{}
2026-08-11 11:30:00+00:00,AWS-001,30.08,993.5,40.13,28.6139,77.209,216.0,False,NORMAL,NONE,False,none,30.08,993.5,40.13,{}
2026-08-11 11:35:00+00:00,AWS-001,29.8,993.47,40.24,28.6139,77.209,216.0,False,NORMAL,NONE,False,none,29.8,993.47,40.24,{}
2026-08-11 11:40:00+00:00,AWS-001,29.7,993.46,40.2,28.6139,77.209,216.0,False,NORMAL,NONE,False,none,29.7,993.46,40.2,{}
2026-08-11 11:45:00+00:00,AWS-001,30.07,993.43,39.28,28.6139,77.209,216.0,False,NORMAL,NONE,False,none,30.07,993.43,39.28,{}
2026-08-11 11:50:00+00:00,AWS-001,30.22,993.36,40.45,28.6139,77.209,216.0,False,NORMAL,NONE,False,none,30.22,993.36,40.45,{}
2026-08-11 11:55:00+00:00,AWS-001,30.18,993.24,39.7,28.6139,77.209,216.0,False,NORMAL,NONE,False,none,30.18,993.24,39.7,{}
2026-08-11 12:00:00+00:00,AWS-001,30.24,993.19,39.41,28.6139,77.209,216.0,False,NORMAL,NONE,False,none,30.24,993.19,39.41,{}
2026-08-11 12:05:00+00:00,AWS-001,30.34,993.12,39.39,28.6139,77.209,216.0,False,NORMAL,NONE,False,none,30.34,993.12,39.39,{}
2026-08-11 12:10:00+00:00,AWS-001,30.55,993.21,38.83,28.6139,77.209,216.0,False,NORMAL,NONE,False,none,30.55,993.21,38.83,{}
2026-08-11 12:15:00+00:00,AWS-001,30.39,993.33,39.98,28.6139,77.209,216.0,False,NORMAL,NONE,False,none,30.39,993.33,39.98,{}
2026-08-11 12:20:00+00:00,AWS-001,30.35,993.29,39.88,28.6139,77.209,216.0,False,NORMAL,NONE,False,none,30.35,993.29,39.88,{}
2026-08-11 12:25:00+00:00,AWS-001,30.5,993.17,39.41,28.6139,77.209,216.0,False,NORMAL,NONE,False,none,30.5,993.17,39.41,{}
2026-08-11 12:30:00+00:00,AWS-001,30.58,993.19,39.78,28.6139,77.209,216.0,False,NORMAL,NONE,False,none,30.58,993.19,39.78,{}
2026-08-11 12:35:00+00:00,AWS-001,30.77,993.1,40.46,28.6139,77.209,216.0,False,NORMAL,NONE,False,none,30.77,993.1,40.46,{}
2026-08-11 12:40:00+00:00,AWS-001,30.64,993.03,41.43,28.6139,77.209,216.0,False,NORMAL,NONE,False,none,30.64,993.03,41.43,{}
2026-08-11 12:45:00+00:00,AWS-001,30.8,992.97,40.69,28.6139,77.209,216.0,False,NORMAL,NONE,False,none,30.8,992.97,40.69,{}
2026-08-11 12:50:00+00:00,AWS-001,31.06,992.91,39.82,28.6139,77.209,216.0,False,NORMAL,NONE,False,none,31.06,992.91,39.82,{}
2026-08-11 12:55:00+00:00,AWS-001,31.2,992.86,39.34,28.6139,77.209,216.0,False,NORMAL,NONE,False,none,31.2,992.86,39.34,{}
2026-08-11 13:00:00+00:00,AWS-001,31.27,992.76,39.1,28.6139,77.209,216.0,False,NORMAL,NONE,False,none,31.27,992.76,39.1,{}
2026-08-11 13:05:00+00:00,AWS-001,31.29,992.7,38.34,28.6139,77.209,216.0,False,NORMAL,NONE,False,none,31.29,992.7,38.34,{}
2026-08-11 13:10:00+00:00,AWS-001,31.19,992.74,39.08,28.6139,77.209,216.0,False,NORMAL,NONE,False,none,31.19,992.74,39.08,{}
2026-08-11 13:15:00+00:00,AWS-001,31.24,992.71,38.97,28.6139,77.209,216.0,False,NORMAL,NONE,False,none,31.24,992.71,38.97,{}
2026-08-11 13:20:00+00:00,AWS-001,31.5,992.69,38.23,28.6139,77.209,216.0,False,NORMAL,NONE,False,none,31.5,992.69,38.23,{}
2026-08-11 13:25:00+00:00,AWS-001,31.5,992.53,37.3,28.6139,77.209,216.0,False,NORMAL,NONE,False,none,31.5,992.53,37.3,{}
2026-08-11 13:30:00+00:00,AWS-001,31.38,992.57,37.62,28.6139,77.209,216.0,False,NORMAL,NONE,False,none,31.38,992.57,37.62,{}
2026-08-11 13:35:00+00:00,AWS-001,31.34,992.5,36.51,28.6139,77.209,216.0,False,NORMAL,NONE,False,none,31.34,992.5,36.51,{}
2026-08-11 13:40:00+00:00,AWS-001,31.42,992.54,36.16,28.6139,77.209,216.0,False,NORMAL,NONE,False,none,31.42,992.54,36.16,{}
2026-08-11 13:45:00+00:00,AWS-001,31.39,992.52,36.06,28.6139,77.209,216.0,False,NORMAL,NONE,False,none,31.39,992.52,36.06,{}
2026-08-11 13:50:00+00:00,AWS-001,31.52,992.46,36.21,28.6139,77.209,216.0,False,NORMAL,NONE,False,none,31.52,992.46,36.21,{}
2026-08-11 13:55:00+00:00,AWS-001,31.63,992.34,37.33,28.6139,77.209,216.0,False,NORMAL,NONE,False,none,31.63,992.34,37.33,{}
2026-08-11 14:00:00+00:00,AWS-001,31.79,992.45,37.31,28.6139,77.209,216.0,False,NORMAL,NONE,False,none,31.79,992.45,37.31,{}
2026-08-11 14:05:00+00:00,AWS-001,32.02,992.46,37.67,28.6139,77.209,216.0,False,NORMAL,NONE,False,none,32.02,992.46,37.67,{}
2026-08-11 14:10:00+00:00,AWS-001,32.15,992.48,37.6,28.6139,77.209,216.0,False,NORMAL,NONE,False,none,32.15,992.48,37.6,{}
2026-08-11 14:15:00+00:00,AWS-001,31.94,992.55,38.49,28.6139,77.209,216.0,False,NORMAL,NONE,False,none,31.94,992.55,38.49,{}
2026-08-11 14:20:00+00:00,AWS-001,31.77,992.52,39.73,28.6139,77.209,216.0,False,NORMAL,NONE,False,none,31.77,992.52,39.73,{}
2026-08-11 14:25:00+00:00,AWS-001,31.74,992.56,38.87,28.6139,77.209,216.0,False,NORMAL,NONE,False,none,31.74,992.56,38.87,{}
2026-08-11 14:30:00+00:00,AWS-001,31.66,992.49,38.23,28.6139,77.209,216.0,False,NORMAL,NONE,False,none,31.66,992.49,38.23,{}
2026-08-11 14:35:00+00:00,AWS-001,31.47,992.49,38.87,28.6139,77.209,216.0,False,NORMAL,NONE,False,none,31.47,992.49,38.87,{}
2026-08-11 14:40:00+00:00,AWS-001,31.41,992.41,38.76,28.6139,77.209,216.0,False,NORMAL,NONE,False,none,31.41,992.41,38.76,{}
2026-08-11 14:45:00+00:00,AWS-001,31.35,992.35,38.84,28.6139,77.209,216.0,False,NORMAL,NONE,False,none,31.35,992.35,38.84,{}
2026-08-11 14:50:00+00:00,AWS-001,31.26,992.32,38.69,28.6139,77.209,216.0,False,NORMAL,NONE,False,none,31.26,992.32,38.69,{}
2026-08-11 14:55:00+00:00,AWS-001,31.24,992.22,38.22,28.6139,77.209,216.0,False,NORMAL,NONE,False,none,31.24,992.22,38.22,{}
2026-08-11 15:00:00+00:00,AWS-001,31.46,992.22,38.71,28.6139,77.209,216.0,False,NORMAL,NONE,False,none,31.46,992.22,38.71,{}
2026-08-11 15:05:00+00:00,AWS-001,31.49,992.18,37.75,28.6139,77.209,216.0,False,NORMAL,NONE,False,none,31.49,992.18,37.75,{}
2026-08-11 15:10:00+00:00,AWS-001,31.89,992.04,37.28,28.6139,77.209,216.0,False,NORMAL,NONE,False,none,31.89,992.04,37.28,{}
2026-08-11 15:15:00+00:00,AWS-001,31.85,992.01,37.56,28.6139,77.209,216.0,False,NORMAL,NONE,False,none,31.85,992.01,37.56,{}
2026-08-11 15:20:00+00:00,AWS-001,31.74,991.99,36.65,28.6139,77.209,216.0,False,NORMAL,NONE,False,none,31.74,991.99,36.65,{}
2026-08-11 15:25:00+00:00,AWS-001,31.68,992.04,36.27,28.6139,77.209,216.0,False,NORMAL,NONE,False,none,31.68,992.04,36.27,{}
2026-08-11 15:30:00+00:00,AWS-001,31.66,992.05,35.98,28.6139,77.209,216.0,False,NORMAL,NONE,False,none,31.66,992.05,35.98,{}
2026-08-11 15:35:00+00:00,AWS-001,31.66,992.14,36.46,28.6139,77.209,216.0,False,NORMAL,NONE,False,none,31.66,992.14,36.46,{}
2026-08-11 15:40:00+00:00,AWS-001,31.94,992.16,35.72,28.6139,77.209,216.0,False,NORMAL,NONE,False,none,31.94,992.16,35.72,{}
2026-08-11 15:45:00+00:00,AWS-001,31.68,992.12,36.29,28.6139,77.209,216.0,False,NORMAL,NONE,False,none,31.68,992.12,36.29,{}
2026-08-11 15:50:00+00:00,AWS-001,31.73,992.12,35.34,28.6139,77.209,216.0,False,NORMAL,NONE,False,none,31.73,992.12,35.34,{}
2026-08-11 15:55:00+00:00,AWS-001,31.66,992.1,37.17,28.6139,77.209,216.0,False,NORMAL,NONE,False,none,31.66,992.1,37.17,{}
2026-08-11 16:00:00+00:00,AWS-001,31.29,992.13,37.95,28.6139,77.209,216.0,False,NORMAL,NONE,False,none,31.29,992.13,37.95,{}
2026-08-11 16:05:00+00:00,AWS-001,31.35,992.14,38.1,28.6139,77.209,216.0,False,NORMAL,NONE,False,none,31.35,992.14,38.1,{}
2026-08-11 16:10:00+00:00,AWS-001,31.47,992.11,37.41,28.6139,77.209,216.0,False,NORMAL,NONE,False,none,31.47,992.11,37.41,{}
2026-08-11 16:15:00+00:00,AWS-001,31.21,992.12,37.52,28.6139,77.209,216.0,False,NORMAL,NONE,False,none,31.21,992.12,37.52,{}
2026-08-11 16:20:00+00:00,AWS-001,31.12,992.17,38.97,28.6139,77.209,216.0,False,NORMAL,NONE,False,none,31.12,992.17,38.97,{}
2026-08-11 16:25:00+00:00,AWS-001,30.74,992.12,38.44,28.6139,77.209,216.0,False,NORMAL,NONE,False,none,30.74,992.12,38.44,{}
2026-08-11 16:30:00+00:00,AWS-001,30.48,992.16,39.27,28.6139,77.209,216.0,False,NORMAL,NONE,False,none,30.48,992.16,39.27,{}
2026-08-11 16:35:00+00:00,AWS-001,30.61,992.09,38.21,28.6139,77.209,216.0,False,NORMAL,NONE,False,none,30.61,992.09,38.21,{}
2026-08-11 16:40:00+00:00,AWS-001,30.47,992.19,38.4,28.6139,77.209,216.0,False,NORMAL,NONE,False,none,30.47,992.19,38.4,{}
2026-08-11 16:45:00+00:00,AWS-001,30.23,992.24,38.7,28.6139,77.209,216.0,False,NORMAL,NONE,False,none,30.23,992.24,38.7,{}
2026-08-11 16:50:00+00:00,AWS-001,30.23,992.37,38.27,28.6139,77.209,216.0,False,NORMAL,NONE,False,none,30.23,992.37,38.27,{}
2026-08-11 16:55:00+00:00,AWS-001,30.09,992.32,38.86,28.6139,77.209,216.0,False,NORMAL,NONE,False,none,30.09,992.32,38.86,{}
2026-08-11 17:00:00+00:00,AWS-001,29.96,992.42,37.74,28.6139,77.209,216.0,False,NORMAL,NONE,False,none,29.96,992.42,37.74,{}
2026-08-11 17:05:00+00:00,AWS-001,30.04,992.5,37.78,28.6139,77.209,216.0,False,NORMAL,NONE,False,none,30.04,992.5,37.78,{}
2026-08-11 17:10:00+00:00,AWS-001,29.78,992.51,38.73,28.6139,77.209,216.0,False,NORMAL,NONE,False,none,29.78,992.51,38.73,{}
2026-08-11 17:15:00+00:00,AWS-001,29.58,992.51,38.68,28.6139,77.209,216.0,False,NORMAL,NONE,False,none,29.58,992.51,38.68,{}
2026-08-11 17:20:00+00:00,AWS-001,29.56,992.48,40.08,28.6139,77.209,216.0,False,NORMAL,NONE,False,none,29.56,992.48,40.08,{}
2026-08-11 17:25:00+00:00,AWS-001,29.67,992.44,39.65,28.6139,77.209,216.0,False,NORMAL,NONE,False,none,29.67,992.44,39.65,{}
2026-08-11 17:30:00+00:00,AWS-001,29.8,992.44,39.43,28.6139,77.209,216.0,False,NORMAL,NONE,False,none,29.8,992.44,39.43,{}
2026-08-11 17:35:00+00:00,AWS-001,29.58,992.42,39.79,28.6139,77.209,216.0,False,NORMAL,NONE,False,none,29.58,992.42,39.79,{}
2026-08-11 17:40:00+00:00,AWS-001,29.64,992.57,39.84,28.6139,77.209,216.0,False,NORMAL,NONE,False,none,29.64,992.57,39.84,{}
2026-08-11 17:45:00+00:00,AWS-001,29.39,992.53,41.47,28.6139,77.209,216.0,False,NORMAL,NONE,False,none,29.39,992.53,41.47,{}
2026-08-11 17:50:00+00:00,AWS-001,29.59,992.6,42.61,28.6139,77.209,216.0,False,NORMAL,NONE,False,none,29.59,992.6,42.61,{}
2026-08-11 17:55:00+00:00,AWS-001,29.26,992.68,43.69,28.6139,77.209,216.0,False,NORMAL,NONE,False,none,29.26,992.68,43.69,{}
2026-08-11 18:00:00+00:00,AWS-001,29.37,992.76,43.89,28.6139,77.209,216.0,False,NORMAL,NONE,False,none,29.37,992.76,43.89,{}
2026-08-11 18:05:00+00:00,AWS-001,29.11,992.84,45.3,28.6139,77.209,216.0,False,NORMAL,NONE,False,none,29.11,992.84,45.3,{}
2026-08-11 18:10:00+00:00,AWS-001,29.32,992.95,44.53,28.6139,77.209,216.0,False,NORMAL,NONE,False,none,29.32,992.95,44.53,{}
2026-08-11 18:15:00+00:00,AWS-001,29.25,992.97,45.32,28.6139,77.209,216.0,False,NORMAL,NONE,False,none,29.25,992.97,45.32,{}
2026-08-11 18:20:00+00:00,AWS-001,28.9,993.03,46.2,28.6139,77.209,216.0,False,NORMAL,NONE,False,none,28.9,993.03,46.2,{}
2026-08-11 18:25:00+00:00,AWS-001,28.66,993.07,46.41,28.6139,77.209,216.0,False,NORMAL,NONE,False,none,28.66,993.07,46.41,{}
2026-08-11 18:30:00+00:00,AWS-001,28.65,993.2,46.24,28.6139,77.209,216.0,False,NORMAL,NONE,False,none,28.65,993.2,46.24,{}
2026-08-11 18:35:00+00:00,AWS-001,28.68,993.37,44.64,28.6139,77.209,216.0,False,NORMAL,NONE,False,none,28.68,993.37,44.64,{}
2026-08-11 18:40:00+00:00,AWS-001,28.49,993.34,45.13,28.6139,77.209,216.0,False,NORMAL,NONE,False,none,28.49,993.34,45.13,{}
2026-08-11 18:45:00+00:00,AWS-001,28.33,993.27,44.4,28.6139,77.209,216.0,False,NORMAL,NONE,False,none,28.33,993.27,44.4,{}
2026-08-11 18:50:00+00:00,AWS-001,28.29,993.36,43.48,28.6139,77.209,216.0,False,NORMAL,NONE,False,none,28.29,993.36,43.48,{}
2026-08-11 18:55:00+00:00,AWS-001,28.14,993.48,44.17,28.6139,77.209,216.0,False,NORMAL,NONE,False,none,28.14,993.48,44.17,{}
2026-08-11 19:00:00+00:00,AWS-001,27.75,993.64,44.61,28.6139,77.209,216.0,False,NORMAL,NONE,False,none,27.75,993.64,44.61,{}
2026-08-11 19:05:00+00:00,AWS-001,27.47,993.73,45.57,28.6139,77.209,216.0,False,NORMAL,NONE,False,none,27.47,993.73,45.57,{}
2026-08-11 19:10:00+00:00,AWS-001,27.38,993.85,46.07,28.6139,77.209,216.0,False,NORMAL,NONE,False,none,27.38,993.85,46.07,{}
2026-08-11 19:15:00+00:00,AWS-001,27.45,993.98,46.14,28.6139,77.209,216.0,False,NORMAL,NONE,False,none,27.45,993.98,46.14,{}
2026-08-11 19:20:00+00:00,AWS-001,27.56,994.09,45.36,28.6139,77.209,216.0,False,NORMAL,NONE,False,none,27.56,994.09,45.36,{}
2026-08-11 19:25:00+00:00,AWS-001,27.5,994.16,46.26,28.6139,77.209,216.0,False,NORMAL,NONE,False,none,27.5,994.16,46.26,{}
2026-08-11 19:30:00+00:00,AWS-001,27.34,994.11,46.67,28.6139,77.209,216.0,False,NORMAL,NONE,False,none,27.34,994.11,46.67,{}
2026-08-11 19:35:00+00:00,AWS-001,27.27,994.14,47.21,28.6139,77.209,216.0,False,NORMAL,NONE,False,none,27.27,994.14,47.21,{}
2026-08-11 19:40:00+00:00,AWS-001,26.95,994.18,47.35,28.6139,77.209,216.0,False,NORMAL,NONE,False,none,26.95,994.18,47.35,{}
2026-08-11 19:45:00+00:00,AWS-001,26.74,994.21,47.96,28.6139,77.209,216.0,False,NORMAL,NONE,False,none,26.74,994.21,47.96,{}
2026-08-11 19:50:00+00:00,AWS-001,26.42,994.23,49.68,28.6139,77.209,216.0,False,NORMAL,NONE,False,none,26.42,994.23,49.68,{}
2026-08-11 19:55:00+00:00,AWS-001,26.06,994.36,51.37,28.6139,77.209,216.0,False,NORMAL,NONE,False,none,26.06,994.36,51.37,{}
2026-08-11 20:00:00+00:00,AWS-001,25.98,994.34,51.0,28.6139,77.209,216.0,False,NORMAL,NONE,False,none,25.98,994.34,51.0,{}
2026-08-11 20:05:00+00:00,AWS-001,25.88,994.41,50.97,28.6139,77.209,216.0,False,NORMAL,NONE,False,none,25.88,994.41,50.97,{}
2026-08-11 20:10:00+00:00,AWS-001,25.85,994.45,50.48,28.6139,77.209,216.0,False,NORMAL,NONE,False,none,25.85,994.45,50.48,{}
2026-08-11 20:15:00+00:00,AWS-001,25.78,994.43,50.39,28.6139,77.209,216.0,False,NORMAL,NONE,False,none,25.78,994.43,50.39,{}
2026-08-11 20:20:00+00:00,AWS-001,25.66,994.39,50.07,28.6139,77.209,216.0,False,NORMAL,NONE,False,none,25.66,994.39,50.07,{}
2026-08-11 20:25:00+00:00,AWS-001,25.58,994.32,50.49,28.6139,77.209,216.0,False,NORMAL,NONE,False,none,25.58,994.32,50.49,{}
2026-08-11 20:30:00+00:00,AWS-001,25.4,994.39,51.72,28.6139,77.209,216.0,False,NORMAL,NONE,False,none,25.4,994.39,51.72,{}
2026-08-11 20:35:00+00:00,AWS-001,25.29,994.42,51.69,28.6139,77.209,216.0,False,NORMAL,NONE,False,none,25.29,994.42,51.69,{}
2026-08-11 20:40:00+00:00,AWS-001,25.0,994.41,52.79,28.6139,77.209,216.0,False,NORMAL,NONE,False,none,25.0,994.41,52.79,{}
2026-08-11 20:45:00+00:00,AWS-001,24.9,994.34,53.14,28.6139,77.209,216.0,False,NORMAL,NONE,False,none,24.9,994.34,53.14,{}
2026-08-11 20:50:00+00:00,AWS-001,24.85,994.4,54.14,28.6139,77.209,216.0,False,NORMAL,NONE,False,none,24.85,994.4,54.14,{}
2026-08-11 20:55:00+00:00,AWS-001,24.57,994.43,54.74,28.6139,77.209,216.0,False,NORMAL,NONE,False,none,24.57,994.43,54.74,{}
2026-08-11 21:00:00+00:00,AWS-001,24.42,994.43,54.96,28.6139,77.209,216.0,False,NORMAL,NONE,False,none,24.42,994.43,54.96,{}
2026-08-11 21:05:00+00:00,AWS-001,24.16,994.41,55.44,28.6139,77.209,216.0,False,NORMAL,NONE,False,none,24.16,994.41,55.44,{}
2026-08-11 21:10:00+00:00,AWS-001,23.93,994.43,55.69,28.6139,77.209,216.0,False,NORMAL,NONE,False,none,23.93,994.43,55.69,{}
2026-08-11 21:15:00+00:00,AWS-001,23.62,994.5,57.41,28.6139,77.209,216.0,False,NORMAL,NONE,False,none,23.62,994.5,57.41,{}
2026-08-11 21:20:00+00:00,AWS-001,23.72,994.51,57.14,28.6139,77.209,216.0,False,NORMAL,NONE,False,none,23.72,994.51,57.14,{}
2026-08-11 21:25:00+00:00,AWS-001,23.76,994.47,57.19,28.6139,77.209,216.0,False,NORMAL,NONE,False,none,23.76,994.47,57.19,{}
2026-08-11 21:30:00+00:00,AWS-001,23.7,994.5,58.37,28.6139,77.209,216.0,False,NORMAL,NONE,False,none,23.7,994.5,58.37,{}
2026-08-11 21:35:00+00:00,AWS-001,23.86,994.59,58.63,28.6139,77.209,216.0,False,NORMAL,NONE,False,none,23.86,994.59,58.63,{}
2026-08-11 21:40:00+00:00,AWS-001,23.63,994.61,58.27,28.6139,77.209,216.0,False,NORMAL,NONE,False,none,23.63,994.61,58.27,{}
2026-08-11 21:45:00+00:00,AWS-001,23.95,994.63,57.62,28.6139,77.209,216.0,False,NORMAL,NONE,False,none,23.95,994.63,57.62,{}
2026-08-11 21:50:00+00:00,AWS-001,23.67,994.63,58.7,28.6139,77.209,216.0,False,NORMAL,NONE,False,none,23.67,994.63,58.7,{}
2026-08-11 21:55:00+00:00,AWS-001,23.49,994.59,59.01,28.6139,77.209,216.0,False,NORMAL,NONE,False,none,23.49,994.59,59.01,{}
2026-08-11 22:00:00+00:00,AWS-001,23.21,994.55,60.23,28.6139,77.209,216.0,False,NORMAL,NONE,False,none,23.21,994.55,60.23,{}
2026-08-11 22:05:00+00:00,AWS-001,23.07,994.47,59.6,28.6139,77.209,216.0,False,NORMAL,NONE,False,none,23.07,994.47,59.6,{}
2026-08-11 22:10:00+00:00,AWS-001,23.02,994.56,60.87,28.6139,77.209,216.0,False,NORMAL,NONE,False,none,23.02,994.56,60.87,{}
2026-08-11 22:15:00+00:00,AWS-001,22.8,994.59,62.0,28.6139,77.209,216.0,False,NORMAL,NONE,False,none,22.8,994.59,62.0,{}
2026-08-11 22:20:00+00:00,AWS-001,22.9,994.6,60.99,28.6139,77.209,216.0,False,NORMAL,NONE,False,none,22.9,994.6,60.99,{}
2026-08-11 22:25:00+00:00,AWS-001,22.73,994.62,61.31,28.6139,77.209,216.0,False,NORMAL,NONE,False,none,22.73,994.62,61.31,{}
2026-08-11 22:30:00+00:00,AWS-001,22.57,994.64,60.92,28.6139,77.209,216.0,False,NORMAL,NONE,False,none,22.57,994.64,60.92,{}
2026-08-11 22:35:00+00:00,AWS-001,22.21,994.59,62.31,28.6139,77.209,216.0,False,NORMAL,NONE,False,none,22.21,994.59,62.31,{}
2026-08-11 22:40:00+00:00,AWS-001,22.11,994.56,62.63,28.6139,77.209,216.0,False,NORMAL,NONE,False,none,22.11,994.56,62.63,{}
2026-08-11 22:45:00+00:00,AWS-001,21.91,994.52,62.8,28.6139,77.209,216.0,False,NORMAL,NONE,False,none,21.91,994.52,62.8,{}
2026-08-11 22:50:00+00:00,AWS-001,21.65,994.66,64.67,28.6139,77.209,216.0,False,NORMAL,NONE,False,none,21.65,994.66,64.67,{}
2026-08-11 22:55:00+00:00,AWS-001,21.38,994.7,66.79,28.6139,77.209,216.0,False,NORMAL,NONE,False,none,21.38,994.7,66.79,{}
2026-08-11 23:00:00+00:00,AWS-001,21.7,994.68,65.51,28.6139,77.209,216.0,False,NORMAL,NONE,False,none,21.7,994.68,65.51,{}
2026-08-11 23:05:00+00:00,AWS-001,21.48,994.72,66.24,28.6139,77.209,216.0,False,NORMAL,NONE,False,none,21.48,994.72,66.24,{}
2026-08-11 23:10:00+00:00,AWS-001,21.08,994.75,68.24,28.6139,77.209,216.0,False,NORMAL,NONE,False,none,21.08,994.75,68.24,{}
2026-08-11 23:15:00+00:00,AWS-001,20.85,994.63,69.25,28.6139,77.209,216.0,False,NORMAL,NONE,False,none,20.85,994.63,69.25,{}
2026-08-11 23:20:00+00:00,AWS-001,20.74,994.57,69.06,28.6139,77.209,216.0,False,NORMAL,NONE,False,none,20.74,994.57,69.06,{}
2026-08-11 23:25:00+00:00,AWS-001,20.73,994.53,68.81,28.6139,77.209,216.0,False,NORMAL,NONE,False,none,20.73,994.53,68.81,{}
2026-08-11 23:30:00+00:00,AWS-001,20.71,994.52,68.85,28.6139,77.209,216.0,False,NORMAL,NONE,False,none,20.71,994.52,68.85,{}
2026-08-11 23:35:00+00:00,AWS-001,20.7,994.46,69.2,28.6139,77.209,216.0,False,NORMAL,NONE,False,none,20.7,994.46,69.2,{}
2026-08-11 23:40:00+00:00,AWS-001,20.47,994.41,70.34,28.6139,77.209,216.0,False,NORMAL,NONE,False,none,20.47,994.41,70.34,{}
2026-08-11 23:45:00+00:00,AWS-001,20.42,994.34,70.79,28.6139,77.209,216.0,False,NORMAL,NONE,False,none,20.42,994.34,70.79,{}
2026-08-11 23:50:00+00:00,AWS-001,20.16,994.35,71.03,28.6139,77.209,216.0,False,NORMAL,NONE,False,none,20.16,994.35,71.03,{}
2026-08-11 23:55:00+00:00,AWS-001,19.97,994.22,72.52,28.6139,77.209,216.0,False,NORMAL,NONE,False,none,19.97,994.22,72.52,{}
2026-08-12 00:00:00+00:00,AWS-001,19.68,994.15,73.97,28.6139,77.209,216.0,False,NORMAL,NONE,False,none,19.68,994.15,73.97,{}
2026-08-12 00:05:00+00:00,AWS-001,19.42,993.99,76.86,28.6139,77.209,216.0,False,NORMAL,NONE,False,none,19.42,993.99,76.86,{}
2026-08-12 00:10:00+00:00,AWS-001,19.57,993.9,75.77,28.6139,77.209,216.0,False,NORMAL,NONE,False,none,19.57,993.9,75.77,{}
2026-08-12 00:15:00+00:00,AWS-001,19.62,993.88,75.6,28.6139,77.209,216.0,False,NORMAL,NONE,False,none,19.62,993.88,75.6,{}
2026-08-12 00:20:00+00:00,AWS-001,19.72,993.86,76.85,28.6139,77.209,216.0,False,NORMAL,NONE,False,none,19.72,993.86,76.85,{}
2026-08-12 00:25:00+00:00,AWS-001,19.63,993.8,76.98,28.6139,77.209,216.0,False,NORMAL,NONE,False,none,19.63,993.8,76.98,{}
2026-08-12 00:30:00+00:00,AWS-001,19.68,993.83,76.4,28.6139,77.209,216.0,False,NORMAL,NONE,False,none,19.68,993.83,76.4,{}
2026-08-12 00:35:00+00:00,AWS-001,19.29,993.86,77.33,28.6139,77.209,216.0,False,NORMAL,NONE,False,none,19.29,993.86,77.33,{}
2026-08-12 00:40:00+00:00,AWS-001,19.38,993.8,77.74,28.6139,77.209,216.0,False,NORMAL,NONE,False,none,19.38,993.8,77.74,{}
2026-08-12 00:45:00+00:00,AWS-001,19.34,993.77,76.94,28.6139,77.209,216.0,False,NORMAL,NONE,False,none,19.34,993.77,76.94,{}
2026-08-12 00:50:00+00:00,AWS-001,19.37,993.68,76.94,28.6139,77.209,216.0,False,NORMAL,NONE,False,none,19.37,993.68,76.94,{}
2026-08-12 00:55:00+00:00,AWS-001,19.35,993.67,76.58,28.6139,77.209,216.0,False,NORMAL,NONE,False,none,19.35,993.67,76.58,{}
2026-08-12 01:00:00+00:00,AWS-001,19.11,993.54,77.57,28.6139,77.209,216.0,False,NORMAL,NONE,False,none,19.11,993.54,77.57,{}
2026-08-12 01:05:00+00:00,AWS-001,18.8,993.6,78.11,28.6139,77.209,216.0,False,NORMAL,NONE,False,none,18.8,993.6,78.11,{}
2026-08-12 01:10:00+00:00,AWS-001,18.66,993.6,79.76,28.6139,77.209,216.0,False,NORMAL,NONE,False,none,18.66,993.6,79.76,{}
2026-08-12 01:15:00+00:00,AWS-001,18.74,993.47,79.12,28.6139,77.209,216.0,False,NORMAL,NONE,False,none,18.74,993.47,79.12,{}
2026-08-12 01:20:00+00:00,AWS-001,18.84,993.37,77.89,28.6139,77.209,216.0,False,NORMAL,NONE,False,none,18.84,993.37,77.89,{}
2026-08-12 01:25:00+00:00,AWS-001,18.57,993.34,80.09,28.6139,77.209,216.0,False,NORMAL,NONE,False,none,18.57,993.34,80.09,{}
2026-08-12 01:30:00+00:00,AWS-001,18.4,993.27,80.6,28.6139,77.209,216.0,False,NORMAL,NONE,False,none,18.4,993.27,80.6,{}
2026-08-12 01:35:00+00:00,AWS-001,18.3,993.25,81.38,28.6139,77.209,216.0,False,NORMAL,NONE,False,none,18.3,993.25,81.38,{}
2026-08-12 01:40:00+00:00,AWS-001,18.26,993.17,82.08,28.6139,77.209,216.0,False,NORMAL,NONE,False,none,18.26,993.17,82.08,{}
2026-08-12 01:45:00+00:00,AWS-001,18.06,993.21,83.32,28.6139,77.209,216.0,False,NORMAL,NONE,False,none,18.06,993.21,83.32,{}
2026-08-12 01:50:00+00:00,AWS-001,17.88,993.16,82.78,28.6139,77.209,216.0,False,NORMAL,NONE,False,none,17.88,993.16,82.78,{}
2026-08-12 01:55:00+00:00,AWS-001,17.82,993.25,83.66,28.6139,77.209,216.0,False,NORMAL,NONE,False,none,17.82,993.25,83.66,{}
2026-08-12 02:00:00+00:00,AWS-001,17.91,993.22,83.12,28.6139,77.209,216.0,False,NORMAL,NONE,False,none,17.91,993.22,83.12,{}
2026-08-12 02:05:00+00:00,AWS-001,17.78,993.07,83.61,28.6139,77.209,216.0,False,NORMAL,NONE,False,none,17.78,993.07,83.61,{}
2026-08-12 02:10:00+00:00,AWS-001,17.85,993.14,83.25,28.6139,77.209,216.0,False,NORMAL,NONE,False,none,17.85,993.14,83.25,{}
2026-08-12 02:15:00+00:00,AWS-001,18.11,993.14,80.95,28.6139,77.209,216.0,False,NORMAL,NONE,False,none,18.11,993.14,80.95,{}
2026-08-12 02:20:00+00:00,AWS-001,17.94,993.1,82.14,28.6139,77.209,216.0,False,NORMAL,NONE,False,none,17.94,993.1,82.14,{}
2026-08-12 02:25:00+00:00,AWS-001,17.98,993.07,81.24,28.6139,77.209,216.0,False,NORMAL,NONE,False,none,17.98,993.07,81.24,{}
2026-08-12 02:30:00+00:00,AWS-001,18.22,992.94,80.07,28.6139,77.209,216.0,False,NORMAL,NONE,False,none,18.22,992.94,80.07,{}
2026-08-12 02:35:00+00:00,AWS-001,18.2,992.78,80.55,28.6139,77.209,216.0,False,NORMAL,NONE,False,none,18.2,992.78,80.55,{}
2026-08-12 02:40:00+00:00,AWS-001,18.15,992.74,81.66,28.6139,77.209,216.0,False,NORMAL,NONE,False,none,18.15,992.74,81.66,{}
2026-08-12 02:45:00+00:00,AWS-001,18.41,992.78,79.91,28.6139,77.209,216.0,False,NORMAL,NONE,False,none,18.41,992.78,79.91,{}
2026-08-12 02:50:00+00:00,AWS-001,18.39,992.76,81.06,28.6139,77.209,216.0,False,NORMAL,NONE,False,none,18.39,992.76,81.06,{}
2026-08-12 02:55:00+00:00,AWS-001,18.61,992.81,80.51,28.6139,77.209,216.0,False,NORMAL,NONE,False,none,18.61,992.81,80.51,{}
2026-08-12 03:00:00+00:00,AWS-001,18.7,992.84,79.69,28.6139,77.209,216.0,False,NORMAL,NONE,False,none,18.7,992.84,79.69,{}
2026-08-12 03:05:00+00:00,AWS-001,18.66,992.8,79.16,28.6139,77.209,216.0,False,NORMAL,NONE,False,none,18.66,992.8,79.16,{}
2026-08-12 03:10:00+00:00,AWS-001,18.76,992.82,77.8,28.6139,77.209,216.0,False,NORMAL,NONE,False,none,18.76,992.82,77.8,{}
2026-08-12 03:15:00+00:00,AWS-001,18.83,992.86,77.82,28.6139,77.209,216.0,False,NORMAL,NONE,False,none,18.83,992.86,77.82,{}
2026-08-12 03:20:00+00:00,AWS-001,19.01,992.8,76.59,28.6139,77.209,216.0,False,NORMAL,NONE,False,none,19.01,992.8,76.59,{}
2026-08-12 03:25:00+00:00,AWS-001,18.92,992.75,77.99,28.6139,77.209,216.0,False,NORMAL,NONE,False,none,18.92,992.75,77.99,{}
2026-08-12 03:30:00+00:00,AWS-001,18.95,992.71,77.5,28.6139,77.209,216.0,False,NORMAL,NONE,False,none,18.95,992.71,77.5,{}
2026-08-12 03:35:00+00:00,AWS-001,18.96,992.54,76.98,28.6139,77.209,216.0,False,NORMAL,NONE,False,none,18.96,992.54,76.98,{}
2026-08-12 03:40:00+00:00,AWS-001,19.1,992.53,76.6,28.6139,77.209,216.0,False,NORMAL,NONE,False,none,19.1,992.53,76.6,{}
2026-08-12 03:45:00+00:00,AWS-001,18.95,992.55,77.04,28.6139,77.209,216.0,False,NORMAL,NONE,False,none,18.95,992.55,77.04,{}
2026-08-12 03:50:00+00:00,AWS-001,19.16,992.54,76.19,28.6139,77.209,216.0,False,NORMAL,NONE,False,none,19.16,992.54,76.19,{}
2026-08-12 03:55:00+00:00,AWS-001,19.27,992.55,76.46,28.6139,77.209,216.0,False,NORMAL,NONE,False,none,19.27,992.55,76.46,{}
2026-08-12 04:00:00+00:00,AWS-001,19.07,992.53,77.5,28.6139,77.209,216.0,False,NORMAL,NONE,False,none,19.07,992.53,77.5,{}
2026-08-12 04:05:00+00:00,AWS-001,19.33,992.4,76.37,28.6139,77.209,216.0,False,NORMAL,NONE,False,none,19.33,992.4,76.37,{}
2026-08-12 04:10:00+00:00,AWS-001,19.74,992.5,74.6,28.6139,77.209,216.0,False,NORMAL,NONE,False,none,19.74,992.5,74.6,{}
2026-08-12 04:15:00+00:00,AWS-001,19.9,992.47,72.77,28.6139,77.209,216.0,False,NORMAL,NONE,False,none,19.9,992.47,72.77,{}
2026-08-12 04:20:00+00:00,AWS-001,20.12,992.44,72.15,28.6139,77.209,216.0,False,NORMAL,NONE,False,none,20.12,992.44,72.15,{}
2026-08-12 04:25:00+00:00,AWS-001,20.11,992.52,72.41,28.6139,77.209,216.0,False,NORMAL,NONE,False,none,20.11,992.52,72.41,{}
2026-08-12 04:30:00+00:00,AWS-001,19.81,992.58,74.38,28.6139,77.209,216.0,False,NORMAL,NONE,False,none,19.81,992.58,74.38,{}
2026-08-12 04:35:00+00:00,AWS-001,19.54,992.6,76.02,28.6139,77.209,216.0,False,NORMAL,NONE,False,none,19.54,992.6,76.02,{}
2026-08-12 04:40:00+00:00,AWS-001,19.65,992.65,75.27,28.6139,77.209,216.0,False,NORMAL,NONE,False,none,19.65,992.65,75.27,{}
2026-08-12 04:45:00+00:00,AWS-001,19.63,992.58,76.0,28.6139,77.209,216.0,False,NORMAL,NONE,False,none,19.63,992.58,76.0,{}
2026-08-12 04:50:00+00:00,AWS-001,19.56,992.59,75.98,28.6139,77.209,216.0,False,NORMAL,NONE,False,none,19.56,992.59,75.98,{}
2026-08-12 04:55:00+00:00,AWS-001,19.66,992.68,75.6,28.6139,77.209,216.0,False,NORMAL,NONE,False,none,19.66,992.68,75.6,{}
2026-08-12 05:00:00+00:00,AWS-001,19.87,992.65,74.34,28.6139,77.209,216.0,False,NORMAL,NONE,False,none,19.87,992.65,74.34,{}
2026-08-12 05:05:00+00:00,AWS-001,19.72,992.61,75.26,28.6139,77.209,216.0,False,NORMAL,NONE,False,none,19.72,992.61,75.26,{}
2026-08-12 05:10:00+00:00,AWS-001,19.77,992.64,74.7,28.6139,77.209,216.0,False,NORMAL,NONE,False,none,19.77,992.64,74.7,{}
2026-08-12 05:15:00+00:00,AWS-001,20.15,992.67,73.96,28.6139,77.209,216.0,False,NORMAL,NONE,False,none,20.15,992.67,73.96,{}
2026-08-12 05:20:00+00:00,AWS-001,20.07,992.74,75.4,28.6139,77.209,216.0,False,NORMAL,NONE,False,none,20.07,992.74,75.4,{}
2026-08-12 05:25:00+00:00,AWS-001,20.34,992.68,74.41,28.6139,77.209,216.0,False,NORMAL,NONE,False,none,20.34,992.68,74.41,{}
2026-08-12 05:30:00+00:00,AWS-001,20.37,992.57,74.9,28.6139,77.209,216.0,False,NORMAL,NONE,False,none,20.37,992.57,74.9,{}
2026-08-12 05:35:00+00:00,AWS-001,20.57,992.68,72.55,28.6139,77.209,216.0,False,NORMAL,NONE,False,none,20.57,992.68,72.55,{}
2026-08-12 05:40:00+00:00,AWS-001,20.86,992.66,70.16,28.6139,77.209,216.0,False,NORMAL,NONE,False,none,20.86,992.66,70.16,{}
2026-08-12 05:45:00+00:00,AWS-001,21.07,992.67,68.99,28.6139,77.209,216.0,False,NORMAL,NONE,False,none,21.07,992.67,68.99,{}
2026-08-12 05:50:00+00:00,AWS-001,21.29,992.6,68.04,28.6139,77.209,216.0,False,NORMAL,NONE,False,none,21.29,992.6,68.04,{}
2026-08-12 05:55:00+00:00,AWS-001,21.17,992.73,68.42,28.6139,77.209,216.0,False,NORMAL,NONE,False,none,21.17,992.73,68.42,{}
2026-08-12 06:00:00+00:00,AWS-001,21.44,992.81,66.22,28.6139,77.209,216.0,False,NORMAL,NONE,False,none,21.44,992.81,66.22,{}
2026-08-12 06:05:00+00:00,AWS-001,21.38,992.89,67.38,28.6139,77.209,216.0,False,NORMAL,NONE,False,none,21.38,992.89,67.38,{}
2026-08-12 06:10:00+00:00,AWS-001,21.52,992.96,68.18,28.6139,77.209,216.0,False,NORMAL,NONE,False,none,21.52,992.96,68.18,{}
2026-08-12 06:15:00+00:00,AWS-001,21.66,992.9,68.23,28.6139,77.209,216.0,False,NORMAL,NONE,False,none,21.66,992.9,68.23,{}
2026-08-12 06:20:00+00:00,AWS-001,21.84,992.9,67.93,28.6139,77.209,216.0,False,NORMAL,NONE,False,none,21.84,992.9,67.93,{}
2026-08-12 06:25:00+00:00,AWS-001,21.98,992.95,67.15,28.6139,77.209,216.0,False,NORMAL,NONE,False,none,21.98,992.95,67.15,{}
2026-08-12 06:30:00+00:00,AWS-001,21.93,992.97,66.51,28.6139,77.209,216.0,False,NORMAL,NONE,False,none,21.93,992.97,66.51,{}
2026-08-12 06:35:00+00:00,AWS-001,21.82,993.03,66.83,28.6139,77.209,216.0,False,NORMAL,NONE,False,none,21.82,993.03,66.83,{}
2026-08-12 06:40:00+00:00,AWS-001,22.11,993.12,66.87,28.6139,77.209,216.0,False,NORMAL,NONE,False,none,22.11,993.12,66.87,{}
2026-08-12 06:45:00+00:00,AWS-001,22.26,993.25,65.71,28.6139,77.209,216.0,False,NORMAL,NONE,False,none,22.26,993.25,65.71,{}
2026-08-12 06:50:00+00:00,AWS-001,22.57,993.23,63.97,28.6139,77.209,216.0,False,NORMAL,NONE,False,none,22.57,993.23,63.97,{}
2026-08-12 06:55:00+00:00,AWS-001,22.67,993.3,64.14,28.6139,77.209,216.0,False,NORMAL,NONE,False,none,22.67,993.3,64.14,{}
2026-08-12 07:00:00+00:00,AWS-001,22.54,993.41,65.13,28.6139,77.209,216.0,False,NORMAL,NONE,False,none,22.54,993.41,65.13,{}
2026-08-12 07:05:00+00:00,AWS-001,22.84,993.42,63.14,28.6139,77.209,216.0,False,NORMAL,NONE,False,none,22.84,993.42,63.14,{}
2026-08-12 07:10:00+00:00,AWS-001,22.9,993.48,62.57,28.6139,77.209,216.0,False,NORMAL,NONE,False,none,22.9,993.48,62.57,{}
2026-08-12 07:15:00+00:00,AWS-001,23.08,993.57,61.43,28.6139,77.209,216.0,False,NORMAL,NONE,False,none,23.08,993.57,61.43,{}
2026-08-12 07:20:00+00:00,AWS-001,23.1,993.64,61.35,28.6139,77.209,216.0,False,NORMAL,NONE,False,none,23.1,993.64,61.35,{}
2026-08-12 07:25:00+00:00,AWS-001,23.51,993.74,60.49,28.6139,77.209,216.0,False,NORMAL,NONE,False,none,23.51,993.74,60.49,{}
2026-08-12 07:30:00+00:00,AWS-001,23.47,993.8,59.96,28.6139,77.209,216.0,False,NORMAL,NONE,False,none,23.47,993.8,59.96,{}
2026-08-12 07:35:00+00:00,AWS-001,23.55,993.84,60.34,28.6139,77.209,216.0,False,NORMAL,NONE,False,none,23.55,993.84,60.34,{}
2026-08-12 07:40:00+00:00,AWS-001,23.7,993.83,59.7,28.6139,77.209,216.0,False,NORMAL,NONE,False,none,23.7,993.83,59.7,{}
2026-08-12 07:45:00+00:00,AWS-001,23.65,993.9,61.2,28.6139,77.209,216.0,False,NORMAL,NONE,False,none,23.65,993.9,61.2,{}
2026-08-12 07:50:00+00:00,AWS-001,23.87,993.97,60.32,28.6139,77.209,216.0,False,NORMAL,NONE,False,none,23.87,993.97,60.32,{}
2026-08-12 07:55:00+00:00,AWS-001,24.29,993.97,58.5,28.6139,77.209,216.0,False,NORMAL,NONE,False,none,24.29,993.97,58.5,{}
2026-08-12 08:00:00+00:00,AWS-001,24.32,994.06,58.49,28.6139,77.209,216.0,False,NORMAL,NONE,False,none,24.32,994.06,58.49,{}
2026-08-12 08:05:00+00:00,AWS-001,24.52,994.19,57.35,28.6139,77.209,216.0,False,NORMAL,NONE,False,none,24.52,994.19,57.35,{}
2026-08-12 08:10:00+00:00,AWS-001,24.19,994.19,57.15,28.6139,77.209,216.0,False,NORMAL,NONE,False,none,24.19,994.19,57.15,{}
2026-08-12 08:15:00+00:00,AWS-001,24.36,994.2,56.41,28.6139,77.209,216.0,False,NORMAL,NONE,False,none,24.36,994.2,56.41,{}
2026-08-12 08:20:00+00:00,AWS-001,24.49,994.2,55.85,28.6139,77.209,216.0,False,NORMAL,NONE,False,none,24.49,994.2,55.85,{}
2026-08-12 08:25:00+00:00,AWS-001,24.53,994.15,54.75,28.6139,77.209,216.0,False,NORMAL,NONE,False,none,24.53,994.15,54.75,{}
2026-08-12 08:30:00+00:00,AWS-001,24.9,994.33,53.67,28.6139,77.209,216.0,False,NORMAL,NONE,False,none,24.9,994.33,53.67,{}
2026-08-12 08:35:00+00:00,AWS-001,25.01,994.34,52.18,28.6139,77.209,216.0,False,NORMAL,NONE,False,none,25.01,994.34,52.18,{}
2026-08-12 08:40:00+00:00,AWS-001,25.15,994.34,51.86,28.6139,77.209,216.0,False,NORMAL,NONE,False,none,25.15,994.34,51.86,{}
2026-08-12 08:45:00+00:00,AWS-001,25.25,994.32,52.0,28.6139,77.209,216.0,False,NORMAL,NONE,False,none,25.25,994.32,52.0,{}
2026-08-12 08:50:00+00:00,AWS-001,25.11,994.34,52.79,28.6139,77.209,216.0,False,NORMAL,NONE,False,none,25.11,994.34,52.79,{}
2026-08-12 08:55:00+00:00,AWS-001,25.12,994.35,52.69,28.6139,77.209,216.0,False,NORMAL,NONE,False,none,25.12,994.35,52.69,{}
2026-08-12 09:00:00+00:00,AWS-001,25.5,994.48,51.64,28.6139,77.209,216.0,False,NORMAL,NONE,False,none,25.5,994.48,51.64,{}
2026-08-12 09:05:00+00:00,AWS-001,25.35,994.44,51.85,28.6139,77.209,216.0,False,NORMAL,NONE,False,none,25.35,994.44,51.85,{}
2026-08-12 09:10:00+00:00,AWS-001,25.45,994.39,51.78,28.6139,77.209,216.0,False,NORMAL,NONE,False,none,25.45,994.39,51.78,{}
2026-08-12 09:15:00+00:00,AWS-001,25.61,994.46,51.51,28.6139,77.209,216.0,False,NORMAL,NONE,False,none,25.61,994.46,51.51,{}
2026-08-12 09:20:00+00:00,AWS-001,26.13,994.49,49.52,28.6139,77.209,216.0,False,NORMAL,NONE,False,none,26.13,994.49,49.52,{}
2026-08-12 09:25:00+00:00,AWS-001,26.44,994.51,49.0,28.6139,77.209,216.0,False,NORMAL,NONE,False,none,26.44,994.51,49.0,{}
2026-08-12 09:30:00+00:00,AWS-001,26.5,994.57,49.14,28.6139,77.209,216.0,False,NORMAL,NONE,False,none,26.5,994.57,49.14,{}
2026-08-12 09:35:00+00:00,AWS-001,26.89,994.61,48.04,28.6139,77.209,216.0,False,NORMAL,NONE,False,none,26.89,994.61,48.04,{}
2026-08-12 09:40:00+00:00,AWS-001,26.9,994.63,49.65,28.6139,77.209,216.0,False,NORMAL,NONE,False,none,26.9,994.63,49.65,{}
2026-08-12 09:45:00+00:00,AWS-001,27.22,994.56,48.54,28.6139,77.209,216.0,False,NORMAL,NONE,False,none,27.22,994.56,48.54,{}
2026-08-12 09:50:00+00:00,AWS-001,27.12,994.48,48.55,28.6139,77.209,216.0,False,NORMAL,NONE,False,none,27.12,994.48,48.55,{}
2026-08-12 09:55:00+00:00,AWS-001,27.46,994.47,47.3,28.6139,77.209,216.0,False,NORMAL,NONE,False,none,27.46,994.47,47.3,{}
2026-08-12 10:00:00+00:00,AWS-001,27.52,994.43,46.51,28.6139,77.209,216.0,False,NORMAL,NONE,False,none,27.52,994.43,46.51,{}
2026-08-12 10:05:00+00:00,AWS-001,27.48,994.47,47.14,28.6139,77.209,216.0,False,NORMAL,NONE,False,none,27.48,994.47,47.14,{}
2026-08-12 10:10:00+00:00,AWS-001,27.6,994.38,46.39,28.6139,77.209,216.0,False,NORMAL,NONE,False,none,27.6,994.38,46.39,{}
2026-08-12 10:15:00+00:00,AWS-001,27.8,994.38,45.56,28.6139,77.209,216.0,False,NORMAL,NONE,False,none,27.8,994.38,45.56,{}
2026-08-12 10:20:00+00:00,AWS-001,27.87,994.39,45.18,28.6139,77.209,216.0,False,NORMAL,NONE,False,none,27.87,994.39,45.18,{}
2026-08-12 10:25:00+00:00,AWS-001,28.11,994.41,44.06,28.6139,77.209,216.0,False,NORMAL,NONE,False,none,28.11,994.41,44.06,{}
2026-08-12 10:30:00+00:00,AWS-001,28.15,994.45,43.08,28.6139,77.209,216.0,False,NORMAL,NONE,False,none,28.15,994.45,43.08,{}
2026-08-12 10:35:00+00:00,AWS-001,28.4,994.44,42.5,28.6139,77.209,216.0,False,NORMAL,NONE,False,none,28.4,994.44,42.5,{}
2026-08-12 10:40:00+00:00,AWS-001,28.6,994.4,42.89,28.6139,77.209,216.0,False,NORMAL,NONE,False,none,28.6,994.4,42.89,{}
2026-08-12 10:45:00+00:00,AWS-001,28.7,994.48,42.96,28.6139,77.209,216.0,False,NORMAL,NONE,False,none,28.7,994.48,42.96,{}
2026-08-12 10:50:00+00:00,AWS-001,28.75,994.45,44.0,28.6139,77.209,216.0,False,NORMAL,NONE,False,none,28.75,994.45,44.0,{}
2026-08-12 10:55:00+00:00,AWS-001,28.89,994.53,44.1,28.6139,77.209,216.0,False,NORMAL,NONE,False,none,28.89,994.53,44.1,{}
2026-08-12 11:00:00+00:00,AWS-001,29.1,994.49,43.83,28.6139,77.209,216.0,False,NORMAL,NONE,False,none,29.1,994.49,43.83,{}
2026-08-12 11:05:00+00:00,AWS-001,29.55,994.47,43.82,28.6139,77.209,216.0,False,NORMAL,NONE,False,none,29.55,994.47,43.82,{}
2026-08-12 11:10:00+00:00,AWS-001,29.77,994.44,42.96,28.6139,77.209,216.0,False,NORMAL,NONE,False,none,29.77,994.44,42.96,{}
2026-08-12 11:15:00+00:00,AWS-001,29.98,994.43,42.28,28.6139,77.209,216.0,False,NORMAL,NONE,False,none,29.98,994.43,42.28,{}
2026-08-12 11:20:00+00:00,AWS-001,30.52,994.38,40.82,28.6139,77.209,216.0,False,NORMAL,NONE,False,none,30.52,994.38,40.82,{}
2026-08-12 11:25:00+00:00,AWS-001,30.59,994.36,41.49,28.6139,77.209,216.0,False,NORMAL,NONE,False,none,30.59,994.36,41.49,{}
2026-08-12 11:30:00+00:00,AWS-001,30.65,994.42,41.08,28.6139,77.209,216.0,False,NORMAL,NONE,False,none,30.65,994.42,41.08,{}
2026-08-12 11:35:00+00:00,AWS-001,30.75,994.44,40.2,28.6139,77.209,216.0,False,NORMAL,NONE,False,none,30.75,994.44,40.2,{}
2026-08-12 11:40:00+00:00,AWS-001,30.56,994.46,40.86,28.6139,77.209,216.0,False,NORMAL,NONE,False,none,30.56,994.46,40.86,{}
2026-08-12 11:45:00+00:00,AWS-001,30.5,994.33,40.31,28.6139,77.209,216.0,False,NORMAL,NONE,False,none,30.5,994.33,40.31,{}
2026-08-12 11:50:00+00:00,AWS-001,30.44,994.22,40.71,28.6139,77.209,216.0,False,NORMAL,NONE,False,none,30.44,994.22,40.71,{}
2026-08-12 11:55:00+00:00,AWS-001,30.6,994.19,40.51,28.6139,77.209,216.0,False,NORMAL,NONE,False,none,30.6,994.19,40.51,{}
2026-08-12 12:00:00+00:00,AWS-001,30.6,994.19,40.25,28.6139,77.209,216.0,False,NORMAL,NONE,False,none,30.6,994.19,40.25,{}
2026-08-12 12:05:00+00:00,AWS-001,30.67,994.11,40.37,28.6139,77.209,216.0,False,NORMAL,NONE,False,none,30.67,994.11,40.37,{}
2026-08-12 12:10:00+00:00,AWS-001,30.89,994.02,38.81,28.6139,77.209,216.0,False,NORMAL,NONE,False,none,30.89,994.02,38.81,{}
2026-08-12 12:15:00+00:00,AWS-001,31.05,994.06,38.58,28.6139,77.209,216.0,False,NORMAL,NONE,False,none,31.05,994.06,38.58,{}
2026-08-12 12:20:00+00:00,AWS-001,31.04,994.05,38.34,28.6139,77.209,216.0,False,NORMAL,NONE,False,none,31.04,994.05,38.34,{}
2026-08-12 12:25:00+00:00,AWS-001,30.94,994.05,40.41,28.6139,77.209,216.0,False,NORMAL,NONE,False,none,30.94,994.05,40.41,{}
2026-08-12 12:30:00+00:00,AWS-001,31.17,993.96,39.79,28.6139,77.209,216.0,False,NORMAL,NONE,False,none,31.17,993.96,39.79,{}
2026-08-12 12:35:00+00:00,AWS-001,31.31,993.87,38.9,28.6139,77.209,216.0,False,NORMAL,NONE,False,none,31.31,993.87,38.9,{}
2026-08-12 12:40:00+00:00,AWS-001,31.05,993.87,38.49,28.6139,77.209,216.0,False,NORMAL,NONE,False,none,31.05,993.87,38.49,{}
2026-08-12 12:45:00+00:00,AWS-001,31.04,993.8,39.38,28.6139,77.209,216.0,False,NORMAL,NONE,False,none,31.04,993.8,39.38,{}
2026-08-12 12:50:00+00:00,AWS-001,31.11,993.7,38.9,28.6139,77.209,216.0,False,NORMAL,NONE,False,none,31.11,993.7,38.9,{}
2026-08-12 12:55:00+00:00,AWS-001,31.28,993.59,37.98,28.6139,77.209,216.0,False,NORMAL,NONE,False,none,31.28,993.59,37.98,{}
2026-08-12 13:00:00+00:00,AWS-001,31.46,993.51,37.85,28.6139,77.209,216.0,False,NORMAL,NONE,False,none,31.46,993.51,37.85,{}
2026-08-12 13:05:00+00:00,AWS-001,31.51,993.51,38.15,28.6139,77.209,216.0,False,NORMAL,NONE,False,none,31.51,993.51,38.15,{}
2026-08-12 13:10:00+00:00,AWS-001,31.62,993.37,38.27,28.6139,77.209,216.0,False,NORMAL,NONE,False,none,31.62,993.37,38.27,{}
2026-08-12 13:15:00+00:00,AWS-001,31.62,993.36,38.16,28.6139,77.209,216.0,False,NORMAL,NONE,False,none,31.62,993.36,38.16,{}
2026-08-12 13:20:00+00:00,AWS-001,31.51,993.27,38.42,28.6139,77.209,216.0,False,NORMAL,NONE,False,none,31.51,993.27,38.42,{}
2026-08-12 13:25:00+00:00,AWS-001,31.48,993.21,38.54,28.6139,77.209,216.0,False,NORMAL,NONE,False,none,31.48,993.21,38.54,{}
2026-08-12 13:30:00+00:00,AWS-001,31.5,993.15,38.6,28.6139,77.209,216.0,False,NORMAL,NONE,False,none,31.5,993.15,38.6,{}
2026-08-12 13:35:00+00:00,AWS-001,31.51,993.1,38.73,28.6139,77.209,216.0,False,NORMAL,NONE,False,none,31.51,993.1,38.73,{}
2026-08-12 13:40:00+00:00,AWS-001,31.22,993.04,39.93,28.6139,77.209,216.0,False,NORMAL,NONE,False,none,31.22,993.04,39.93,{}
2026-08-12 13:45:00+00:00,AWS-001,31.21,992.97,39.77,28.6139,77.209,216.0,False,NORMAL,NONE,False,none,31.21,992.97,39.77,{}
2026-08-12 13:50:00+00:00,AWS-001,31.27,992.89,38.92,28.6139,77.209,216.0,False,NORMAL,NONE,False,none,31.27,992.89,38.92,{}
2026-08-12 13:55:00+00:00,AWS-001,31.27,992.93,38.75,28.6139,77.209,216.0,False,NORMAL,NONE,False,none,31.27,992.93,38.75,{}
2026-08-12 14:00:00+00:00,AWS-001,31.28,992.89,39.15,28.6139,77.209,216.0,False,NORMAL,NONE,False,none,31.28,992.89,39.15,{}
2026-08-12 14:05:00+00:00,AWS-001,31.41,992.84,37.63,28.6139,77.209,216.0,False,NORMAL,NONE,False,none,31.41,992.84,37.63,{}
2026-08-12 14:10:00+00:00,AWS-001,31.26,992.76,36.9,28.6139,77.209,216.0,False,NORMAL,NONE,False,none,31.26,992.76,36.9,{}
2026-08-12 14:15:00+00:00,AWS-001,31.04,992.7,38.21,28.6139,77.209,216.0,False,NORMAL,NONE,False,none,31.04,992.7,38.21,{}
2026-08-12 14:20:00+00:00,AWS-001,31.05,992.63,39.25,28.6139,77.209,216.0,False,NORMAL,NONE,False,none,31.05,992.63,39.25,{}
2026-08-12 14:25:00+00:00,AWS-001,31.24,992.65,37.98,28.6139,77.209,216.0,False,NORMAL,NONE,False,none,31.24,992.65,37.98,{}
2026-08-12 14:30:00+00:00,AWS-001,31.57,992.57,37.42,28.6139,77.209,216.0,False,NORMAL,NONE,False,none,31.57,992.57,37.42,{}
2026-08-12 14:35:00+00:00,AWS-001,31.7,992.41,36.95,28.6139,77.209,216.0,False,NORMAL,NONE,False,none,31.7,992.41,36.95,{}
2026-08-12 14:40:00+00:00,AWS-001,31.44,992.39,37.44,28.6139,77.209,216.0,False,NORMAL,NONE,False,none,31.44,992.39,37.44,{}
2026-08-12 14:45:00+00:00,AWS-001,31.41,992.36,37.8,28.6139,77.209,216.0,False,NORMAL,NONE,False,none,31.41,992.36,37.8,{}
2026-08-12 14:50:00+00:00,AWS-001,31.46,992.31,36.94,28.6139,77.209,216.0,False,NORMAL,NONE,False,none,31.46,992.31,36.94,{}
2026-08-12 14:55:00+00:00,AWS-001,31.48,992.35,36.35,28.6139,77.209,216.0,False,NORMAL,NONE,False,none,31.48,992.35,36.35,{}
2026-08-12 15:00:00+00:00,AWS-001,31.56,992.18,36.25,28.6139,77.209,216.0,False,NORMAL,NONE,False,none,31.56,992.18,36.25,{}
2026-08-12 15:05:00+00:00,AWS-001,31.39,992.27,36.78,28.6139,77.209,216.0,False,NORMAL,NONE,False,none,31.39,992.27,36.78,{}
2026-08-12 15:10:00+00:00,AWS-001,31.39,992.32,36.29,28.6139,77.209,216.0,False,NORMAL,NONE,False,none,31.39,992.32,36.29,{}
2026-08-12 15:15:00+00:00,AWS-001,31.44,992.27,36.97,28.6139,77.209,216.0,False,NORMAL,NONE,False,none,31.44,992.27,36.97,{}
2026-08-12 15:20:00+00:00,AWS-001,31.55,992.23,36.66,28.6139,77.209,216.0,False,NORMAL,NONE,False,none,31.55,992.23,36.66,{}
2026-08-12 15:25:00+00:00,AWS-001,31.37,992.25,36.98,28.6139,77.209,216.0,False,NORMAL,NONE,False,none,31.37,992.25,36.98,{}
2026-08-12 15:30:00+00:00,AWS-001,31.28,992.28,37.56,28.6139,77.209,216.0,False,NORMAL,NONE,False,none,31.28,992.28,37.56,{}
2026-08-12 15:35:00+00:00,AWS-001,30.81,992.23,38.7,28.6139,77.209,216.0,False,NORMAL,NONE,False,none,30.81,992.23,38.7,{}
2026-08-12 15:40:00+00:00,AWS-001,30.72,992.13,39.56,28.6139,77.209,216.0,False,NORMAL,NONE,False,none,30.72,992.13,39.56,{}
2026-08-12 15:45:00+00:00,AWS-001,30.66,992.26,39.16,28.6139,77.209,216.0,False,NORMAL,NONE,False,none,30.66,992.26,39.16,{}
2026-08-12 15:50:00+00:00,AWS-001,30.51,992.32,38.74,28.6139,77.209,216.0,False,NORMAL,NONE,False,none,30.51,992.32,38.74,{}
2026-08-12 15:55:00+00:00,AWS-001,30.57,992.32,38.65,28.6139,77.209,216.0,False,NORMAL,NONE,False,none,30.57,992.32,38.65,{}
2026-08-12 16:00:00+00:00,AWS-001,30.58,992.32,38.92,28.6139,77.209,216.0,False,NORMAL,NONE,False,none,30.58,992.32,38.92,{}
2026-08-12 16:05:00+00:00,AWS-001,30.21,992.36,39.19,28.6139,77.209,216.0,False,NORMAL,NONE,False,none,30.21,992.36,39.19,{}
2026-08-12 16:10:00+00:00,AWS-001,30.28,992.4,38.42,28.6139,77.209,216.0,False,NORMAL,NONE,False,none,30.28,992.4,38.42,{}
2026-08-12 16:15:00+00:00,AWS-001,30.15,992.27,39.23,28.6139,77.209,216.0,False,NORMAL,NONE,False,none,30.15,992.27,39.23,{}
2026-08-12 16:20:00+00:00,AWS-001,30.26,992.26,38.8,28.6139,77.209,216.0,False,NORMAL,NONE,False,none,30.26,992.26,38.8,{}
2026-08-12 16:25:00+00:00,AWS-001,30.05,992.24,38.71,28.6139,77.209,216.0,False,NORMAL,NONE,False,none,30.05,992.24,38.71,{}
2026-08-12 16:30:00+00:00,AWS-001,30.07,992.25,39.69,28.6139,77.209,216.0,False,NORMAL,NONE,False,none,30.07,992.25,39.69,{}
2026-08-12 16:35:00+00:00,AWS-001,30.03,992.31,39.66,28.6139,77.209,216.0,False,NORMAL,NONE,False,none,30.03,992.31,39.66,{}
2026-08-12 16:40:00+00:00,AWS-001,30.08,992.22,40.57,28.6139,77.209,216.0,False,NORMAL,NONE,False,none,30.08,992.22,40.57,{}
2026-08-12 16:45:00+00:00,AWS-001,30.08,992.17,40.72,28.6139,77.209,216.0,False,NORMAL,NONE,False,none,30.08,992.17,40.72,{}
2026-08-12 16:50:00+00:00,AWS-001,30.01,992.16,41.2,28.6139,77.209,216.0,False,NORMAL,NONE,False,none,30.01,992.16,41.2,{}
2026-08-12 16:55:00+00:00,AWS-001,29.72,992.21,41.84,28.6139,77.209,216.0,False,NORMAL,NONE,False,none,29.72,992.21,41.84,{}
2026-08-12 17:00:00+00:00,AWS-001,29.46,992.3,40.89,28.6139,77.209,216.0,False,NORMAL,NONE,False,none,29.46,992.3,40.89,{}
2026-08-12 17:05:00+00:00,AWS-001,29.37,992.43,40.72,28.6139,77.209,216.0,False,NORMAL,NONE,False,none,29.37,992.43,40.72,{}
2026-08-12 17:10:00+00:00,AWS-001,29.37,992.44,41.02,28.6139,77.209,216.0,False,NORMAL,NONE,False,none,29.37,992.44,41.02,{}
2026-08-12 17:15:00+00:00,AWS-001,29.26,992.52,41.87,28.6139,77.209,216.0,False,NORMAL,NONE,False,none,29.26,992.52,41.87,{}
2026-08-12 17:20:00+00:00,AWS-001,29.36,992.59,40.76,28.6139,77.209,216.0,False,NORMAL,NONE,False,none,29.36,992.59,40.76,{}
2026-08-12 17:25:00+00:00,AWS-001,29.27,992.65,41.33,28.6139,77.209,216.0,False,NORMAL,NONE,False,none,29.27,992.65,41.33,{}
2026-08-12 17:30:00+00:00,AWS-001,29.08,992.67,41.46,28.6139,77.209,216.0,False,NORMAL,NONE,False,none,29.08,992.67,41.46,{}
2026-08-12 17:35:00+00:00,AWS-001,29.0,992.68,42.2,28.6139,77.209,216.0,False,NORMAL,NONE,False,none,29.0,992.68,42.2,{}
2026-08-12 17:40:00+00:00,AWS-001,29.0,992.65,42.5,28.6139,77.209,216.0,False,NORMAL,NONE,False,none,29.0,992.65,42.5,{}
2026-08-12 17:45:00+00:00,AWS-001,29.01,992.62,43.23,28.6139,77.209,216.0,False,NORMAL,NONE,False,none,29.01,992.62,43.23,{}
2026-08-12 17:50:00+00:00,AWS-001,29.26,992.68,43.44,28.6139,77.209,216.0,False,NORMAL,NONE,False,none,29.26,992.68,43.44,{}
2026-08-12 17:55:00+00:00,AWS-001,29.04,992.72,44.33,28.6139,77.209,216.0,False,NORMAL,NONE,False,none,29.04,992.72,44.33,{}
2026-08-12 18:00:00+00:00,AWS-001,28.93,992.75,45.15,28.6139,77.209,216.0,False,NORMAL,NONE,False,none,28.93,992.75,45.15,{}
2026-08-12 18:05:00+00:00,AWS-001,28.9,992.83,44.92,28.6139,77.209,216.0,False,NORMAL,NONE,False,none,28.9,992.83,44.92,{}
2026-08-12 18:10:00+00:00,AWS-001,28.78,992.87,46.96,28.6139,77.209,216.0,False,NORMAL,NONE,False,none,28.78,992.87,46.96,{}
2026-08-12 18:15:00+00:00,AWS-001,28.58,992.86,46.41,28.6139,77.209,216.0,False,NORMAL,NONE,False,none,28.58,992.86,46.41,{}
2026-08-12 18:20:00+00:00,AWS-001,28.22,992.9,46.91,28.6139,77.209,216.0,False,NORMAL,NONE,False,none,28.22,992.9,46.91,{}
2026-08-12 18:25:00+00:00,AWS-001,28.06,993.0,47.86,28.6139,77.209,216.0,False,NORMAL,NONE,False,none,28.06,993.0,47.86,{}
2026-08-12 18:30:00+00:00,AWS-001,27.81,992.99,48.9,28.6139,77.209,216.0,False,NORMAL,NONE,False,none,27.81,992.99,48.9,{}
2026-08-12 18:35:00+00:00,AWS-001,27.46,993.05,50.0,28.6139,77.209,216.0,False,NORMAL,NONE,False,none,27.46,993.05,50.0,{}
2026-08-12 18:40:00+00:00,AWS-001,27.29,993.1,50.71,28.6139,77.209,216.0,False,NORMAL,NONE,False,none,27.29,993.1,50.71,{}
2026-08-12 18:45:00+00:00,AWS-001,27.09,993.11,49.76,28.6139,77.209,216.0,False,NORMAL,NONE,False,none,27.09,993.11,49.76,{}
2026-08-12 18:50:00+00:00,AWS-001,27.16,993.15,50.55,28.6139,77.209,216.0,False,NORMAL,NONE,False,none,27.16,993.15,50.55,{}
2026-08-12 18:55:00+00:00,AWS-001,27.21,993.12,50.13,28.6139,77.209,216.0,False,NORMAL,NONE,False,none,27.21,993.12,50.13,{}
2026-08-12 19:00:00+00:00,AWS-001,26.99,993.19,51.46,28.6139,77.209,216.0,False,NORMAL,NONE,False,none,26.99,993.19,51.46,{}
2026-08-12 19:05:00+00:00,AWS-001,26.88,993.17,50.28,28.6139,77.209,216.0,False,NORMAL,NONE,False,none,26.88,993.17,50.28,{}
2026-08-12 19:10:00+00:00,AWS-001,26.51,993.3,51.59,28.6139,77.209,216.0,False,NORMAL,NONE,False,none,26.51,993.3,51.59,{}
2026-08-12 19:15:00+00:00,AWS-001,26.39,993.35,51.6,28.6139,77.209,216.0,False,NORMAL,NONE,False,none,26.39,993.35,51.6,{}
2026-08-12 19:20:00+00:00,AWS-001,26.41,993.38,51.94,28.6139,77.209,216.0,False,NORMAL,NONE,False,none,26.41,993.38,51.94,{}
2026-08-12 19:25:00+00:00,AWS-001,26.49,993.51,51.9,28.6139,77.209,216.0,False,NORMAL,NONE,False,none,26.49,993.51,51.9,{}
2026-08-12 19:30:00+00:00,AWS-001,26.28,993.5,52.73,28.6139,77.209,216.0,False,NORMAL,NONE,False,none,26.28,993.5,52.73,{}
2026-08-12 19:35:00+00:00,AWS-001,26.38,993.51,51.71,28.6139,77.209,216.0,False,NORMAL,NONE,False,none,26.38,993.51,51.71,{}
2026-08-12 19:40:00+00:00,AWS-001,26.02,993.46,52.84,28.6139,77.209,216.0,False,NORMAL,NONE,False,none,26.02,993.46,52.84,{}
2026-08-12 19:45:00+00:00,AWS-001,25.73,993.61,53.7,28.6139,77.209,216.0,False,NORMAL,NONE,False,none,25.73,993.61,53.7,{}
2026-08-12 19:50:00+00:00,AWS-001,25.78,993.77,53.91,28.6139,77.209,216.0,False,NORMAL,NONE,False,none,25.78,993.77,53.91,{}
2026-08-12 19:55:00+00:00,AWS-001,25.97,993.72,53.94,28.6139,77.209,216.0,False,NORMAL,NONE,False,none,25.97,993.72,53.94,{}
2026-08-12 20:00:00+00:00,AWS-001,25.93,993.72,54.1,28.6139,77.209,216.0,False,NORMAL,NONE,False,none,25.93,993.72,54.1,{}
2026-08-12 20:05:00+00:00,AWS-001,25.78,993.78,53.68,28.6139,77.209,216.0,False,NORMAL,NONE,False,none,25.78,993.78,53.68,{}
2026-08-12 20:10:00+00:00,AWS-001,25.27,993.8,55.45,28.6139,77.209,216.0,False,NORMAL,NONE,False,none,25.27,993.8,55.45,{}
2026-08-12 20:15:00+00:00,AWS-001,24.84,993.85,58.59,28.6139,77.209,216.0,False,NORMAL,NONE,False,none,24.84,993.85,58.59,{}
2026-08-12 20:20:00+00:00,AWS-001,24.8,993.89,59.56,28.6139,77.209,216.0,False,NORMAL,NONE,False,none,24.8,993.89,59.56,{}
2026-08-12 20:25:00+00:00,AWS-001,24.67,993.96,57.8,28.6139,77.209,216.0,False,NORMAL,NONE,False,none,24.67,993.96,57.8,{}
2026-08-12 20:30:00+00:00,AWS-001,24.41,993.95,58.75,28.6139,77.209,216.0,False,NORMAL,NONE,False,none,24.41,993.95,58.75,{}
2026-08-12 20:35:00+00:00,AWS-001,24.36,994.0,59.51,28.6139,77.209,216.0,False,NORMAL,NONE,False,none,24.36,994.0,59.51,{}
2026-08-12 20:40:00+00:00,AWS-001,24.31,993.97,59.5,28.6139,77.209,216.0,False,NORMAL,NONE,False,none,24.31,993.97,59.5,{}
2026-08-12 20:45:00+00:00,AWS-001,24.38,993.99,58.89,28.6139,77.209,216.0,False,NORMAL,NONE,False,none,24.38,993.99,58.89,{}
2026-08-12 20:50:00+00:00,AWS-001,24.3,993.93,59.03,28.6139,77.209,216.0,False,NORMAL,NONE,False,none,24.3,993.93,59.03,{}
2026-08-12 20:55:00+00:00,AWS-001,24.39,993.95,59.09,28.6139,77.209,216.0,False,NORMAL,NONE,False,none,24.39,993.95,59.09,{}
2026-08-12 21:00:00+00:00,AWS-001,24.24,993.96,58.83,28.6139,77.209,216.0,False,NORMAL,NONE,False,none,24.24,993.96,58.83,{}
2026-08-12 21:05:00+00:00,AWS-001,24.08,994.06,60.25,28.6139,77.209,216.0,False,NORMAL,NONE,False,none,24.08,994.06,60.25,{}
2026-08-12 21:10:00+00:00,AWS-001,24.12,994.09,60.05,28.6139,77.209,216.0,False,NORMAL,NONE,False,none,24.12,994.09,60.05,{}
2026-08-12 21:15:00+00:00,AWS-001,23.8,994.13,60.61,28.6139,77.209,216.0,False,NORMAL,NONE,False,none,23.8,994.13,60.61,{}
2026-08-12 21:20:00+00:00,AWS-001,24.13,994.15,60.19,28.6139,77.209,216.0,False,NORMAL,NONE,False,none,24.13,994.15,60.19,{}
2026-08-12 21:25:00+00:00,AWS-001,24.0,994.05,59.65,28.6139,77.209,216.0,False,NORMAL,NONE,False,none,24.0,994.05,59.65,{}
2026-08-12 21:30:00+00:00,AWS-001,23.87,993.96,59.88,28.6139,77.209,216.0,False,NORMAL,NONE,False,none,23.87,993.96,59.88,{}
2026-08-12 21:35:00+00:00,AWS-001,23.77,993.98,60.06,28.6139,77.209,216.0,False,NORMAL,NONE,False,none,23.77,993.98,60.06,{}
2026-08-12 21:40:00+00:00,AWS-001,23.88,994.03,61.18,28.6139,77.209,216.0,False,NORMAL,NONE,False,none,23.88,994.03,61.18,{}
2026-08-12 21:45:00+00:00,AWS-001,23.79,994.04,61.05,28.6139,77.209,216.0,False,NORMAL,NONE,False,none,23.79,994.04,61.05,{}
2026-08-12 21:50:00+00:00,AWS-001,23.29,994.01,61.58,28.6139,77.209,216.0,False,NORMAL,NONE,False,none,23.29,994.01,61.58,{}
2026-08-12 21:55:00+00:00,AWS-001,23.34,994.02,61.26,28.6139,77.209,216.0,False,NORMAL,NONE,False,none,23.34,994.02,61.26,{}
2026-08-12 22:00:00+00:00,AWS-001,23.08,994.02,62.81,28.6139,77.209,216.0,False,NORMAL,NONE,False,none,23.08,994.02,62.81,{}
2026-08-12 22:05:00+00:00,AWS-001,22.91,994.08,64.15,28.6139,77.209,216.0,False,NORMAL,NONE,False,none,22.91,994.08,64.15,{}
2026-08-12 22:10:00+00:00,AWS-001,22.51,994.13,67.24,28.6139,77.209,216.0,False,NORMAL,NONE,False,none,22.51,994.13,67.24,{}
2026-08-12 22:15:00+00:00,AWS-001,22.45,994.09,68.24,28.6139,77.209,216.0,False,NORMAL,NONE,False,none,22.45,994.09,68.24,{}
2026-08-12 22:20:00+00:00,AWS-001,22.19,994.09,69.19,28.6139,77.209,216.0,False,NORMAL,NONE,False,none,22.19,994.09,69.19,{}
2026-08-12 22:25:00+00:00,AWS-001,22.07,994.1,68.9,28.6139,77.209,216.0,False,NORMAL,NONE,False,none,22.07,994.1,68.9,{}
2026-08-12 22:30:00+00:00,AWS-001,21.88,994.12,70.59,28.6139,77.209,216.0,False,NORMAL,NONE,False,none,21.88,994.12,70.59,{}
2026-08-12 22:35:00+00:00,AWS-001,22.07,994.2,69.31,28.6139,77.209,216.0,False,NORMAL,NONE,False,none,22.07,994.2,69.31,{}
2026-08-12 22:40:00+00:00,AWS-001,22.24,994.17,68.05,28.6139,77.209,216.0,False,NORMAL,NONE,False,none,22.24,994.17,68.05,{}
2026-08-12 22:45:00+00:00,AWS-001,22.05,994.21,68.49,28.6139,77.209,216.0,False,NORMAL,NONE,False,none,22.05,994.21,68.49,{}
2026-08-12 22:50:00+00:00,AWS-001,21.88,994.11,68.41,28.6139,77.209,216.0,False,NORMAL,NONE,False,none,21.88,994.11,68.41,{}
2026-08-12 22:55:00+00:00,AWS-001,21.64,994.04,69.24,28.6139,77.209,216.0,False,NORMAL,NONE,False,none,21.64,994.04,69.24,{}
2026-08-12 23:00:00+00:00,AWS-001,21.66,993.89,69.13,28.6139,77.209,216.0,False,NORMAL,NONE,False,none,21.66,993.89,69.13,{}
2026-08-12 23:05:00+00:00,AWS-001,21.43,993.87,70.73,28.6139,77.209,216.0,False,NORMAL,NONE,False,none,21.43,993.87,70.73,{}
2026-08-12 23:10:00+00:00,AWS-001,21.2,993.88,71.54,28.6139,77.209,216.0,False,NORMAL,NONE,False,none,21.2,993.88,71.54,{}
2026-08-12 23:15:00+00:00,AWS-001,21.22,993.7,70.74,28.6139,77.209,216.0,False,NORMAL,NONE,False,none,21.22,993.7,70.74,{}
2026-08-12 23:20:00+00:00,AWS-001,20.97,993.69,71.02,28.6139,77.209,216.0,False,NORMAL,NONE,False,none,20.97,993.69,71.02,{}
2026-08-12 23:25:00+00:00,AWS-001,20.83,993.69,72.13,28.6139,77.209,216.0,False,NORMAL,NONE,False,none,20.83,993.69,72.13,{}
2026-08-12 23:30:00+00:00,AWS-001,20.44,993.69,74.24,28.6139,77.209,216.0,False,NORMAL,NONE,False,none,20.44,993.69,74.24,{}
2026-08-12 23:35:00+00:00,AWS-001,20.46,993.58,74.0,28.6139,77.209,216.0,False,NORMAL,NONE,False,none,20.46,993.58,74.0,{}
2026-08-12 23:40:00+00:00,AWS-001,20.68,993.59,72.94,28.6139,77.209,216.0,False,NORMAL,NONE,False,none,20.68,993.59,72.94,{}
2026-08-12 23:45:00+00:00,AWS-001,20.66,993.55,73.53,28.6139,77.209,216.0,False,NORMAL,NONE,False,none,20.66,993.55,73.53,{}
2026-08-12 23:50:00+00:00,AWS-001,20.75,993.54,74.16,28.6139,77.209,216.0,False,NORMAL,NONE,False,none,20.75,993.54,74.16,{}
2026-08-12 23:55:00+00:00,AWS-001,20.44,993.48,75.12,28.6139,77.209,216.0,False,NORMAL,NONE,False,none,20.44,993.48,75.12,{}
2026-08-13 00:00:00+00:00,AWS-001,20.28,993.45,76.06,28.6139,77.209,216.0,False,NORMAL,NONE,False,none,20.28,993.45,76.06,{}
2026-08-13 00:05:00+00:00,AWS-001,19.98,993.46,78.14,28.6139,77.209,216.0,False,NORMAL,NONE,False,none,19.98,993.46,78.14,{}
2026-08-13 00:10:00+00:00,AWS-001,19.84,993.39,78.34,28.6139,77.209,216.0,False,NORMAL,NONE,False,none,19.84,993.39,78.34,{}
2026-08-13 00:15:00+00:00,AWS-001,19.87,993.34,78.24,28.6139,77.209,216.0,False,NORMAL,NONE,False,none,19.87,993.34,78.24,{}
2026-08-13 00:20:00+00:00,AWS-001,19.78,993.35,78.73,28.6139,77.209,216.0,False,NORMAL,NONE,False,none,19.78,993.35,78.73,{}
2026-08-13 00:25:00+00:00,AWS-001,19.44,993.28,79.64,28.6139,77.209,216.0,False,NORMAL,NONE,False,none,19.44,993.28,79.64,{}
2026-08-13 00:30:00+00:00,AWS-001,19.15,993.14,81.38,28.6139,77.209,216.0,False,NORMAL,NONE,False,none,19.15,993.14,81.38,{}
2026-08-13 00:35:00+00:00,AWS-001,18.88,993.12,82.94,28.6139,77.209,216.0,False,NORMAL,NONE,False,none,18.88,993.12,82.94,{}
2026-08-13 00:40:00+00:00,AWS-001,18.95,993.13,83.06,28.6139,77.209,216.0,False,NORMAL,NONE,False,none,18.95,993.13,83.06,{}
2026-08-13 00:45:00+00:00,AWS-001,19.26,993.13,80.74,28.6139,77.209,216.0,False,NORMAL,NONE,False,none,19.26,993.13,80.74,{}
2026-08-13 00:50:00+00:00,AWS-001,19.42,993.09,80.12,28.6139,77.209,216.0,False,NORMAL,NONE,False,none,19.42,993.09,80.12,{}
2026-08-13 00:55:00+00:00,AWS-001,19.01,992.87,83.22,28.6139,77.209,216.0,False,NORMAL,NONE,False,none,19.01,992.87,83.22,{}
2026-08-13 01:00:00+00:00,AWS-001,19.2,992.76,83.56,28.6139,77.209,216.0,False,NORMAL,NONE,False,none,19.2,992.76,83.56,{}
2026-08-13 01:05:00+00:00,AWS-001,19.28,992.66,83.76,28.6139,77.209,216.0,False,NORMAL,NONE,False,none,19.28,992.66,83.76,{}
2026-08-13 01:10:00+00:00,AWS-001,18.93,992.6,84.51,28.6139,77.209,216.0,False,NORMAL,NONE,False,none,18.93,992.6,84.51,{}
2026-08-13 01:15:00+00:00,AWS-001,18.83,992.63,85.19,28.6139,77.209,216.0,False,NORMAL,NONE,False,none,18.83,992.63,85.19,{}
2026-08-13 01:20:00+00:00,AWS-001,18.97,992.5,84.0,28.6139,77.209,216.0,False,NORMAL,NONE,False,none,18.97,992.5,84.0,{}
2026-08-13 01:25:00+00:00,AWS-001,19.0,992.56,83.94,28.6139,77.209,216.0,False,NORMAL,NONE,False,none,19.0,992.56,83.94,{}
2026-08-13 01:30:00+00:00,AWS-001,18.72,992.46,84.85,28.6139,77.209,216.0,False,NORMAL,NONE,False,none,18.72,992.46,84.85,{}
2026-08-13 01:35:00+00:00,AWS-001,18.79,992.34,83.41,28.6139,77.209,216.0,False,NORMAL,NONE,False,none,18.79,992.34,83.41,{}
2026-08-13 01:40:00+00:00,AWS-001,18.39,992.33,85.49,28.6139,77.209,216.0,False,NORMAL,NONE,False,none,18.39,992.33,85.49,{}
2026-08-13 01:45:00+00:00,AWS-001,18.36,992.31,86.31,28.6139,77.209,216.0,False,NORMAL,NONE,False,none,18.36,992.31,86.31,{}
2026-08-13 01:50:00+00:00,AWS-001,18.55,992.27,85.52,28.6139,77.209,216.0,False,NORMAL,NONE,False,none,18.55,992.27,85.52,{}
2026-08-13 01:55:00+00:00,AWS-001,18.54,992.15,85.89,28.6139,77.209,216.0,False,NORMAL,NONE,False,none,18.54,992.15,85.89,{}
2026-08-13 02:00:00+00:00,AWS-001,18.44,992.11,86.57,28.6139,77.209,216.0,False,NORMAL,NONE,False,none,18.44,992.11,86.57,{}
2026-08-13 02:05:00+00:00,AWS-001,18.59,991.98,86.03,28.6139,77.209,216.0,False,NORMAL,NONE,False,none,18.59,991.98,86.03,{}
2026-08-13 02:10:00+00:00,AWS-001,18.73,991.87,85.56,28.6139,77.209,216.0,False,NORMAL,NONE,False,none,18.73,991.87,85.56,{}
2026-08-13 02:15:00+00:00,AWS-001,18.92,991.8,84.33,28.6139,77.209,216.0,False,NORMAL,NONE,False,none,18.92,991.8,84.33,{}
2026-08-13 02:20:00+00:00,AWS-001,19.01,991.7,83.87,28.6139,77.209,216.0,False,NORMAL,NONE,False,none,19.01,991.7,83.87,{}
2026-08-13 02:25:00+00:00,AWS-001,19.13,991.71,84.33,28.6139,77.209,216.0,False,NORMAL,NONE,False,none,19.13,991.71,84.33,{}
2026-08-13 02:30:00+00:00,AWS-001,19.17,991.62,83.98,28.6139,77.209,216.0,False,NORMAL,NONE,False,none,19.17,991.62,83.98,{}
2026-08-13 02:35:00+00:00,AWS-001,19.14,991.55,84.01,28.6139,77.209,216.0,False,NORMAL,NONE,False,none,19.14,991.55,84.01,{}
2026-08-13 02:40:00+00:00,AWS-001,19.08,991.45,84.21,28.6139,77.209,216.0,False,NORMAL,NONE,False,none,19.08,991.45,84.21,{}
2026-08-13 02:45:00+00:00,AWS-001,18.98,991.47,84.46,28.6139,77.209,216.0,False,NORMAL,NONE,False,none,18.98,991.47,84.46,{}
2026-08-13 02:50:00+00:00,AWS-001,18.74,991.38,85.39,28.6139,77.209,216.0,False,NORMAL,NONE,False,none,18.74,991.38,85.39,{}
2026-08-13 02:55:00+00:00,AWS-001,18.57,991.41,86.4,28.6139,77.209,216.0,False,NORMAL,NONE,False,none,18.57,991.41,86.4,{}
2026-08-13 03:00:00+00:00,AWS-001,18.54,991.42,86.21,28.6139,77.209,216.0,False,NORMAL,NONE,False,none,18.54,991.42,86.21,{}
2026-08-13 03:05:00+00:00,AWS-001,18.6,991.35,85.8,28.6139,77.209,216.0,False,NORMAL,NONE,False,none,18.6,991.35,85.8,{}
2026-08-13 03:10:00+00:00,AWS-001,18.86,991.31,83.94,28.6139,77.209,216.0,False,NORMAL,NONE,False,none,18.86,991.31,83.94,{}
2026-08-13 03:15:00+00:00,AWS-001,18.85,991.24,84.17,28.6139,77.209,216.0,False,NORMAL,NONE,False,none,18.85,991.24,84.17,{}
2026-08-13 03:20:00+00:00,AWS-001,19.02,991.23,83.73,28.6139,77.209,216.0,False,NORMAL,NONE,False,none,19.02,991.23,83.73,{}
2026-08-13 03:25:00+00:00,AWS-001,19.19,991.18,82.74,28.6139,77.209,216.0,False,NORMAL,NONE,False,none,19.19,991.18,82.74,{}
2026-08-13 03:30:00+00:00,AWS-001,19.13,991.12,81.83,28.6139,77.209,216.0,False,NORMAL,NONE,False,none,19.13,991.12,81.83,{}
2026-08-13 03:35:00+00:00,AWS-001,19.22,991.09,81.97,28.6139,77.209,216.0,False,NORMAL,NONE,False,none,19.22,991.09,81.97,{}
2026-08-13 03:40:00+00:00,AWS-001,19.17,990.97,82.46,28.6139,77.209,216.0,False,NORMAL,NONE,False,none,19.17,990.97,82.46,{}
2026-08-13 03:45:00+00:00,AWS-001,19.39,990.95,80.81,28.6139,77.209,216.0,False,NORMAL,NONE,False,none,19.39,990.95,80.81,{}
2026-08-13 03:50:00+00:00,AWS-001,19.48,990.97,81.04,28.6139,77.209,216.0,False,NORMAL,NONE,False,none,19.48,990.97,81.04,{}
2026-08-13 03:55:00+00:00,AWS-001,19.26,990.95,81.35,28.6139,77.209,216.0,False,NORMAL,NONE,False,none,19.26,990.95,81.35,{}
2026-08-13 04:00:00+00:00,AWS-001,19.3,990.99,82.01,28.6139,77.209,216.0,False,NORMAL,NONE,False,none,19.3,990.99,82.01,{}
2026-08-13 04:05:00+00:00,AWS-001,19.6,990.95,80.57,28.6139,77.209,216.0,False,NORMAL,NONE,False,none,19.6,990.95,80.57,{}
2026-08-13 04:10:00+00:00,AWS-001,19.56,990.91,79.4,28.6139,77.209,216.0,False,NORMAL,NONE,False,none,19.56,990.91,79.4,{}
2026-08-13 04:15:00+00:00,AWS-001,19.65,990.83,79.39,28.6139,77.209,216.0,False,NORMAL,NONE,False,none,19.65,990.83,79.39,{}
2026-08-13 04:20:00+00:00,AWS-001,19.75,990.8,78.87,28.6139,77.209,216.0,False,NORMAL,NONE,False,none,19.75,990.8,78.87,{}
2026-08-13 04:25:00+00:00,AWS-001,19.58,990.92,79.58,28.6139,77.209,216.0,False,NORMAL,NONE,False,none,19.58,990.92,79.58,{}
2026-08-13 04:30:00+00:00,AWS-001,19.7,990.92,78.76,28.6139,77.209,216.0,False,NORMAL,NONE,False,none,19.7,990.92,78.76,{}
2026-08-13 04:35:00+00:00,AWS-001,19.51,990.88,79.97,28.6139,77.209,216.0,False,NORMAL,NONE,False,none,19.51,990.88,79.97,{}
2026-08-13 04:40:00+00:00,AWS-001,19.47,990.82,80.11,28.6139,77.209,216.0,False,NORMAL,NONE,False,none,19.47,990.82,80.11,{}
2026-08-13 04:45:00+00:00,AWS-001,19.73,990.73,77.89,28.6139,77.209,216.0,False,NORMAL,NONE,False,none,19.73,990.73,77.89,{}
2026-08-13 04:50:00+00:00,AWS-001,19.86,990.69,78.48,28.6139,77.209,216.0,False,NORMAL,NONE,False,none,19.86,990.69,78.48,{}
2026-08-13 04:55:00+00:00,AWS-001,19.87,990.75,78.51,28.6139,77.209,216.0,False,NORMAL,NONE,False,none,19.87,990.75,78.51,{}
2026-08-13 05:00:00+00:00,AWS-001,20.02,990.74,77.54,28.6139,77.209,216.0,False,NORMAL,NONE,False,none,20.02,990.74,77.54,{}
2026-08-13 05:05:00+00:00,AWS-001,20.08,990.7,76.81,28.6139,77.209,216.0,False,NORMAL,NONE,False,none,20.08,990.7,76.81,{}
2026-08-13 05:10:00+00:00,AWS-001,20.15,990.68,77.26,28.6139,77.209,216.0,False,NORMAL,NONE,False,none,20.15,990.68,77.26,{}
2026-08-13 05:15:00+00:00,AWS-001,20.34,990.74,75.75,28.6139,77.209,216.0,False,NORMAL,NONE,False,none,20.34,990.74,75.75,{}
2026-08-13 05:20:00+00:00,AWS-001,20.29,990.76,76.4,28.6139,77.209,216.0,False,NORMAL,NONE,False,none,20.29,990.76,76.4,{}
2026-08-13 05:25:00+00:00,AWS-001,20.38,990.75,75.82,28.6139,77.209,216.0,False,NORMAL,NONE,False,none,20.38,990.75,75.82,{}
2026-08-13 05:30:00+00:00,AWS-001,20.42,990.76,75.58,28.6139,77.209,216.0,False,NORMAL,NONE,False,none,20.42,990.76,75.58,{}
2026-08-13 05:35:00+00:00,AWS-001,20.26,990.92,75.95,28.6139,77.209,216.0,False,NORMAL,NONE,False,none,20.26,990.92,75.95,{}
2026-08-13 05:40:00+00:00,AWS-001,20.24,991.01,76.0,28.6139,77.209,216.0,False,NORMAL,NONE,False,none,20.24,991.01,76.0,{}
2026-08-13 05:45:00+00:00,AWS-001,20.65,991.11,74.4,28.6139,77.209,216.0,False,NORMAL,NONE,False,none,20.65,991.11,74.4,{}
2026-08-13 05:50:00+00:00,AWS-001,20.84,991.02,74.01,28.6139,77.209,216.0,False,NORMAL,NONE,False,none,20.84,991.02,74.01,{}
2026-08-13 05:55:00+00:00,AWS-001,20.72,991.03,74.27,28.6139,77.209,216.0,False,NORMAL,NONE,False,none,20.72,991.03,74.27,{}
2026-08-13 06:00:00+00:00,AWS-001,20.61,991.02,75.06,28.6139,77.209,216.0,False,NORMAL,NONE,False,none,20.61,991.02,75.06,{}
2026-08-13 06:05:00+00:00,AWS-001,20.76,991.08,75.17,28.6139,77.209,216.0,False,NORMAL,NONE,False,none,20.76,991.08,75.17,{}
2026-08-13 06:10:00+00:00,AWS-001,21.18,991.16,72.3,28.6139,77.209,216.0,False,NORMAL,NONE,False,none,21.18,991.16,72.3,{}
2026-08-13 06:15:00+00:00,AWS-001,21.28,991.2,72.12,28.6139,77.209,216.0,False,NORMAL,NONE,False,none,21.28,991.2,72.12,{}
2026-08-13 06:20:00+00:00,AWS-001,21.63,991.17,70.19,28.6139,77.209,216.0,False,NORMAL,NONE,False,none,21.63,991.17,70.19,{}
2026-08-13 06:25:00+00:00,AWS-001,21.8,991.16,69.1,28.6139,77.209,216.0,False,NORMAL,NONE,False,none,21.8,991.16,69.1,{}
2026-08-13 06:30:00+00:00,AWS-001,21.98,991.22,68.83,28.6139,77.209,216.0,False,NORMAL,NONE,False,none,21.98,991.22,68.83,{}
2026-08-13 06:35:00+00:00,AWS-001,21.85,991.29,69.3,28.6139,77.209,216.0,False,NORMAL,NONE,False,none,21.85,991.29,69.3,{}
2026-08-13 06:40:00+00:00,AWS-001,22.14,991.32,67.59,28.6139,77.209,216.0,False,NORMAL,NONE,False,none,22.14,991.32,67.59,{}
2026-08-13 06:45:00+00:00,AWS-001,22.19,991.35,68.56,28.6139,77.209,216.0,False,NORMAL,NONE,False,none,22.19,991.35,68.56,{}
2026-08-13 06:50:00+00:00,AWS-001,22.46,991.38,68.21,28.6139,77.209,216.0,False,NORMAL,NONE,False,none,22.46,991.38,68.21,{}
2026-08-13 06:55:00+00:00,AWS-001,22.43,991.41,67.19,28.6139,77.209,216.0,False,NORMAL,NONE,False,none,22.43,991.41,67.19,{}
2026-08-13 07:00:00+00:00,AWS-001,22.59,991.48,65.86,28.6139,77.209,216.0,False,NORMAL,NONE,False,none,22.59,991.48,65.86,{}
2026-08-13 07:05:00+00:00,AWS-001,22.77,991.53,65.84,28.6139,77.209,216.0,False,NORMAL,NONE,False,none,22.77,991.53,65.84,{}
2026-08-13 07:10:00+00:00,AWS-001,22.86,991.55,65.52,28.6139,77.209,216.0,False,NORMAL,NONE,False,none,22.86,991.55,65.52,{}
2026-08-13 07:15:00+00:00,AWS-001,23.06,991.57,65.93,28.6139,77.209,216.0,False,NORMAL,NONE,False,none,23.06,991.57,65.93,{}
2026-08-13 07:20:00+00:00,AWS-001,23.13,991.58,66.09,28.6139,77.209,216.0,False,NORMAL,NONE,False,none,23.13,991.58,66.09,{}
2026-08-13 07:25:00+00:00,AWS-001,23.15,991.55,66.2,28.6139,77.209,216.0,False,NORMAL,NONE,False,none,23.15,991.55,66.2,{}
2026-08-13 07:30:00+00:00,AWS-001,23.56,991.52,63.92,28.6139,77.209,216.0,False,NORMAL,NONE,False,none,23.56,991.52,63.92,{}
2026-08-13 07:35:00+00:00,AWS-001,23.84,991.58,63.21,28.6139,77.209,216.0,False,NORMAL,NONE,False,none,23.84,991.58,63.21,{}
2026-08-13 07:40:00+00:00,AWS-001,23.81,991.56,62.55,28.6139,77.209,216.0,False,NORMAL,NONE,False,none,23.81,991.56,62.55,{}
2026-08-13 07:45:00+00:00,AWS-001,24.02,991.63,62.73,28.6139,77.209,216.0,False,NORMAL,NONE,False,none,24.02,991.63,62.73,{}
2026-08-13 07:50:00+00:00,AWS-001,24.0,991.65,63.06,28.6139,77.209,216.0,False,NORMAL,NONE,False,none,24.0,991.65,63.06,{}
2026-08-13 07:55:00+00:00,AWS-001,23.93,991.71,62.77,28.6139,77.209,216.0,False,NORMAL,NONE,False,none,23.93,991.71,62.77,{}
2026-08-13 08:00:00+00:00,AWS-001,24.26,991.76,62.11,28.6139,77.209,216.0,False,NORMAL,NONE,False,none,24.26,991.76,62.11,{}
2026-08-13 08:05:00+00:00,AWS-001,24.1,991.82,64.07,28.6139,77.209,216.0,False,NORMAL,NONE,False,none,24.1,991.82,64.07,{}
2026-08-13 08:10:00+00:00,AWS-001,24.42,991.8,62.5,28.6139,77.209,216.0,False,NORMAL,NONE,False,none,24.42,991.8,62.5,{}
2026-08-13 08:15:00+00:00,AWS-001,24.52,991.83,62.3,28.6139,77.209,216.0,False,NORMAL,NONE,False,none,24.52,991.83,62.3,{}
2026-08-13 08:20:00+00:00,AWS-001,24.64,991.88,61.41,28.6139,77.209,216.0,False,NORMAL,NONE,False,none,24.64,991.88,61.41,{}
2026-08-13 08:25:00+00:00,AWS-001,24.86,991.78,60.54,28.6139,77.209,216.0,False,NORMAL,NONE,False,none,24.86,991.78,60.54,{}
2026-08-13 08:30:00+00:00,AWS-001,25.1,991.89,58.62,28.6139,77.209,216.0,False,NORMAL,NONE,False,none,25.1,991.89,58.62,{}
2026-08-13 08:35:00+00:00,AWS-001,25.09,992.02,58.69,28.6139,77.209,216.0,False,NORMAL,NONE,False,none,25.09,992.02,58.69,{}
2026-08-13 08:40:00+00:00,AWS-001,25.36,992.06,57.82,28.6139,77.209,216.0,False,NORMAL,NONE,False,none,25.36,992.06,57.82,{}
2026-08-13 08:45:00+00:00,AWS-001,25.52,992.09,58.47,28.6139,77.209,216.0,False,NORMAL,NONE,False,none,25.52,992.09,58.47,{}
2026-08-13 08:50:00+00:00,AWS-001,25.44,992.1,57.46,28.6139,77.209,216.0,False,NORMAL,NONE,False,none,25.44,992.1,57.46,{}
2026-08-13 08:55:00+00:00,AWS-001,25.57,992.05,56.89,28.6139,77.209,216.0,False,NORMAL,NONE,False,none,25.57,992.05,56.89,{}
2026-08-13 09:00:00+00:00,AWS-001,25.96,992.02,56.47,28.6139,77.209,216.0,False,NORMAL,NONE,False,none,25.96,992.02,56.47,{}
2026-08-13 09:05:00+00:00,AWS-001,26.37,992.05,54.93,28.6139,77.209,216.0,False,NORMAL,NONE,False,none,26.37,992.05,54.93,{}
2026-08-13 09:10:00+00:00,AWS-001,26.58,991.97,54.1,28.6139,77.209,216.0,False,NORMAL,NONE,False,none,26.58,991.97,54.1,{}
2026-08-13 09:15:00+00:00,AWS-001,26.47,991.88,53.93,28.6139,77.209,216.0,False,NORMAL,NONE,False,none,26.47,991.88,53.93,{}
2026-08-13 09:20:00+00:00,AWS-001,26.67,991.83,52.79,28.6139,77.209,216.0,False,NORMAL,NONE,False,none,26.67,991.83,52.79,{}
2026-08-13 09:25:00+00:00,AWS-001,26.92,991.85,51.01,28.6139,77.209,216.0,False,NORMAL,NONE,False,none,26.92,991.85,51.01,{}
2026-08-13 09:30:00+00:00,AWS-001,27.13,991.77,50.25,28.6139,77.209,216.0,False,NORMAL,NONE,False,none,27.13,991.77,50.25,{}
2026-08-13 09:35:00+00:00,AWS-001,27.35,991.74,49.29,28.6139,77.209,216.0,False,NORMAL,NONE,False,none,27.35,991.74,49.29,{}
2026-08-13 09:40:00+00:00,AWS-001,27.48,991.71,49.33,28.6139,77.209,216.0,False,NORMAL,NONE,False,none,27.48,991.71,49.33,{}
2026-08-13 09:45:00+00:00,AWS-001,27.54,991.62,48.96,28.6139,77.209,216.0,False,NORMAL,NONE,False,none,27.54,991.62,48.96,{}
2026-08-13 09:50:00+00:00,AWS-001,27.52,991.46,49.05,28.6139,77.209,216.0,False,NORMAL,NONE,False,none,27.52,991.46,49.05,{}
2026-08-13 09:55:00+00:00,AWS-001,27.31,991.38,49.76,28.6139,77.209,216.0,False,NORMAL,NONE,False,none,27.31,991.38,49.76,{}
2026-08-13 10:00:00+00:00,AWS-001,27.5,991.38,49.46,28.6139,77.209,216.0,False,NORMAL,NONE,False,none,27.5,991.38,49.46,{}
2026-08-13 10:05:00+00:00,AWS-001,27.66,991.39,48.93,28.6139,77.209,216.0,False,NORMAL,NONE,False,none,27.66,991.39,48.93,{}
2026-08-13 10:10:00+00:00,AWS-001,27.88,991.4,47.91,28.6139,77.209,216.0,False,NORMAL,NONE,False,none,27.88,991.4,47.91,{}
2026-08-13 10:15:00+00:00,AWS-001,27.77,991.41,48.64,28.6139,77.209,216.0,False,NORMAL,NONE,False,none,27.77,991.41,48.64,{}
2026-08-13 10:20:00+00:00,AWS-001,28.02,991.33,48.88,28.6139,77.209,216.0,False,NORMAL,NONE,False,none,28.02,991.33,48.88,{}
2026-08-13 10:25:00+00:00,AWS-001,28.49,991.25,47.78,28.6139,77.209,216.0,False,NORMAL,NONE,False,none,28.49,991.25,47.78,{}
2026-08-13 10:30:00+00:00,AWS-001,28.58,991.24,47.24,28.6139,77.209,216.0,False,NORMAL,NONE,False,none,28.58,991.24,47.24,{}
2026-08-13 10:35:00+00:00,AWS-001,28.66,991.18,47.12,28.6139,77.209,216.0,False,NORMAL,NONE,False,none,28.66,991.18,47.12,{}
2026-08-13 10:40:00+00:00,AWS-001,28.8,991.2,45.58,28.6139,77.209,216.0,False,NORMAL,NONE,False,none,28.8,991.2,45.58,{}
2026-08-13 10:45:00+00:00,AWS-001,29.22,991.17,44.66,28.6139,77.209,216.0,False,NORMAL,NONE,False,none,29.22,991.17,44.66,{}
2026-08-13 10:50:00+00:00,AWS-001,29.09,991.19,45.03,28.6139,77.209,216.0,False,NORMAL,NONE,False,none,29.09,991.19,45.03,{}
2026-08-13 10:55:00+00:00,AWS-001,29.2,991.11,44.44,28.6139,77.209,216.0,False,NORMAL,NONE,False,none,29.2,991.11,44.44,{}
2026-08-13 11:00:00+00:00,AWS-001,29.14,991.11,44.46,28.6139,77.209,216.0,False,NORMAL,NONE,False,none,29.14,991.11,44.46,{}
2026-08-13 11:05:00+00:00,AWS-001,29.14,991.16,44.55,28.6139,77.209,216.0,False,NORMAL,NONE,False,none,29.14,991.16,44.55,{}
2026-08-13 11:10:00+00:00,AWS-001,29.23,991.08,45.27,28.6139,77.209,216.0,False,NORMAL,NONE,False,none,29.23,991.08,45.27,{}
2026-08-13 11:15:00+00:00,AWS-001,29.56,991.03,45.29,28.6139,77.209,216.0,False,NORMAL,NONE,False,none,29.56,991.03,45.29,{}
2026-08-13 11:20:00+00:00,AWS-001,29.94,990.9,43.79,28.6139,77.209,216.0,False,NORMAL,NONE,False,none,29.94,990.9,43.79,{}
2026-08-13 11:25:00+00:00,AWS-001,30.05,990.87,43.32,28.6139,77.209,216.0,False,NORMAL,NONE,False,none,30.05,990.87,43.32,{}
2026-08-13 11:30:00+00:00,AWS-001,30.02,990.85,43.25,28.6139,77.209,216.0,False,NORMAL,NONE,False,none,30.02,990.85,43.25,{}
2026-08-13 11:35:00+00:00,AWS-001,30.49,990.73,42.79,28.6139,77.209,216.0,False,NORMAL,NONE,False,none,30.49,990.73,42.79,{}
2026-08-13 11:40:00+00:00,AWS-001,30.42,990.68,43.14,28.6139,77.209,216.0,False,NORMAL,NONE,False,none,30.42,990.68,43.14,{}
2026-08-13 11:45:00+00:00,AWS-001,30.35,990.6,43.45,28.6139,77.209,216.0,False,NORMAL,NONE,False,none,30.35,990.6,43.45,{}
2026-08-13 11:50:00+00:00,AWS-001,30.09,990.53,44.48,28.6139,77.209,216.0,False,NORMAL,NONE,False,none,30.09,990.53,44.48,{}
2026-08-13 11:55:00+00:00,AWS-001,30.4,990.49,43.31,28.6139,77.209,216.0,False,NORMAL,NONE,False,none,30.4,990.49,43.31,{}
2026-08-13 12:00:00+00:00,AWS-001,30.61,990.42,43.7,28.6139,77.209,216.0,False,NORMAL,NONE,False,none,30.61,990.42,43.7,{}
2026-08-13 12:05:00+00:00,AWS-001,31.05,990.31,42.56,28.6139,77.209,216.0,False,NORMAL,NONE,False,none,31.05,990.31,42.56,{}
2026-08-13 12:10:00+00:00,AWS-001,30.8,990.26,42.54,28.6139,77.209,216.0,False,NORMAL,NONE,False,none,30.8,990.26,42.54,{}
2026-08-13 12:15:00+00:00,AWS-001,31.07,990.22,41.77,28.6139,77.209,216.0,False,NORMAL,NONE,False,none,31.07,990.22,41.77,{}
2026-08-13 12:20:00+00:00,AWS-001,31.08,990.08,42.56,28.6139,77.209,216.0,False,NORMAL,NONE,False,none,31.08,990.08,42.56,{}
2026-08-13 12:25:00+00:00,AWS-001,31.22,989.98,41.88,28.6139,77.209,216.0,False,NORMAL,NONE,False,none,31.22,989.98,41.88,{}
2026-08-13 12:30:00+00:00,AWS-001,30.94,989.77,43.13,28.6139,77.209,216.0,False,NORMAL,NONE,False,none,30.94,989.77,43.13,{}
2026-08-13 12:35:00+00:00,AWS-001,31.22,989.71,41.95,28.6139,77.209,216.0,False,NORMAL,NONE,False,none,31.22,989.71,41.95,{}
2026-08-13 12:40:00+00:00,AWS-001,31.36,989.68,41.11,28.6139,77.209,216.0,False,NORMAL,NONE,False,none,31.36,989.68,41.11,{}
2026-08-13 12:45:00+00:00,AWS-001,31.34,989.56,41.6,28.6139,77.209,216.0,False,NORMAL,NONE,False,none,31.34,989.56,41.6,{}
2026-08-13 12:50:00+00:00,AWS-001,31.45,989.47,40.77,28.6139,77.209,216.0,False,NORMAL,NONE,False,none,31.45,989.47,40.77,{}
2026-08-13 12:55:00+00:00,AWS-001,31.32,989.36,41.67,28.6139,77.209,216.0,False,NORMAL,NONE,False,none,31.32,989.36,41.67,{}
2026-08-13 13:00:00+00:00,AWS-001,31.24,989.24,42.07,28.6139,77.209,216.0,False,NORMAL,NONE,False,none,31.24,989.24,42.07,{}
2026-08-13 13:05:00+00:00,AWS-001,31.19,989.15,41.58,28.6139,77.209,216.0,False,NORMAL,NONE,False,none,31.19,989.15,41.58,{}
2026-08-13 13:10:00+00:00,AWS-001,30.91,989.01,42.23,28.6139,77.209,216.0,False,NORMAL,NONE,False,none,30.91,989.01,42.23,{}
2026-08-13 13:15:00+00:00,AWS-001,31.13,988.9,41.41,28.6139,77.209,216.0,False,NORMAL,NONE,False,none,31.13,988.9,41.41,{}
2026-08-13 13:20:00+00:00,AWS-001,31.38,988.76,41.13,28.6139,77.209,216.0,False,NORMAL,NONE,False,none,31.38,988.76,41.13,{}
2026-08-13 13:25:00+00:00,AWS-001,31.28,988.71,42.59,28.6139,77.209,216.0,False,NORMAL,NONE,False,none,31.28,988.71,42.59,{}
2026-08-13 13:30:00+00:00,AWS-001,31.37,988.63,42.0,28.6139,77.209,216.0,False,NORMAL,NONE,False,none,31.37,988.63,42.0,{}
2026-08-13 13:35:00+00:00,AWS-001,31.36,988.52,42.3,28.6139,77.209,216.0,False,NORMAL,NONE,False,none,31.36,988.52,42.3,{}
2026-08-13 13:40:00+00:00,AWS-001,31.44,988.43,42.0,28.6139,77.209,216.0,False,NORMAL,NONE,False,none,31.44,988.43,42.0,{}
2026-08-13 13:45:00+00:00,AWS-001,31.35,988.33,42.11,28.6139,77.209,216.0,False,NORMAL,NONE,False,none,31.35,988.33,42.11,{}
2026-08-13 13:50:00+00:00,AWS-001,31.24,988.31,42.19,28.6139,77.209,216.0,False,NORMAL,NONE,False,none,31.24,988.31,42.19,{}
2026-08-13 13:55:00+00:00,AWS-001,31.46,988.2,41.07,28.6139,77.209,216.0,False,NORMAL,NONE,False,none,31.46,988.2,41.07,{}
2026-08-13 14:00:00+00:00,AWS-001,31.46,988.15,41.3,28.6139,77.209,216.0,False,NORMAL,NONE,False,none,31.46,988.15,41.3,{}
2026-08-13 14:05:00+00:00,AWS-001,31.82,988.02,40.3,28.6139,77.209,216.0,False,NORMAL,NONE,False,none,31.82,988.02,40.3,{}
2026-08-13 14:10:00+00:00,AWS-001,31.8,987.98,39.8,28.6139,77.209,216.0,False,NORMAL,NONE,False,none,31.8,987.98,39.8,{}
2026-08-13 14:15:00+00:00,AWS-001,31.62,987.96,40.96,28.6139,77.209,216.0,False,NORMAL,NONE,False,none,31.62,987.96,40.96,{}
2026-08-13 14:20:00+00:00,AWS-001,31.82,987.93,40.56,28.6139,77.209,216.0,False,NORMAL,NONE,False,none,31.82,987.93,40.56,{}
2026-08-13 14:25:00+00:00,AWS-001,31.89,987.93,40.24,28.6139,77.209,216.0,False,NORMAL,NONE,False,none,31.89,987.93,40.24,{}
2026-08-13 14:30:00+00:00,AWS-001,31.97,987.85,40.93,28.6139,77.209,216.0,False,NORMAL,NONE,False,none,31.97,987.85,40.93,{}
2026-08-13 14:35:00+00:00,AWS-001,32.11,987.83,39.33,28.6139,77.209,216.0,False,NORMAL,NONE,False,none,32.11,987.83,39.33,{}
2026-08-13 14:40:00+00:00,AWS-001,31.92,987.83,40.63,28.6139,77.209,216.0,False,NORMAL,NONE,False,none,31.92,987.83,40.63,{}
2026-08-13 14:45:00+00:00,AWS-001,31.84,987.66,40.2,28.6139,77.209,216.0,False,NORMAL,NONE,False,none,31.84,987.66,40.2,{}
2026-08-13 14:50:00+00:00,AWS-001,31.76,987.53,40.56,28.6139,77.209,216.0,False,NORMAL,NONE,False,none,31.76,987.53,40.56,{}
2026-08-13 14:55:00+00:00,AWS-001,31.5,987.36,40.81,28.6139,77.209,216.0,False,NORMAL,NONE,False,none,31.5,987.36,40.81,{}
2026-08-13 15:00:00+00:00,AWS-001,31.44,987.34,40.45,28.6139,77.209,216.0,False,NORMAL,NONE,False,none,31.44,987.34,40.45,{}
2026-08-13 15:05:00+00:00,AWS-001,31.64,987.18,40.95,28.6139,77.209,216.0,False,NORMAL,NONE,False,none,31.64,987.18,40.95,{}
2026-08-13 15:10:00+00:00,AWS-001,31.64,987.0,42.14,28.6139,77.209,216.0,False,NORMAL,NONE,False,none,31.64,987.0,42.14,{}
2026-08-13 15:15:00+00:00,AWS-001,31.36,986.88,42.47,28.6139,77.209,216.0,False,NORMAL,NONE,False,none,31.36,986.88,42.47,{}
2026-08-13 15:20:00+00:00,AWS-001,31.07,986.73,43.24,28.6139,77.209,216.0,False,NORMAL,NONE,False,none,31.07,986.73,43.24,{}
2026-08-13 15:25:00+00:00,AWS-001,31.35,986.7,42.47,28.6139,77.209,216.0,False,NORMAL,NONE,False,none,31.35,986.7,42.47,{}
2026-08-13 15:30:00+00:00,AWS-001,31.3,986.6,43.57,28.6139,77.209,216.0,False,NORMAL,NONE,False,none,31.3,986.6,43.57,{}
2026-08-13 15:35:00+00:00,AWS-001,31.15,986.46,42.32,28.6139,77.209,216.0,False,NORMAL,NONE,False,none,31.15,986.46,42.32,{}
2026-08-13 15:40:00+00:00,AWS-001,31.08,986.43,42.71,28.6139,77.209,216.0,False,NORMAL,NONE,False,none,31.08,986.43,42.71,{}
2026-08-13 15:45:00+00:00,AWS-001,30.81,986.41,42.86,28.6139,77.209,216.0,False,NORMAL,NONE,False,none,30.81,986.41,42.86,{}
2026-08-13 15:50:00+00:00,AWS-001,31.04,986.27,40.83,28.6139,77.209,216.0,False,NORMAL,NONE,False,none,31.04,986.27,40.83,{}
2026-08-13 15:55:00+00:00,AWS-001,30.93,986.21,41.1,28.6139,77.209,216.0,False,NORMAL,NONE,False,none,30.93,986.21,41.1,{}
2026-08-13 16:00:00+00:00,AWS-001,31.13,986.2,42.04,28.6139,77.209,216.0,False,NORMAL,NONE,False,none,31.13,986.2,42.04,{}
2026-08-13 16:05:00+00:00,AWS-001,31.07,986.16,41.81,28.6139,77.209,216.0,False,NORMAL,NONE,False,none,31.07,986.16,41.81,{}
2026-08-13 16:10:00+00:00,AWS-001,31.23,986.13,41.99,28.6139,77.209,216.0,False,NORMAL,NONE,False,none,31.23,986.13,41.99,{}
2026-08-13 16:15:00+00:00,AWS-001,31.17,986.19,42.89,28.6139,77.209,216.0,False,NORMAL,NONE,False,none,31.17,986.19,42.89,{}
2026-08-13 16:20:00+00:00,AWS-001,31.21,986.3,42.68,28.6139,77.209,216.0,False,NORMAL,NONE,False,none,31.21,986.3,42.68,{}
2026-08-13 16:25:00+00:00,AWS-001,31.21,986.26,42.66,28.6139,77.209,216.0,False,NORMAL,NONE,False,none,31.21,986.26,42.66,{}
2026-08-13 16:30:00+00:00,AWS-001,31.19,986.16,41.55,28.6139,77.209,216.0,False,NORMAL,NONE,False,none,31.19,986.16,41.55,{}
2026-08-13 16:35:00+00:00,AWS-001,31.11,986.13,41.38,28.6139,77.209,216.0,False,NORMAL,NONE,False,none,31.11,986.13,41.38,{}
2026-08-13 16:40:00+00:00,AWS-001,30.93,986.13,42.53,28.6139,77.209,216.0,False,NORMAL,NONE,False,none,30.93,986.13,42.53,{}
2026-08-13 16:45:00+00:00,AWS-001,31.12,986.12,42.14,28.6139,77.209,216.0,False,NORMAL,NONE,False,none,31.12,986.12,42.14,{}
2026-08-13 16:50:00+00:00,AWS-001,30.8,986.14,43.17,28.6139,77.209,216.0,False,NORMAL,NONE,False,none,30.8,986.14,43.17,{}
2026-08-13 16:55:00+00:00,AWS-001,30.67,986.26,43.58,28.6139,77.209,216.0,False,NORMAL,NONE,False,none,30.67,986.26,43.58,{}
2026-08-13 17:00:00+00:00,AWS-001,30.53,986.14,45.28,28.6139,77.209,216.0,False,NORMAL,NONE,False,none,30.53,986.14,45.28,{}
2026-08-13 17:05:00+00:00,AWS-001,30.47,986.1,44.94,28.6139,77.209,216.0,False,NORMAL,NONE,False,none,30.47,986.1,44.94,{}
2026-08-13 17:10:00+00:00,AWS-001,30.26,986.18,46.33,28.6139,77.209,216.0,False,NORMAL,NONE,False,none,30.26,986.18,46.33,{}
2026-08-13 17:15:00+00:00,AWS-001,30.19,986.14,46.32,28.6139,77.209,216.0,False,NORMAL,NONE,False,none,30.19,986.14,46.32,{}
2026-08-13 17:20:00+00:00,AWS-001,30.03,986.17,47.55,28.6139,77.209,216.0,False,NORMAL,NONE,False,none,30.03,986.17,47.55,{}
2026-08-13 17:25:00+00:00,AWS-001,29.65,986.2,47.42,28.6139,77.209,216.0,False,NORMAL,NONE,False,none,29.65,986.2,47.42,{}
2026-08-13 17:30:00+00:00,AWS-001,29.56,986.26,47.58,28.6139,77.209,216.0,False,NORMAL,NONE,False,none,29.56,986.26,47.58,{}
2026-08-13 17:35:00+00:00,AWS-001,29.28,986.36,47.89,28.6139,77.209,216.0,False,NORMAL,NONE,False,none,29.28,986.36,47.89,{}
2026-08-13 17:40:00+00:00,AWS-001,28.91,986.35,48.86,28.6139,77.209,216.0,False,NORMAL,NONE,False,none,28.91,986.35,48.86,{}
2026-08-13 17:45:00+00:00,AWS-001,28.89,986.23,49.59,28.6139,77.209,216.0,False,NORMAL,NONE,False,none,28.89,986.23,49.59,{}
2026-08-13 17:50:00+00:00,AWS-001,28.91,986.18,49.55,28.6139,77.209,216.0,False,NORMAL,NONE,False,none,28.91,986.18,49.55,{}
2026-08-13 17:55:00+00:00,AWS-001,28.92,986.3,50.08,28.6139,77.209,216.0,False,NORMAL,NONE,False,none,28.92,986.3,50.08,{}
2026-08-13 18:00:00+00:00,AWS-001,28.93,986.21,49.35,28.6139,77.209,216.0,False,NORMAL,NONE,False,none,28.93,986.21,49.35,{}
2026-08-13 18:05:00+00:00,AWS-001,28.5,986.23,49.86,28.6139,77.209,216.0,False,NORMAL,NONE,False,none,28.5,986.23,49.86,{}
2026-08-13 18:10:00+00:00,AWS-001,28.2,986.08,50.65,28.6139,77.209,216.0,False,NORMAL,NONE,False,none,28.2,986.08,50.65,{}
2026-08-13 18:15:00+00:00,AWS-001,28.48,986.0,49.75,28.6139,77.209,216.0,False,NORMAL,NONE,False,none,28.48,986.0,49.75,{}
2026-08-13 18:20:00+00:00,AWS-001,28.2,986.07,50.38,28.6139,77.209,216.0,False,NORMAL,NONE,False,none,28.2,986.07,50.38,{}
2026-08-13 18:25:00+00:00,AWS-001,28.22,986.08,49.69,28.6139,77.209,216.0,False,NORMAL,NONE,False,none,28.22,986.08,49.69,{}
2026-08-13 18:30:00+00:00,AWS-001,28.0,986.07,51.15,28.6139,77.209,216.0,False,NORMAL,NONE,False,none,28.0,986.07,51.15,{}
2026-08-13 18:35:00+00:00,AWS-001,27.92,986.04,51.1,28.6139,77.209,216.0,False,NORMAL,NONE,False,none,27.92,986.04,51.1,{}
2026-08-13 18:40:00+00:00,AWS-001,27.72,985.94,52.6,28.6139,77.209,216.0,False,NORMAL,NONE,False,none,27.72,985.94,52.6,{}
2026-08-13 18:45:00+00:00,AWS-001,27.72,986.0,52.46,28.6139,77.209,216.0,False,NORMAL,NONE,False,none,27.72,986.0,52.46,{}
2026-08-13 18:50:00+00:00,AWS-001,27.64,986.01,53.0,28.6139,77.209,216.0,False,NORMAL,NONE,False,none,27.64,986.01,53.0,{}
2026-08-13 18:55:00+00:00,AWS-001,27.45,985.94,53.77,28.6139,77.209,216.0,False,NORMAL,NONE,False,none,27.45,985.94,53.77,{}
2026-08-13 19:00:00+00:00,AWS-001,27.17,985.97,53.93,28.6139,77.209,216.0,False,NORMAL,NONE,False,none,27.17,985.97,53.93,{}
2026-08-13 19:05:00+00:00,AWS-001,27.12,986.03,54.22,28.6139,77.209,216.0,False,NORMAL,NONE,False,none,27.12,986.03,54.22,{}
2026-08-13 19:10:00+00:00,AWS-001,26.81,986.04,56.3,28.6139,77.209,216.0,False,NORMAL,NONE,False,none,26.81,986.04,56.3,{}
2026-08-13 19:15:00+00:00,AWS-001,26.8,986.06,56.23,28.6139,77.209,216.0,False,NORMAL,NONE,False,none,26.8,986.06,56.23,{}
2026-08-13 19:20:00+00:00,AWS-001,27.14,986.09,55.47,28.6139,77.209,216.0,False,NORMAL,NONE,False,none,27.14,986.09,55.47,{}
2026-08-13 19:25:00+00:00,AWS-001,27.21,986.06,55.39,28.6139,77.209,216.0,False,NORMAL,NONE,False,none,27.21,986.06,55.39,{}
2026-08-13 19:30:00+00:00,AWS-001,27.15,986.08,55.46,28.6139,77.209,216.0,False,NORMAL,NONE,False,none,27.15,986.08,55.46,{}
2026-08-13 19:35:00+00:00,AWS-001,26.94,986.15,55.92,28.6139,77.209,216.0,False,NORMAL,NONE,False,none,26.94,986.15,55.92,{}
2026-08-13 19:40:00+00:00,AWS-001,26.44,986.22,57.63,28.6139,77.209,216.0,False,NORMAL,NONE,False,none,26.44,986.22,57.63,{}
2026-08-13 19:45:00+00:00,AWS-001,26.07,986.27,59.03,28.6139,77.209,216.0,False,NORMAL,NONE,False,none,26.07,986.27,59.03,{}
2026-08-13 19:50:00+00:00,AWS-001,26.17,986.23,57.53,28.6139,77.209,216.0,False,NORMAL,NONE,False,none,26.17,986.23,57.53,{}
2026-08-13 19:55:00+00:00,AWS-001,25.9,986.27,58.48,28.6139,77.209,216.0,False,NORMAL,NONE,False,none,25.9,986.27,58.48,{}
2026-08-13 20:00:00+00:00,AWS-001,25.65,986.3,59.06,28.6139,77.209,216.0,False,NORMAL,NONE,False,none,25.65,986.3,59.06,{}
2026-08-13 20:05:00+00:00,AWS-001,25.51,986.25,59.22,28.6139,77.209,216.0,False,NORMAL,NONE,False,none,25.51,986.25,59.22,{}
2026-08-13 20:10:00+00:00,AWS-001,25.22,986.23,61.02,28.6139,77.209,216.0,False,NORMAL,NONE,False,none,25.22,986.23,61.02,{}
2026-08-13 20:15:00+00:00,AWS-001,24.92,986.27,61.48,28.6139,77.209,216.0,False,NORMAL,NONE,False,none,24.92,986.27,61.48,{}
2026-08-13 20:20:00+00:00,AWS-001,24.83,986.34,60.85,28.6139,77.209,216.0,False,NORMAL,NONE,False,none,24.83,986.34,60.85,{}
2026-08-13 20:25:00+00:00,AWS-001,24.6,986.22,62.3,28.6139,77.209,216.0,False,NORMAL,NONE,False,none,24.6,986.22,62.3,{}
2026-08-13 20:30:00+00:00,AWS-001,24.4,986.31,62.13,28.6139,77.209,216.0,False,NORMAL,NONE,False,none,24.4,986.31,62.13,{}
2026-08-13 20:35:00+00:00,AWS-001,24.2,986.36,61.79,28.6139,77.209,216.0,False,NORMAL,NONE,False,none,24.2,986.36,61.79,{}
2026-08-13 20:40:00+00:00,AWS-001,24.23,986.35,62.55,28.6139,77.209,216.0,False,NORMAL,NONE,False,none,24.23,986.35,62.55,{}
2026-08-13 20:45:00+00:00,AWS-001,24.11,986.32,63.27,28.6139,77.209,216.0,False,NORMAL,NONE,False,none,24.11,986.32,63.27,{}
2026-08-13 20:50:00+00:00,AWS-001,23.99,986.32,64.13,28.6139,77.209,216.0,False,NORMAL,NONE,False,none,23.99,986.32,64.13,{}
2026-08-13 20:55:00+00:00,AWS-001,24.01,986.25,63.86,28.6139,77.209,216.0,False,NORMAL,NONE,False,none,24.01,986.25,63.86,{}
2026-08-13 21:00:00+00:00,AWS-001,23.88,986.22,63.58,28.6139,77.209,216.0,False,NORMAL,NONE,False,none,23.88,986.22,63.58,{}
2026-08-13 21:05:00+00:00,AWS-001,23.73,986.11,63.64,28.6139,77.209,216.0,False,NORMAL,NONE,False,none,23.73,986.11,63.64,{}
2026-08-13 21:10:00+00:00,AWS-001,23.7,985.98,63.86,28.6139,77.209,216.0,False,NORMAL,NONE,False,none,23.7,985.98,63.86,{}
2026-08-13 21:15:00+00:00,AWS-001,23.69,986.11,63.36,28.6139,77.209,216.0,False,NORMAL,NONE,False,none,23.69,986.11,63.36,{}
2026-08-13 21:20:00+00:00,AWS-001,23.54,986.08,64.53,28.6139,77.209,216.0,False,NORMAL,NONE,False,none,23.54,986.08,64.53,{}
2026-08-13 21:25:00+00:00,AWS-001,23.42,986.06,64.98,28.6139,77.209,216.0,False,NORMAL,NONE,False,none,23.42,986.06,64.98,{}
2026-08-13 21:30:00+00:00,AWS-001,23.16,986.03,66.43,28.6139,77.209,216.0,False,NORMAL,NONE,False,none,23.16,986.03,66.43,{}
2026-08-13 21:35:00+00:00,AWS-001,22.9,985.94,67.82,28.6139,77.209,216.0,False,NORMAL,NONE,False,none,22.9,985.94,67.82,{}
2026-08-13 21:40:00+00:00,AWS-001,22.93,985.89,68.12,28.6139,77.209,216.0,False,NORMAL,NONE,False,none,22.93,985.89,68.12,{}
2026-08-13 21:45:00+00:00,AWS-001,22.88,985.86,68.74,28.6139,77.209,216.0,False,NORMAL,NONE,False,none,22.88,985.86,68.74,{}
2026-08-13 21:50:00+00:00,AWS-001,22.83,985.82,68.79,28.6139,77.209,216.0,False,NORMAL,NONE,False,none,22.83,985.82,68.79,{}
2026-08-13 21:55:00+00:00,AWS-001,22.74,985.73,69.36,28.6139,77.209,216.0,False,NORMAL,NONE,False,none,22.74,985.73,69.36,{}
2026-08-13 22:00:00+00:00,AWS-001,22.61,985.72,70.12,28.6139,77.209,216.0,False,NORMAL,NONE,False,none,22.61,985.72,70.12,{}
2026-08-13 22:05:00+00:00,AWS-001,22.58,985.69,68.7,28.6139,77.209,216.0,False,NORMAL,NONE,False,none,22.58,985.69,68.7,{}
2026-08-13 22:10:00+00:00,AWS-001,22.59,985.67,69.33,28.6139,77.209,216.0,False,NORMAL,NONE,False,none,22.59,985.67,69.33,{}
2026-08-13 22:15:00+00:00,AWS-001,22.57,985.66,69.64,28.6139,77.209,216.0,False,NORMAL,NONE,False,none,22.57,985.66,69.64,{}
2026-08-13 22:20:00+00:00,AWS-001,22.38,985.59,70.94,28.6139,77.209,216.0,False,NORMAL,NONE,False,none,22.38,985.59,70.94,{}
2026-08-13 22:25:00+00:00,AWS-001,22.44,985.53,69.9,28.6139,77.209,216.0,False,NORMAL,NONE,False,none,22.44,985.53,69.9,{}
2026-08-13 22:30:00+00:00,AWS-001,22.29,985.55,70.52,28.6139,77.209,216.0,False,NORMAL,NONE,False,none,22.29,985.55,70.52,{}
2026-08-13 22:35:00+00:00,AWS-001,22.21,985.43,70.34,28.6139,77.209,216.0,False,NORMAL,NONE,False,none,22.21,985.43,70.34,{}
2026-08-13 22:40:00+00:00,AWS-001,22.07,985.26,71.67,28.6139,77.209,216.0,False,NORMAL,NONE,False,none,22.07,985.26,71.67,{}
2026-08-13 22:45:00+00:00,AWS-001,21.92,985.23,71.56,28.6139,77.209,216.0,False,NORMAL,NONE,False,none,21.92,985.23,71.56,{}
2026-08-13 22:50:00+00:00,AWS-001,21.62,985.13,72.58,28.6139,77.209,216.0,False,NORMAL,NONE,False,none,21.62,985.13,72.58,{}
2026-08-13 22:55:00+00:00,AWS-001,21.58,985.0,73.4,28.6139,77.209,216.0,False,NORMAL,NONE,False,none,21.58,985.0,73.4,{}
2026-08-13 23:00:00+00:00,AWS-001,21.89,985.0,71.8,28.6139,77.209,216.0,False,NORMAL,NONE,False,none,21.89,985.0,71.8,{}
2026-08-13 23:05:00+00:00,AWS-001,21.62,984.92,72.68,28.6139,77.209,216.0,False,NORMAL,NONE,False,none,21.62,984.92,72.68,{}
2026-08-13 23:10:00+00:00,AWS-001,21.44,984.78,74.36,28.6139,77.209,216.0,False,NORMAL,NONE,False,none,21.44,984.78,74.36,{}
2026-08-13 23:15:00+00:00,AWS-001,21.19,984.83,76.31,28.6139,77.209,216.0,False,NORMAL,NONE,False,none,21.19,984.83,76.31,{}
2026-08-13 23:20:00+00:00,AWS-001,20.94,984.66,77.95,28.6139,77.209,216.0,False,NORMAL,NONE,False,none,20.94,984.66,77.95,{}
2026-08-13 23:25:00+00:00,AWS-001,21.06,984.58,77.91,28.6139,77.209,216.0,False,NORMAL,NONE,False,none,21.06,984.58,77.91,{}
2026-08-13 23:30:00+00:00,AWS-001,20.78,984.4,78.99,28.6139,77.209,216.0,False,NORMAL,NONE,False,none,20.78,984.4,78.99,{}
2026-08-13 23:35:00+00:00,AWS-001,20.56,984.35,79.87,28.6139,77.209,216.0,False,NORMAL,NONE,False,none,20.56,984.35,79.87,{}
2026-08-13 23:40:00+00:00,AWS-001,20.17,984.24,81.36,28.6139,77.209,216.0,False,NORMAL,NONE,False,none,20.17,984.24,81.36,{}
2026-08-13 23:45:00+00:00,AWS-001,19.96,984.22,82.59,28.6139,77.209,216.0,False,NORMAL,NONE,False,none,19.96,984.22,82.59,{}
2026-08-13 23:50:00+00:00,AWS-001,19.6,984.14,84.11,28.6139,77.209,216.0,False,NORMAL,NONE,False,none,19.6,984.14,84.11,{}
2026-08-13 23:55:00+00:00,AWS-001,19.67,984.14,83.54,28.6139,77.209,216.0,False,NORMAL,NONE,False,none,19.67,984.14,83.54,{}
2026-08-14 00:00:00+00:00,AWS-001,20.01,984.03,82.24,28.6139,77.209,216.0,False,NORMAL,NONE,False,none,20.01,984.03,82.24,{}
2026-08-14 00:05:00+00:00,AWS-001,19.84,983.85,83.89,28.6139,77.209,216.0,False,NORMAL,NONE,False,none,19.84,983.85,83.89,{}
2026-08-14 00:10:00+00:00,AWS-001,19.46,983.78,86.01,28.6139,77.209,216.0,False,NORMAL,NONE,False,none,19.46,983.78,86.01,{}
2026-08-14 00:15:00+00:00,AWS-001,19.55,983.68,86.56,28.6139,77.209,216.0,False,NORMAL,NONE,False,none,19.55,983.68,86.56,{}
2026-08-14 00:20:00+00:00,AWS-001,19.35,983.49,86.9,28.6139,77.209,216.0,False,NORMAL,NONE,False,none,19.35,983.49,86.9,{}
2026-08-14 00:25:00+00:00,AWS-001,19.51,983.35,84.75,28.6139,77.209,216.0,False,NORMAL,NONE,False,none,19.51,983.35,84.75,{}
2026-08-14 00:30:00+00:00,AWS-001,19.37,983.24,85.94,28.6139,77.209,216.0,False,NORMAL,NONE,False,none,19.37,983.24,85.94,{}
2026-08-14 00:35:00+00:00,AWS-001,19.19,983.26,86.39,28.6139,77.209,216.0,False,NORMAL,NONE,False,none,19.19,983.26,86.39,{}
2026-08-14 00:40:00+00:00,AWS-001,19.1,983.22,86.74,28.6139,77.209,216.0,False,NORMAL,NONE,False,none,19.1,983.22,86.74,{}
2026-08-14 00:45:00+00:00,AWS-001,19.17,983.11,85.29,28.6139,77.209,216.0,False,NORMAL,NONE,False,none,19.17,983.11,85.29,{}
2026-08-14 00:50:00+00:00,AWS-001,19.07,983.05,85.52,28.6139,77.209,216.0,False,NORMAL,NONE,False,none,19.07,983.05,85.52,{}
2026-08-14 00:55:00+00:00,AWS-001,18.92,982.84,85.62,28.6139,77.209,216.0,False,NORMAL,NONE,False,none,18.92,982.84,85.62,{}
2026-08-14 01:00:00+00:00,AWS-001,18.84,982.73,86.16,28.6139,77.209,216.0,False,NORMAL,NONE,False,none,18.84,982.73,86.16,{}
2026-08-14 01:05:00+00:00,AWS-001,18.59,982.67,87.68,28.6139,77.209,216.0,False,NORMAL,NONE,False,none,18.59,982.67,87.68,{}
2026-08-14 01:10:00+00:00,AWS-001,18.64,982.6,87.78,28.6139,77.209,216.0,False,NORMAL,NONE,False,none,18.64,982.6,87.78,{}
2026-08-14 01:15:00+00:00,AWS-001,18.32,982.49,90.67,28.6139,77.209,216.0,False,NORMAL,NONE,False,none,18.32,982.49,90.67,{}
2026-08-14 01:20:00+00:00,AWS-001,18.26,982.4,91.57,28.6139,77.209,216.0,False,NORMAL,NONE,False,none,18.26,982.4,91.57,{}
2026-08-14 01:25:00+00:00,AWS-001,18.4,982.34,89.76,28.6139,77.209,216.0,False,NORMAL,NONE,False,none,18.4,982.34,89.76,{}
2026-08-14 01:30:00+00:00,AWS-001,18.45,982.26,90.06,28.6139,77.209,216.0,False,NORMAL,NONE,False,none,18.45,982.26,90.06,{}
2026-08-14 01:35:00+00:00,AWS-001,18.54,982.22,89.72,28.6139,77.209,216.0,False,NORMAL,NONE,False,none,18.54,982.22,89.72,{}
2026-08-14 01:40:00+00:00,AWS-001,18.51,982.15,89.91,28.6139,77.209,216.0,False,NORMAL,NONE,False,none,18.51,982.15,89.91,{}
2026-08-14 01:45:00+00:00,AWS-001,18.69,982.09,88.98,28.6139,77.209,216.0,False,NORMAL,NONE,False,none,18.69,982.09,88.98,{}
2026-08-14 01:50:00+00:00,AWS-001,18.8,982.1,88.54,28.6139,77.209,216.0,False,NORMAL,NONE,False,none,18.8,982.1,88.54,{}
2026-08-14 01:55:00+00:00,AWS-001,18.82,982.05,88.02,28.6139,77.209,216.0,False,NORMAL,NONE,False,none,18.82,982.05,88.02,{}
2026-08-14 02:00:00+00:00,AWS-001,18.92,982.05,87.45,28.6139,77.209,216.0,False,NORMAL,NONE,False,none,18.92,982.05,87.45,{}
2026-08-14 02:05:00+00:00,AWS-001,18.98,981.91,87.98,28.6139,77.209,216.0,False,NORMAL,NONE,False,none,18.98,981.91,87.98,{}
2026-08-14 02:10:00+00:00,AWS-001,18.83,981.71,88.3,28.6139,77.209,216.0,False,NORMAL,NONE,False,none,18.83,981.71,88.3,{}
2026-08-14 02:15:00+00:00,AWS-001,18.55,981.62,89.24,28.6139,77.209,216.0,False,NORMAL,NONE,False,none,18.55,981.62,89.24,{}
2026-08-14 02:20:00+00:00,AWS-001,18.6,981.51,89.05,28.6139,77.209,216.0,False,NORMAL,NONE,False,none,18.6,981.51,89.05,{}
2026-08-14 02:25:00+00:00,AWS-001,18.67,981.52,88.07,28.6139,77.209,216.0,False,NORMAL,NONE,False,none,18.67,981.52,88.07,{}
2026-08-14 02:30:00+00:00,AWS-001,18.82,981.36,86.33,28.6139,77.209,216.0,False,NORMAL,NONE,False,none,18.82,981.36,86.33,{}
2026-08-14 02:35:00+00:00,AWS-001,18.62,981.27,87.56,28.6139,77.209,216.0,False,NORMAL,NONE,False,none,18.62,981.27,87.56,{}
2026-08-14 02:40:00+00:00,AWS-001,18.46,981.22,89.74,28.6139,77.209,216.0,False,NORMAL,NONE,False,none,18.46,981.22,89.74,{}
2026-08-14 02:45:00+00:00,AWS-001,18.54,981.14,89.37,28.6139,77.209,216.0,False,NORMAL,NONE,False,none,18.54,981.14,89.37,{}
2026-08-14 02:50:00+00:00,AWS-001,18.53,981.05,89.66,28.6139,77.209,216.0,False,NORMAL,NONE,False,none,18.53,981.05,89.66,{}
2026-08-14 02:55:00+00:00,AWS-001,18.22,981.0,90.15,28.6139,77.209,216.0,False,NORMAL,NONE,False,none,18.22,981.0,90.15,{}
2026-08-14 03:00:00+00:00,AWS-001,18.33,980.99,90.06,28.6139,77.209,216.0,False,NORMAL,NONE,False,none,18.33,980.99,90.06,{}
2026-08-14 03:05:00+00:00,AWS-001,18.07,981.0,91.85,28.6139,77.209,216.0,False,NORMAL,NONE,False,none,18.07,981.0,91.85,{}
2026-08-14 03:10:00+00:00,AWS-001,17.99,980.93,92.05,28.6139,77.209,216.0,False,NORMAL,NONE,False,none,17.99,980.93,92.05,{}
2026-08-14 03:15:00+00:00,AWS-001,18.3,980.8,90.5,28.6139,77.209,216.0,False,NORMAL,NONE,False,none,18.3,980.8,90.5,{}
2026-08-14 03:20:00+00:00,AWS-001,18.67,980.82,88.69,28.6139,77.209,216.0,False,NORMAL,NONE,False,none,18.67,980.82,88.69,{}
2026-08-14 03:25:00+00:00,AWS-001,18.49,980.68,89.12,28.6139,77.209,216.0,False,NORMAL,NONE,False,none,18.49,980.68,89.12,{}
2026-08-14 03:30:00+00:00,AWS-001,18.49,980.72,89.53,28.6139,77.209,216.0,False,NORMAL,NONE,False,none,18.49,980.72,89.53,{}
2026-08-14 03:35:00+00:00,AWS-001,18.56,980.73,90.04,28.6139,77.209,216.0,False,NORMAL,NONE,False,none,18.56,980.73,90.04,{}
2026-08-14 03:40:00+00:00,AWS-001,18.91,980.74,87.91,28.6139,77.209,216.0,False,NORMAL,NONE,False,none,18.91,980.74,87.91,{}
2026-08-14 03:45:00+00:00,AWS-001,18.85,980.71,87.69,28.6139,77.209,216.0,False,NORMAL,NONE,False,none,18.85,980.71,87.69,{}
2026-08-14 03:50:00+00:00,AWS-001,18.81,980.51,87.89,28.6139,77.209,216.0,False,NORMAL,NONE,False,none,18.81,980.51,87.89,{}
2026-08-14 03:55:00+00:00,AWS-001,19.12,980.38,86.83,28.6139,77.209,216.0,False,NORMAL,NONE,False,none,19.12,980.38,86.83,{}
2026-08-14 04:00:00+00:00,AWS-001,19.09,980.35,86.26,28.6139,77.209,216.0,False,NORMAL,NONE,False,none,19.09,980.35,86.26,{}
2026-08-14 04:05:00+00:00,AWS-001,19.24,980.26,85.88,28.6139,77.209,216.0,False,NORMAL,NONE,False,none,19.24,980.26,85.88,{}
2026-08-14 04:10:00+00:00,AWS-001,19.03,980.2,86.67,28.6139,77.209,216.0,False,NORMAL,NONE,False,none,19.03,980.2,86.67,{}
2026-08-14 04:15:00+00:00,AWS-001,19.06,980.19,86.72,28.6139,77.209,216.0,False,NORMAL,NONE,False,none,19.06,980.19,86.72,{}
2026-08-14 04:20:00+00:00,AWS-001,18.86,980.14,87.55,28.6139,77.209,216.0,False,NORMAL,NONE,False,none,18.86,980.14,87.55,{}
2026-08-14 04:25:00+00:00,AWS-001,18.79,980.04,87.68,28.6139,77.209,216.0,False,NORMAL,NONE,False,none,18.79,980.04,87.68,{}
2026-08-14 04:30:00+00:00,AWS-001,19.05,980.06,87.33,28.6139,77.209,216.0,False,NORMAL,NONE,False,none,19.05,980.06,87.33,{}
2026-08-14 04:35:00+00:00,AWS-001,19.15,980.06,85.89,28.6139,77.209,216.0,False,NORMAL,NONE,False,none,19.15,980.06,85.89,{}
2026-08-14 04:40:00+00:00,AWS-001,19.2,980.02,86.04,28.6139,77.209,216.0,False,NORMAL,NONE,False,none,19.2,980.02,86.04,{}
2026-08-14 04:45:00+00:00,AWS-001,19.18,980.04,87.26,28.6139,77.209,216.0,False,NORMAL,NONE,False,none,19.18,980.04,87.26,{}
2026-08-14 04:50:00+00:00,AWS-001,19.27,980.02,87.1,28.6139,77.209,216.0,False,NORMAL,NONE,False,none,19.27,980.02,87.1,{}
2026-08-14 04:55:00+00:00,AWS-001,19.44,980.07,85.15,28.6139,77.209,216.0,False,NORMAL,NONE,False,none,19.44,980.07,85.15,{}
2026-08-14 05:00:00+00:00,AWS-001,19.72,980.05,82.86,28.6139,77.209,216.0,False,NORMAL,NONE,False,none,19.72,980.05,82.86,{}
2026-08-14 05:05:00+00:00,AWS-001,19.38,980.11,84.27,28.6139,77.209,216.0,False,NORMAL,NONE,False,none,19.38,980.11,84.27,{}
2026-08-14 05:10:00+00:00,AWS-001,19.39,979.97,84.47,28.6139,77.209,216.0,False,NORMAL,NONE,False,none,19.39,979.97,84.47,{}
2026-08-14 05:15:00+00:00,AWS-001,19.58,979.98,83.74,28.6139,77.209,216.0,False,NORMAL,NONE,False,none,19.58,979.98,83.74,{}
2026-08-14 05:20:00+00:00,AWS-001,19.72,979.94,82.3,28.6139,77.209,216.0,False,NORMAL,NONE,False,none,19.72,979.94,82.3,{}
2026-08-14 05:25:00+00:00,AWS-001,19.93,979.88,80.82,28.6139,77.209,216.0,False,NORMAL,NONE,False,none,19.93,979.88,80.82,{}
2026-08-14 05:30:00+00:00,AWS-001,20.12,979.95,79.62,28.6139,77.209,216.0,False,NORMAL,NONE,False,none,20.12,979.95,79.62,{}
2026-08-14 05:35:00+00:00,AWS-001,20.19,979.99,79.39,28.6139,77.209,216.0,False,NORMAL,NONE,False,none,20.19,979.99,79.39,{}
2026-08-14 05:40:00+00:00,AWS-001,20.24,979.86,80.66,28.6139,77.209,216.0,False,NORMAL,NONE,False,none,20.24,979.86,80.66,{}
2026-08-14 05:45:00+00:00,AWS-001,20.34,979.91,79.58,28.6139,77.209,216.0,False,NORMAL,NONE,False,none,20.34,979.91,79.58,{}
2026-08-14 05:50:00+00:00,AWS-001,20.68,979.94,77.42,28.6139,77.209,216.0,False,NORMAL,NONE,False,none,20.68,979.94,77.42,{}
2026-08-14 05:55:00+00:00,AWS-001,20.68,979.9,76.89,28.6139,77.209,216.0,False,NORMAL,NONE,False,none,20.68,979.9,76.89,{}
2026-08-14 06:00:00+00:00,AWS-001,20.8,979.86,76.95,28.6139,77.209,216.0,False,NORMAL,NONE,False,none,20.8,979.86,76.95,{}
2026-08-14 06:05:00+00:00,AWS-001,20.97,979.77,76.29,28.6139,77.209,216.0,False,NORMAL,NONE,False,none,20.97,979.77,76.29,{}
2026-08-14 06:10:00+00:00,AWS-001,21.36,979.77,74.03,28.6139,77.209,216.0,False,NORMAL,NONE,False,none,21.36,979.77,74.03,{}
2026-08-14 06:15:00+00:00,AWS-001,21.41,979.78,73.78,28.6139,77.209,216.0,False,NORMAL,NONE,False,none,21.41,979.78,73.78,{}
2026-08-14 06:20:00+00:00,AWS-001,21.68,979.85,72.25,28.6139,77.209,216.0,False,NORMAL,NONE,False,none,21.68,979.85,72.25,{}
2026-08-14 06:25:00+00:00,AWS-001,21.98,979.89,71.35,28.6139,77.209,216.0,False,NORMAL,NONE,False,none,21.98,979.89,71.35,{}
2026-08-14 06:30:00+00:00,AWS-001,22.04,979.84,72.95,28.6139,77.209,216.0,False,NORMAL,NONE,False,none,22.04,979.84,72.95,{}
2026-08-14 06:35:00+00:00,AWS-001,22.09,979.88,72.99,28.6139,77.209,216.0,False,NORMAL,NONE,False,none,22.09,979.88,72.99,{}
2026-08-14 06:40:00+00:00,AWS-001,22.13,979.89,72.62,28.6139,77.209,216.0,False,NORMAL,NONE,False,none,22.13,979.89,72.62,{}
2026-08-14 06:45:00+00:00,AWS-001,22.19,979.86,71.81,28.6139,77.209,216.0,False,NORMAL,NONE,False,none,22.19,979.86,71.81,{}
2026-08-14 06:50:00+00:00,AWS-001,22.44,979.79,69.82,28.6139,77.209,216.0,False,NORMAL,NONE,False,none,22.44,979.79,69.82,{}
2026-08-14 06:55:00+00:00,AWS-001,22.58,979.86,69.79,28.6139,77.209,216.0,False,NORMAL,NONE,False,none,22.58,979.86,69.79,{}
2026-08-14 07:00:00+00:00,AWS-001,22.72,979.92,69.65,28.6139,77.209,216.0,False,NORMAL,NONE,False,none,22.72,979.92,69.65,{}
2026-08-14 07:05:00+00:00,AWS-001,22.63,979.98,69.66,28.6139,77.209,216.0,False,NORMAL,NONE,False,none,22.63,979.98,69.66,{}
2026-08-14 07:10:00+00:00,AWS-001,22.6,979.96,70.57,28.6139,77.209,216.0,False,NORMAL,NONE,False,none,22.6,979.96,70.57,{}
2026-08-14 07:15:00+00:00,AWS-001,23.11,980.0,68.36,28.6139,77.209,216.0,False,NORMAL,NONE,False,none,23.11,980.0,68.36,{}
2026-08-14 07:20:00+00:00,AWS-001,23.18,979.94,68.43,28.6139,77.209,216.0,False,NORMAL,NONE,False,none,23.18,979.94,68.43,{}
2026-08-14 07:25:00+00:00,AWS-001,23.16,979.92,68.52,28.6139,77.209,216.0,False,NORMAL,NONE,False,none,23.16,979.92,68.52,{}
2026-08-14 07:30:00+00:00,AWS-001,23.53,979.95,66.74,28.6139,77.209,216.0,False,NORMAL,NONE,False,none,23.53,979.95,66.74,{}
2026-08-14 07:35:00+00:00,AWS-001,23.69,980.0,65.41,28.6139,77.209,216.0,False,NORMAL,NONE,False,none,23.69,980.0,65.41,{}
2026-08-14 07:40:00+00:00,AWS-001,23.89,979.93,64.52,28.6139,77.209,216.0,False,NORMAL,NONE,False,none,23.89,979.93,64.52,{}
2026-08-14 07:45:00+00:00,AWS-001,23.96,979.91,64.76,28.6139,77.209,216.0,False,NORMAL,NONE,False,none,23.96,979.91,64.76,{}
2026-08-14 07:50:00+00:00,AWS-001,24.01,979.92,64.15,28.6139,77.209,216.0,False,NORMAL,NONE,False,none,24.01,979.92,64.15,{}
2026-08-14 07:55:00+00:00,AWS-001,24.1,980.02,64.06,28.6139,77.209,216.0,False,NORMAL,NONE,False,none,24.1,980.02,64.06,{}
2026-08-14 08:00:00+00:00,AWS-001,23.99,980.0,63.72,28.6139,77.209,216.0,False,NORMAL,NONE,False,none,23.99,980.0,63.72,{}
2026-08-14 08:05:00+00:00,AWS-001,24.13,980.04,63.73,28.6139,77.209,216.0,False,NORMAL,NONE,False,none,24.13,980.04,63.73,{}
2026-08-14 08:10:00+00:00,AWS-001,24.34,980.08,63.12,28.6139,77.209,216.0,False,NORMAL,NONE,False,none,24.34,980.08,63.12,{}
2026-08-14 08:15:00+00:00,AWS-001,24.79,980.09,60.61,28.6139,77.209,216.0,False,NORMAL,NONE,False,none,24.79,980.09,60.61,{}
2026-08-14 08:20:00+00:00,AWS-001,24.91,980.13,60.08,28.6139,77.209,216.0,False,NORMAL,NONE,False,none,24.91,980.13,60.08,{}
2026-08-14 08:25:00+00:00,AWS-001,24.64,980.07,61.75,28.6139,77.209,216.0,False,NORMAL,NONE,False,none,24.64,980.07,61.75,{}
2026-08-14 08:30:00+00:00,AWS-001,24.78,980.06,60.39,28.6139,77.209,216.0,False,NORMAL,NONE,False,none,24.78,980.06,60.39,{}
2026-08-14 08:35:00+00:00,AWS-001,25.4,980.17,57.6,28.6139,77.209,216.0,False,NORMAL,NONE,False,none,25.4,980.17,57.6,{}
2026-08-14 08:40:00+00:00,AWS-001,25.65,980.27,56.87,28.6139,77.209,216.0,False,NORMAL,NONE,False,none,25.65,980.27,56.87,{}
2026-08-14 08:45:00+00:00,AWS-001,25.6,980.32,58.53,28.6139,77.209,216.0,False,NORMAL,NONE,False,none,25.6,980.32,58.53,{}
2026-08-14 08:50:00+00:00,AWS-001,25.82,980.39,57.31,28.6139,77.209,216.0,False,NORMAL,NONE,False,none,25.82,980.39,57.31,{}
2026-08-14 08:55:00+00:00,AWS-001,25.8,980.27,57.69,28.6139,77.209,216.0,False,NORMAL,NONE,False,none,25.8,980.27,57.69,{}
2026-08-14 09:00:00+00:00,AWS-001,25.7,980.22,58.15,28.6139,77.209,216.0,False,NORMAL,NONE,False,none,25.7,980.22,58.15,{}
2026-08-14 09:05:00+00:00,AWS-001,25.79,980.2,57.39,28.6139,77.209,216.0,False,NORMAL,NONE,False,none,25.79,980.2,57.39,{}
2026-08-14 09:10:00+00:00,AWS-001,25.96,980.34,56.91,28.6139,77.209,216.0,False,NORMAL,NONE,False,none,25.96,980.34,56.91,{}
2026-08-14 09:15:00+00:00,AWS-001,25.8,980.31,57.14,28.6139,77.209,216.0,False,NORMAL,NONE,False,none,25.8,980.31,57.14,{}
2026-08-14 09:20:00+00:00,AWS-001,25.8,980.35,56.95,28.6139,77.209,216.0,False,NORMAL,NONE,False,none,25.8,980.35,56.95,{}
2026-08-14 09:25:00+00:00,AWS-001,26.01,980.35,55.26,28.6139,77.209,216.0,False,NORMAL,NONE,False,none,26.01,980.35,55.26,{}
2026-08-14 09:30:00+00:00,AWS-001,26.13,980.35,55.02,28.6139,77.209,216.0,False,NORMAL,NONE,False,none,26.13,980.35,55.02,{}
2026-08-14 09:35:00+00:00,AWS-001,26.4,980.32,54.9,28.6139,77.209,216.0,False,NORMAL,NONE,False,none,26.4,980.32,54.9,{}
2026-08-14 09:40:00+00:00,AWS-001,26.37,980.23,55.07,28.6139,77.209,216.0,False,NORMAL,NONE,False,none,26.37,980.23,55.07,{}
2026-08-14 09:45:00+00:00,AWS-001,26.69,980.05,54.77,28.6139,77.209,216.0,False,NORMAL,NONE,False,none,26.69,980.05,54.77,{}
2026-08-14 09:50:00+00:00,AWS-001,26.67,980.11,55.14,28.6139,77.209,216.0,False,NORMAL,NONE,False,none,26.67,980.11,55.14,{}
2026-08-14 09:55:00+00:00,AWS-001,27.13,980.06,53.52,28.6139,77.209,216.0,False,NORMAL,NONE,False,none,27.13,980.06,53.52,{}
2026-08-14 10:00:00+00:00,AWS-001,27.0,979.93,53.45,28.6139,77.209,216.0,False,NORMAL,NONE,False,none,27.0,979.93,53.45,{}
2026-08-14 10:05:00+00:00,AWS-001,27.0,979.94,53.12,28.6139,77.209,216.0,False,NORMAL,NONE,False,none,27.0,979.94,53.12,{}
2026-08-14 10:10:00+00:00,AWS-001,27.27,979.95,51.39,28.6139,77.209,216.0,False,NORMAL,NONE,False,none,27.27,979.95,51.39,{}
2026-08-14 10:15:00+00:00,AWS-001,27.72,979.97,50.0,28.6139,77.209,216.0,False,NORMAL,NONE,False,none,27.72,979.97,50.0,{}
2026-08-14 10:20:00+00:00,AWS-001,27.91,980.01,49.68,28.6139,77.209,216.0,False,NORMAL,NONE,False,none,27.91,980.01,49.68,{}
2026-08-14 10:25:00+00:00,AWS-001,28.14,979.92,50.23,28.6139,77.209,216.0,False,NORMAL,NONE,False,none,28.14,979.92,50.23,{}
2026-08-14 10:30:00+00:00,AWS-001,28.26,979.83,50.16,28.6139,77.209,216.0,False,NORMAL,NONE,False,none,28.26,979.83,50.16,{}
2026-08-14 10:35:00+00:00,AWS-001,28.2,979.78,49.67,28.6139,77.209,216.0,False,NORMAL,NONE,False,none,28.2,979.78,49.67,{}
2026-08-14 10:40:00+00:00,AWS-001,28.25,979.79,48.6,28.6139,77.209,216.0,False,NORMAL,NONE,False,none,28.25,979.79,48.6,{}
2026-08-14 10:45:00+00:00,AWS-001,28.19,979.63,48.78,28.6139,77.209,216.0,False,NORMAL,NONE,False,none,28.19,979.63,48.78,{}
2026-08-14 10:50:00+00:00,AWS-001,28.14,979.6,49.57,28.6139,77.209,216.0,False,NORMAL,NONE,False,none,28.14,979.6,49.57,{}
2026-08-14 10:55:00+00:00,AWS-001,28.39,979.62,48.75,28.6139,77.209,216.0,False,NORMAL,NONE,False,none,28.39,979.62,48.75,{}
2026-08-14 11:00:00+00:00,AWS-001,28.36,979.63,49.21,28.6139,77.209,216.0,False,NORMAL,NONE,False,none,28.36,979.63,49.21,{}
2026-08-14 11:05:00+00:00,AWS-001,28.59,979.62,48.42,28.6139,77.209,216.0,False,NORMAL,NONE,False,none,28.59,979.62,48.42,{}
2026-08-14 11:10:00+00:00,AWS-001,28.54,979.63,49.04,28.6139,77.209,216.0,False,NORMAL,NONE,False,none,28.54,979.63,49.04,{}
2026-08-14 11:15:00+00:00,AWS-001,28.76,979.41,47.32,28.6139,77.209,216.0,False,NORMAL,NONE,False,none,28.76,979.41,47.32,{}
2026-08-14 11:20:00+00:00,AWS-001,28.84,979.46,48.21,28.6139,77.209,216.0,False,NORMAL,NONE,False,none,28.84,979.46,48.21,{}
2026-08-14 11:25:00+00:00,AWS-001,29.24,979.42,46.34,28.6139,77.209,216.0,False,NORMAL,NONE,False,none,29.24,979.42,46.34,{}
2026-08-14 11:30:00+00:00,AWS-001,29.42,979.43,46.41,28.6139,77.209,216.0,False,NORMAL,NONE,False,none,29.42,979.43,46.41,{}
2026-08-14 11:35:00+00:00,AWS-001,29.74,979.29,45.35,28.6139,77.209,216.0,False,NORMAL,NONE,False,none,29.74,979.29,45.35,{}
2026-08-14 11:40:00+00:00,AWS-001,29.7,979.13,45.37,28.6139,77.209,216.0,False,NORMAL,NONE,False,none,29.7,979.13,45.37,{}
2026-08-14 11:45:00+00:00,AWS-001,29.81,979.18,44.93,28.6139,77.209,216.0,False,NORMAL,NONE,False,none,29.81,979.18,44.93,{}
2026-08-14 11:50:00+00:00,AWS-001,29.74,979.05,45.29,28.6139,77.209,216.0,False,NORMAL,NONE,False,none,29.74,979.05,45.29,{}
2026-08-14 11:55:00+00:00,AWS-001,29.78,978.97,45.46,28.6139,77.209,216.0,False,NORMAL,NONE,False,none,29.78,978.97,45.46,{}
2026-08-14 12:00:00+00:00,AWS-001,29.85,978.94,45.89,28.6139,77.209,216.0,False,NORMAL,NONE,False,none,29.85,978.94,45.89,{}
2026-08-14 12:05:00+00:00,AWS-001,29.85,978.92,46.65,28.6139,77.209,216.0,False,NORMAL,NONE,False,none,29.85,978.92,46.65,{}
2026-08-14 12:10:00+00:00,AWS-001,29.77,978.91,46.81,28.6139,77.209,216.0,False,NORMAL,NONE,False,none,29.77,978.91,46.81,{}
2026-08-14 12:15:00+00:00,AWS-001,29.68,978.85,47.88,28.6139,77.209,216.0,False,NORMAL,NONE,False,none,29.68,978.85,47.88,{}
2026-08-14 12:20:00+00:00,AWS-001,29.44,978.71,48.17,28.6139,77.209,216.0,False,NORMAL,NONE,False,none,29.44,978.71,48.17,{}
2026-08-14 12:25:00+00:00,AWS-001,29.46,978.68,48.47,28.6139,77.209,216.0,False,NORMAL,NONE,False,none,29.46,978.68,48.47,{}
2026-08-14 12:30:00+00:00,AWS-001,29.76,978.64,47.57,28.6139,77.209,216.0,False,NORMAL,NONE,False,none,29.76,978.64,47.57,{}
2026-08-14 12:35:00+00:00,AWS-001,29.66,978.46,47.1,28.6139,77.209,216.0,False,NORMAL,NONE,False,none,29.66,978.46,47.1,{}
2026-08-14 12:40:00+00:00,AWS-001,29.62,978.47,47.07,28.6139,77.209,216.0,False,NORMAL,NONE,False,none,29.62,978.47,47.07,{}
2026-08-14 12:45:00+00:00,AWS-001,30.11,978.25,45.87,28.6139,77.209,216.0,False,NORMAL,NONE,False,none,30.11,978.25,45.87,{}
2026-08-14 12:50:00+00:00,AWS-001,30.15,978.24,45.5,28.6139,77.209,216.0,False,NORMAL,NONE,False,none,30.15,978.24,45.5,{}
2026-08-14 12:55:00+00:00,AWS-001,30.34,978.14,45.06,28.6139,77.209,216.0,False,NORMAL,NONE,False,none,30.34,978.14,45.06,{}
2026-08-14 13:00:00+00:00,AWS-001,30.57,978.11,44.81,28.6139,77.209,216.0,False,NORMAL,NONE,False,none,30.57,978.11,44.81,{}
2026-08-14 13:05:00+00:00,AWS-001,30.78,978.07,44.01,28.6139,77.209,216.0,False,NORMAL,NONE,False,none,30.78,978.07,44.01,{}
2026-08-14 13:10:00+00:00,AWS-001,30.6,978.0,42.35,28.6139,77.209,216.0,False,NORMAL,NONE,False,none,30.6,978.0,42.35,{}
2026-08-14 13:15:00+00:00,AWS-001,30.67,977.95,43.34,28.6139,77.209,216.0,False,NORMAL,NONE,False,none,30.67,977.95,43.34,{}
2026-08-14 13:20:00+00:00,AWS-001,30.49,977.88,43.48,28.6139,77.209,216.0,False,NORMAL,NONE,False,none,30.49,977.88,43.48,{}
2026-08-14 13:25:00+00:00,AWS-001,31.02,977.85,41.63,28.6139,77.209,216.0,False,NORMAL,NONE,False,none,31.02,977.85,41.63,{}
2026-08-14 13:30:00+00:00,AWS-001,30.81,977.9,41.45,28.6139,77.209,216.0,False,NORMAL,NONE,False,none,30.81,977.9,41.45,{}
2026-08-14 13:35:00+00:00,AWS-001,30.72,977.74,41.59,28.6139,77.209,216.0,False,NORMAL,NONE,False,none,30.72,977.74,41.59,{}
2026-08-14 13:40:00+00:00,AWS-001,30.65,977.48,41.56,28.6139,77.209,216.0,False,NORMAL,NONE,False,none,30.65,977.48,41.56,{}
2026-08-14 13:45:00+00:00,AWS-001,30.5,977.4,41.62,28.6139,77.209,216.0,False,NORMAL,NONE,False,none,30.5,977.4,41.62,{}
2026-08-14 13:50:00+00:00,AWS-001,30.85,977.31,40.55,28.6139,77.209,216.0,False,NORMAL,NONE,False,none,30.85,977.31,40.55,{}
2026-08-14 13:55:00+00:00,AWS-001,31.34,977.24,39.98,28.6139,77.209,216.0,False,NORMAL,NONE,False,none,31.34,977.24,39.98,{}
2026-08-14 14:00:00+00:00,AWS-001,31.28,977.14,41.55,28.6139,77.209,216.0,False,NORMAL,NONE,False,none,31.28,977.14,41.55,{}
2026-08-14 14:05:00+00:00,AWS-001,31.09,977.14,42.45,28.6139,77.209,216.0,False,NORMAL,NONE,False,none,31.09,977.14,42.45,{}
2026-08-14 14:10:00+00:00,AWS-001,30.77,977.01,43.8,28.6139,77.209,216.0,False,NORMAL,NONE,False,none,30.77,977.01,43.8,{}
2026-08-14 14:15:00+00:00,AWS-001,30.82,977.0,43.23,28.6139,77.209,216.0,False,NORMAL,NONE,False,none,30.82,977.0,43.23,{}
2026-08-14 14:20:00+00:00,AWS-001,30.85,976.99,43.07,28.6139,77.209,216.0,False,NORMAL,NONE,False,none,30.85,976.99,43.07,{}
2026-08-14 14:25:00+00:00,AWS-001,30.82,976.97,43.28,28.6139,77.209,216.0,False,NORMAL,NONE,False,none,30.82,976.97,43.28,{}
2026-08-14 14:30:00+00:00,AWS-001,30.93,976.95,42.43,28.6139,77.209,216.0,False,NORMAL,NONE,False,none,30.93,976.95,42.43,{}
2026-08-14 14:35:00+00:00,AWS-001,31.06,976.96,41.78,28.6139,77.209,216.0,False,NORMAL,NONE,False,none,31.06,976.96,41.78,{}
2026-08-14 14:40:00+00:00,AWS-001,31.15,976.92,42.07,28.6139,77.209,216.0,False,NORMAL,NONE,False,none,31.15,976.92,42.07,{}
2026-08-14 14:45:00+00:00,AWS-001,31.13,976.85,42.72,28.6139,77.209,216.0,False,NORMAL,NONE,False,none,31.13,976.85,42.72,{}
2026-08-14 14:50:00+00:00,AWS-001,30.97,976.84,42.94,28.6139,77.209,216.0,False,NORMAL,NONE,False,none,30.97,976.84,42.94,{}
2026-08-14 14:55:00+00:00,AWS-001,31.12,976.83,41.65,28.6139,77.209,216.0,False,NORMAL,NONE,False,none,31.12,976.83,41.65,{}
2026-08-14 15:00:00+00:00,AWS-001,31.14,976.84,41.38,28.6139,77.209,216.0,False,NORMAL,NONE,False,none,31.14,976.84,41.38,{}
2026-08-14 15:05:00+00:00,AWS-001,31.3,976.69,40.1,28.6139,77.209,216.0,False,NORMAL,NONE,False,none,31.3,976.69,40.1,{}
2026-08-14 15:10:00+00:00,AWS-001,31.41,976.65,40.0,28.6139,77.209,216.0,False,NORMAL,NONE,False,none,31.41,976.65,40.0,{}
2026-08-14 15:15:00+00:00,AWS-001,31.14,976.55,40.9,28.6139,77.209,216.0,False,NORMAL,NONE,False,none,31.14,976.55,40.9,{}
2026-08-14 15:20:00+00:00,AWS-001,30.9,976.56,41.38,28.6139,77.209,216.0,False,NORMAL,NONE,False,none,30.9,976.56,41.38,{}
2026-08-14 15:25:00+00:00,AWS-001,30.79,976.58,41.87,28.6139,77.209,216.0,False,NORMAL,NONE,False,none,30.79,976.58,41.87,{}
2026-08-14 15:30:00+00:00,AWS-001,30.63,976.54,42.55,28.6139,77.209,216.0,False,NORMAL,NONE,False,none,30.63,976.54,42.55,{}
2026-08-14 15:35:00+00:00,AWS-001,30.79,976.48,42.32,28.6139,77.209,216.0,False,NORMAL,NONE,False,none,30.79,976.48,42.32,{}
2026-08-14 15:40:00+00:00,AWS-001,30.86,976.5,41.37,28.6139,77.209,216.0,False,NORMAL,NONE,False,none,30.86,976.5,41.37,{}
2026-08-14 15:45:00+00:00,AWS-001,31.03,976.47,40.88,28.6139,77.209,216.0,False,NORMAL,NONE,False,none,31.03,976.47,40.88,{}
2026-08-14 15:50:00+00:00,AWS-001,31.06,976.55,41.17,28.6139,77.209,216.0,False,NORMAL,NONE,False,none,31.06,976.55,41.17,{}
2026-08-14 15:55:00+00:00,AWS-001,31.04,976.63,42.25,28.6139,77.209,216.0,False,NORMAL,NONE,False,none,31.04,976.63,42.25,{}
2026-08-14 16:00:00+00:00,AWS-001,31.18,976.67,41.62,28.6139,77.209,216.0,False,NORMAL,NONE,False,none,31.18,976.67,41.62,{}
2026-08-14 16:05:00+00:00,AWS-001,31.18,976.66,41.91,28.6139,77.209,216.0,False,NORMAL,NONE,False,none,31.18,976.66,41.91,{}
2026-08-14 16:10:00+00:00,AWS-001,31.1,976.75,42.53,28.6139,77.209,216.0,False,NORMAL,NONE,False,none,31.1,976.75,42.53,{}
2026-08-14 16:15:00+00:00,AWS-001,31.25,976.74,41.86,28.6139,77.209,216.0,False,NORMAL,NONE,False,none,31.25,976.74,41.86,{}
2026-08-14 16:20:00+00:00,AWS-001,31.15,976.69,42.69,28.6139,77.209,216.0,False,NORMAL,NONE,False,none,31.15,976.69,42.69,{}
2026-08-14 16:25:00+00:00,AWS-001,30.98,976.63,43.62,28.6139,77.209,216.0,False,NORMAL,NONE,False,none,30.98,976.63,43.62,{}
2026-08-14 16:30:00+00:00,AWS-001,30.73,976.58,44.78,28.6139,77.209,216.0,False,NORMAL,NONE,False,none,30.73,976.58,44.78,{}
2026-08-14 16:35:00+00:00,AWS-001,30.76,976.58,44.6,28.6139,77.209,216.0,False,NORMAL,NONE,False,none,30.76,976.58,44.6,{}
2026-08-14 16:40:00+00:00,AWS-001,30.86,976.61,45.47,28.6139,77.209,216.0,False,NORMAL,NONE,False,none,30.86,976.61,45.47,{}
2026-08-14 16:45:00+00:00,AWS-001,30.72,976.53,44.86,28.6139,77.209,216.0,False,NORMAL,NONE,False,none,30.72,976.53,44.86,{}
2026-08-14 16:50:00+00:00,AWS-001,30.81,976.52,45.57,28.6139,77.209,216.0,False,NORMAL,NONE,False,none,30.81,976.52,45.57,{}
2026-08-14 16:55:00+00:00,AWS-001,30.34,976.55,46.66,28.6139,77.209,216.0,False,NORMAL,NONE,False,none,30.34,976.55,46.66,{}
2026-08-14 17:00:00+00:00,AWS-001,30.22,976.61,47.24,28.6139,77.209,216.0,False,NORMAL,NONE,False,none,30.22,976.61,47.24,{}
2026-08-14 17:05:00+00:00,AWS-001,30.12,976.63,46.71,28.6139,77.209,216.0,False,NORMAL,NONE,False,none,30.12,976.63,46.71,{}
2026-08-14 17:10:00+00:00,AWS-001,29.89,976.66,47.34,28.6139,77.209,216.0,False,NORMAL,NONE,False,none,29.89,976.66,47.34,{}
2026-08-14 17:15:00+00:00,AWS-001,30.2,976.61,46.98,28.6139,77.209,216.0,False,NORMAL,NONE,False,none,30.2,976.61,46.98,{}
2026-08-14 17:20:00+00:00,AWS-001,30.05,976.59,46.11,28.6139,77.209,216.0,False,NORMAL,NONE,False,none,30.05,976.59,46.11,{}
2026-08-14 17:25:00+00:00,AWS-001,29.85,976.63,46.16,28.6139,77.209,216.0,False,NORMAL,NONE,False,none,29.85,976.63,46.16,{}
2026-08-14 17:30:00+00:00,AWS-001,29.73,976.69,44.81,28.6139,77.209,216.0,False,NORMAL,NONE,False,none,29.73,976.69,44.81,{}
2026-08-14 17:35:00+00:00,AWS-001,29.27,976.75,45.83,28.6139,77.209,216.0,False,NORMAL,NONE,False,none,29.27,976.75,45.83,{}
2026-08-14 17:40:00+00:00,AWS-001,29.06,976.74,45.85,28.6139,77.209,216.0,False,NORMAL,NONE,False,none,29.06,976.74,45.85,{}
2026-08-14 17:45:00+00:00,AWS-001,29.15,976.77,45.52,28.6139,77.209,216.0,False,NORMAL,NONE,False,none,29.15,976.77,45.52,{}
2026-08-14 17:50:00+00:00,AWS-001,28.95,976.9,47.97,28.6139,77.209,216.0,False,NORMAL,NONE,False,none,28.95,976.9,47.97,{}
2026-08-14 17:55:00+00:00,AWS-001,28.72,976.98,49.44,28.6139,77.209,216.0,False,NORMAL,NONE,False,none,28.72,976.98,49.44,{}
2026-08-14 18:00:00+00:00,AWS-001,28.87,977.01,47.79,28.6139,77.209,216.0,False,NORMAL,NONE,False,none,28.87,977.01,47.79,{}
2026-08-14 18:05:00+00:00,AWS-001,28.98,976.99,47.66,28.6139,77.209,216.0,False,NORMAL,NONE,False,none,28.98,976.99,47.66,{}
2026-08-14 18:10:00+00:00,AWS-001,28.93,977.0,48.11,28.6139,77.209,216.0,False,NORMAL,NONE,False,none,28.93,977.0,48.11,{}
2026-08-14 18:15:00+00:00,AWS-001,28.7,977.05,48.25,28.6139,77.209,216.0,False,NORMAL,NONE,False,none,28.7,977.05,48.25,{}
2026-08-14 18:20:00+00:00,AWS-001,28.53,977.12,48.67,28.6139,77.209,216.0,False,NORMAL,NONE,False,none,28.53,977.12,48.67,{}
2026-08-14 18:25:00+00:00,AWS-001,28.26,977.21,49.41,28.6139,77.209,216.0,False,NORMAL,NONE,False,none,28.26,977.21,49.41,{}
2026-08-14 18:30:00+00:00,AWS-001,27.98,977.29,49.18,28.6139,77.209,216.0,False,NORMAL,NONE,False,none,27.98,977.29,49.18,{}
2026-08-14 18:35:00+00:00,AWS-001,27.71,977.31,49.29,28.6139,77.209,216.0,False,NORMAL,NONE,False,none,27.71,977.31,49.29,{}
2026-08-14 18:40:00+00:00,AWS-001,27.53,977.34,50.02,28.6139,77.209,216.0,False,NORMAL,NONE,False,none,27.53,977.34,50.02,{}
2026-08-14 18:45:00+00:00,AWS-001,27.28,977.52,50.86,28.6139,77.209,216.0,False,NORMAL,NONE,False,none,27.28,977.52,50.86,{}
2026-08-14 18:50:00+00:00,AWS-001,26.96,977.53,51.42,28.6139,77.209,216.0,False,NORMAL,NONE,False,none,26.96,977.53,51.42,{}
2026-08-14 18:55:00+00:00,AWS-001,26.95,977.51,51.02,28.6139,77.209,216.0,False,NORMAL,NONE,False,none,26.95,977.51,51.02,{}
2026-08-14 19:00:00+00:00,AWS-001,26.93,977.47,51.16,28.6139,77.209,216.0,False,NORMAL,NONE,False,none,26.93,977.47,51.16,{}
2026-08-14 19:05:00+00:00,AWS-001,27.14,977.51,51.21,28.6139,77.209,216.0,False,NORMAL,NONE,False,none,27.14,977.51,51.21,{}
2026-08-14 19:10:00+00:00,AWS-001,26.92,977.64,51.87,28.6139,77.209,216.0,False,NORMAL,NONE,False,none,26.92,977.64,51.87,{}
2026-08-14 19:15:00+00:00,AWS-001,26.86,977.66,53.09,28.6139,77.209,216.0,False,NORMAL,NONE,False,none,26.86,977.66,53.09,{}
2026-08-14 19:20:00+00:00,AWS-001,26.8,977.81,52.71,28.6139,77.209,216.0,False,NORMAL,NONE,False,none,26.8,977.81,52.71,{}
2026-08-14 19:25:00+00:00,AWS-001,26.64,977.87,53.3,28.6139,77.209,216.0,False,NORMAL,NONE,False,none,26.64,977.87,53.3,{}
2026-08-14 19:30:00+00:00,AWS-001,26.64,977.99,53.0,28.6139,77.209,216.0,False,NORMAL,NONE,False,none,26.64,977.99,53.0,{}
2026-08-14 19:35:00+00:00,AWS-001,26.63,978.0,53.38,28.6139,77.209,216.0,False,NORMAL,NONE,False,none,26.63,978.0,53.38,{}
2026-08-14 19:40:00+00:00,AWS-001,26.53,978.01,53.12,28.6139,77.209,216.0,False,NORMAL,NONE,False,none,26.53,978.01,53.12,{}
2026-08-14 19:45:00+00:00,AWS-001,26.33,978.07,54.99,28.6139,77.209,216.0,False,NORMAL,NONE,False,none,26.33,978.07,54.99,{}
2026-08-14 19:50:00+00:00,AWS-001,26.11,978.16,54.42,28.6139,77.209,216.0,False,NORMAL,NONE,False,none,26.11,978.16,54.42,{}
2026-08-14 19:55:00+00:00,AWS-001,25.74,978.2,56.72,28.6139,77.209,216.0,False,NORMAL,NONE,False,none,25.74,978.2,56.72,{}
2026-08-14 20:00:00+00:00,AWS-001,25.49,978.27,57.45,28.6139,77.209,216.0,False,NORMAL,NONE,False,none,25.49,978.27,57.45,{}
2026-08-14 20:05:00+00:00,AWS-001,25.28,978.36,58.36,28.6139,77.209,216.0,False,NORMAL,NONE,False,none,25.28,978.36,58.36,{}
2026-08-14 20:10:00+00:00,AWS-001,25.0,978.32,59.99,28.6139,77.209,216.0,False,NORMAL,NONE,False,none,25.0,978.32,59.99,{}
2026-08-14 20:15:00+00:00,AWS-001,24.99,978.35,60.28,28.6139,77.209,216.0,False,NORMAL,NONE,False,none,24.99,978.35,60.28,{}
2026-08-14 20:20:00+00:00,AWS-001,25.1,978.38,59.13,28.6139,77.209,216.0,False,NORMAL,NONE,False,none,25.1,978.38,59.13,{}
2026-08-14 20:25:00+00:00,AWS-001,24.82,978.4,60.26,28.6139,77.209,216.0,False,NORMAL,NONE,False,none,24.82,978.4,60.26,{}
2026-08-14 20:30:00+00:00,AWS-001,24.76,978.48,61.43,28.6139,77.209,216.0,False,NORMAL,NONE,False,none,24.76,978.48,61.43,{}
2026-08-14 20:35:00+00:00,AWS-001,24.47,978.5,61.52,28.6139,77.209,216.0,False,NORMAL,NONE,False,none,24.47,978.5,61.52,{}
2026-08-14 20:40:00+00:00,AWS-001,24.31,978.44,63.16,28.6139,77.209,216.0,False,NORMAL,NONE,False,none,24.31,978.44,63.16,{}
2026-08-14 20:45:00+00:00,AWS-001,24.1,978.48,63.78,28.6139,77.209,216.0,False,NORMAL,NONE,False,none,24.1,978.48,63.78,{}
2026-08-14 20:50:00+00:00,AWS-001,24.11,978.48,63.08,28.6139,77.209,216.0,False,NORMAL,NONE,False,none,24.11,978.48,63.08,{}
2026-08-14 20:55:00+00:00,AWS-001,23.89,978.57,63.04,28.6139,77.209,216.0,False,NORMAL,NONE,False,none,23.89,978.57,63.04,{}
2026-08-14 21:00:00+00:00,AWS-001,23.96,978.67,62.48,28.6139,77.209,216.0,False,NORMAL,NONE,False,none,23.96,978.67,62.48,{}
2026-08-14 21:05:00+00:00,AWS-001,23.79,978.59,61.73,28.6139,77.209,216.0,False,NORMAL,NONE,False,none,23.79,978.59,61.73,{}
2026-08-14 21:10:00+00:00,AWS-001,23.56,978.6,62.41,28.6139,77.209,216.0,False,NORMAL,NONE,False,none,23.56,978.6,62.41,{}
2026-08-14 21:15:00+00:00,AWS-001,23.25,978.67,63.56,28.6139,77.209,216.0,False,NORMAL,NONE,False,none,23.25,978.67,63.56,{}
2026-08-14 21:20:00+00:00,AWS-001,23.2,978.64,63.17,28.6139,77.209,216.0,False,NORMAL,NONE,False,none,23.2,978.64,63.17,{}
2026-08-14 21:25:00+00:00,AWS-001,23.25,978.74,63.63,28.6139,77.209,216.0,False,NORMAL,NONE,False,none,23.25,978.74,63.63,{}
2026-08-14 21:30:00+00:00,AWS-001,23.18,978.85,63.87,28.6139,77.209,216.0,False,NORMAL,NONE,False,none,23.18,978.85,63.87,{}
2026-08-14 21:35:00+00:00,AWS-001,23.42,978.87,62.61,28.6139,77.209,216.0,False,NORMAL,NONE,False,none,23.42,978.87,62.61,{}
2026-08-14 21:40:00+00:00,AWS-001,23.49,978.86,62.28,28.6139,77.209,216.0,False,NORMAL,NONE,False,none,23.49,978.86,62.28,{}
2026-08-14 21:45:00+00:00,AWS-001,23.25,978.76,63.6,28.6139,77.209,216.0,False,NORMAL,NONE,False,none,23.25,978.76,63.6,{}
2026-08-14 21:50:00+00:00,AWS-001,23.01,978.85,64.64,28.6139,77.209,216.0,False,NORMAL,NONE,False,none,23.01,978.85,64.64,{}
2026-08-14 21:55:00+00:00,AWS-001,22.92,979.01,64.62,28.6139,77.209,216.0,False,NORMAL,NONE,False,none,22.92,979.01,64.62,{}
2026-08-14 22:00:00+00:00,AWS-001,22.61,979.14,66.06,28.6139,77.209,216.0,False,NORMAL,NONE,False,none,22.61,979.14,66.06,{}
2026-08-14 22:05:00+00:00,AWS-001,22.66,979.14,65.93,28.6139,77.209,216.0,False,NORMAL,NONE,False,none,22.66,979.14,65.93,{}
2026-08-14 22:10:00+00:00,AWS-001,22.55,979.08,65.72,28.6139,77.209,216.0,False,NORMAL,NONE,False,none,22.55,979.08,65.72,{}
2026-08-14 22:15:00+00:00,AWS-001,22.42,979.15,66.22,28.6139,77.209,216.0,False,NORMAL,NONE,False,none,22.42,979.15,66.22,{}
2026-08-14 22:20:00+00:00,AWS-001,22.37,979.15,66.98,28.6139,77.209,216.0,False,NORMAL,NONE,False,none,22.37,979.15,66.98,{}
2026-08-14 22:25:00+00:00,AWS-001,22.48,979.18,66.97,28.6139,77.209,216.0,False,NORMAL,NONE,False,none,22.48,979.18,66.97,{}
2026-08-14 22:30:00+00:00,AWS-001,22.3,979.2,67.55,28.6139,77.209,216.0,False,NORMAL,NONE,False,none,22.3,979.2,67.55,{}
2026-08-14 22:35:00+00:00,AWS-001,22.09,979.21,68.9,28.6139,77.209,216.0,False,NORMAL,NONE,False,none,22.09,979.21,68.9,{}
2026-08-14 22:40:00+00:00,AWS-001,22.16,979.26,67.95,28.6139,77.209,216.0,False,NORMAL,NONE,False,none,22.16,979.26,67.95,{}
2026-08-14 22:45:00+00:00,AWS-001,22.12,979.32,67.58,28.6139,77.209,216.0,False,NORMAL,NONE,False,none,22.12,979.32,67.58,{}
2026-08-14 22:50:00+00:00,AWS-001,21.85,979.27,68.66,28.6139,77.209,216.0,False,NORMAL,NONE,False,none,21.85,979.27,68.66,{}
2026-08-14 22:55:00+00:00,AWS-001,21.66,979.2,70.56,28.6139,77.209,216.0,False,NORMAL,NONE,False,none,21.66,979.2,70.56,{}
2026-08-14 23:00:00+00:00,AWS-001,21.51,979.04,71.27,28.6139,77.209,216.0,False,NORMAL,NONE,False,none,21.51,979.04,71.27,{}
2026-08-14 23:05:00+00:00,AWS-001,21.4,979.02,71.55,28.6139,77.209,216.0,False,NORMAL,NONE,False,none,21.4,979.02,71.55,{}
2026-08-14 23:10:00+00:00,AWS-001,21.0,978.96,74.27,28.6139,77.209,216.0,False,NORMAL,NONE,False,none,21.0,978.96,74.27,{}
2026-08-14 23:15:00+00:00,AWS-001,20.61,978.98,75.72,28.6139,77.209,216.0,False,NORMAL,NONE,False,none,20.61,978.98,75.72,{}
2026-08-14 23:20:00+00:00,AWS-001,20.36,978.96,78.17,28.6139,77.209,216.0,False,NORMAL,NONE,False,none,20.36,978.96,78.17,{}
2026-08-14 23:25:00+00:00,AWS-001,20.12,978.94,78.67,28.6139,77.209,216.0,False,NORMAL,NONE,False,none,20.12,978.94,78.67,{}
2026-08-14 23:30:00+00:00,AWS-001,19.95,978.98,78.62,28.6139,77.209,216.0,False,NORMAL,NONE,False,none,19.95,978.98,78.62,{}
2026-08-14 23:35:00+00:00,AWS-001,20.01,979.0,78.15,28.6139,77.209,216.0,False,NORMAL,NONE,False,none,20.01,979.0,78.15,{}
2026-08-14 23:40:00+00:00,AWS-001,19.91,978.97,78.39,28.6139,77.209,216.0,False,NORMAL,NONE,False,none,19.91,978.97,78.39,{}
2026-08-14 23:45:00+00:00,AWS-001,19.88,979.06,78.0,28.6139,77.209,216.0,False,NORMAL,NONE,False,none,19.88,979.06,78.0,{}
2026-08-14 23:50:00+00:00,AWS-001,19.6,979.07,81.02,28.6139,77.209,216.0,False,NORMAL,NONE,False,none,19.6,979.07,81.02,{}
2026-08-14 23:55:00+00:00,AWS-001,19.48,979.02,81.62,28.6139,77.209,216.0,False,NORMAL,NONE,False,none,19.48,979.02,81.62,{}
2026-08-15 00:00:00+00:00,AWS-001,19.47,978.97,81.75,28.6139,77.209,216.0,False,NORMAL,NONE,False,none,19.47,978.97,81.75,{}
2026-08-15 00:05:00+00:00,AWS-001,19.51,978.99,81.01,28.6139,77.209,216.0,False,NORMAL,NONE,False,none,19.51,978.99,81.01,{}
2026-08-15 00:10:00+00:00,AWS-001,19.32,978.97,81.43,28.6139,77.209,216.0,False,NORMAL,NONE,False,none,19.32,978.97,81.43,{}
2026-08-15 00:15:00+00:00,AWS-001,19.3,978.87,82.12,28.6139,77.209,216.0,False,NORMAL,NONE,False,none,19.3,978.87,82.12,{}
2026-08-15 00:20:00+00:00,AWS-001,19.61,978.9,79.34,28.6139,77.209,216.0,False,NORMAL,NONE,False,none,19.61,978.9,79.34,{}
2026-08-15 00:25:00+00:00,AWS-001,19.5,978.94,79.14,28.6139,77.209,216.0,False,NORMAL,NONE,False,none,19.5,978.94,79.14,{}
2026-08-15 00:30:00+00:00,AWS-001,19.29,978.97,80.14,28.6139,77.209,216.0,False,NORMAL,NONE,False,none,19.29,978.97,80.14,{}
2026-08-15 00:35:00+00:00,AWS-001,19.19,979.02,81.64,28.6139,77.209,216.0,False,NORMAL,NONE,False,none,19.19,979.02,81.64,{}
2026-08-15 00:40:00+00:00,AWS-001,19.14,979.09,81.64,28.6139,77.209,216.0,False,NORMAL,NONE,False,none,19.14,979.09,81.64,{}
2026-08-15 00:45:00+00:00,AWS-001,19.04,979.14,82.37,28.6139,77.209,216.0,False,NORMAL,NONE,False,none,19.04,979.14,82.37,{}
2026-08-15 00:50:00+00:00,AWS-001,18.98,979.09,82.69,28.6139,77.209,216.0,False,NORMAL,NONE,False,none,18.98,979.09,82.69,{}
2026-08-15 00:55:00+00:00,AWS-001,18.68,979.02,85.02,28.6139,77.209,216.0,False,NORMAL,NONE,False,none,18.68,979.02,85.02,{}
2026-08-15 01:00:00+00:00,AWS-001,18.49,978.85,84.84,28.6139,77.209,216.0,False,NORMAL,NONE,False,none,18.49,978.85,84.84,{}
2026-08-15 01:05:00+00:00,AWS-001,18.46,978.81,85.48,28.6139,77.209,216.0,False,NORMAL,NONE,False,none,18.46,978.81,85.48,{}
2026-08-15 01:10:00+00:00,AWS-001,18.43,978.79,85.47,28.6139,77.209,216.0,False,NORMAL,NONE,False,none,18.43,978.79,85.47,{}
2026-08-15 01:15:00+00:00,AWS-001,18.33,978.75,86.55,28.6139,77.209,216.0,False,NORMAL,NONE,False,none,18.33,978.75,86.55,{}
2026-08-15 01:20:00+00:00,AWS-001,18.3,978.59,86.05,28.6139,77.209,216.0,False,NORMAL,NONE,False,none,18.3,978.59,86.05,{}
2026-08-15 01:25:00+00:00,AWS-001,18.31,978.54,85.95,28.6139,77.209,216.0,False,NORMAL,NONE,False,none,18.31,978.54,85.95,{}
2026-08-15 01:30:00+00:00,AWS-001,18.46,978.55,85.05,28.6139,77.209,216.0,False,NORMAL,NONE,False,none,18.46,978.55,85.05,{}
2026-08-15 01:35:00+00:00,AWS-001,18.43,978.46,84.58,28.6139,77.209,216.0,False,NORMAL,NONE,False,none,18.43,978.46,84.58,{}
2026-08-15 01:40:00+00:00,AWS-001,18.48,978.44,83.57,28.6139,77.209,216.0,False,NORMAL,NONE,False,none,18.48,978.44,83.57,{}
2026-08-15 01:45:00+00:00,AWS-001,18.36,978.44,83.98,28.6139,77.209,216.0,False,NORMAL,NONE,False,none,18.36,978.44,83.98,{}
2026-08-15 01:50:00+00:00,AWS-001,18.45,978.48,83.81,28.6139,77.209,216.0,False,NORMAL,NONE,False,none,18.45,978.48,83.81,{}
2026-08-15 01:55:00+00:00,AWS-001,18.49,978.55,83.26,28.6139,77.209,216.0,False,NORMAL,NONE,False,none,18.49,978.55,83.26,{}
2026-08-15 02:00:00+00:00,AWS-001,18.61,978.49,82.62,28.6139,77.209,216.0,False,NORMAL,NONE,False,none,18.61,978.49,82.62,{}
2026-08-15 02:05:00+00:00,AWS-001,18.69,978.47,81.2,28.6139,77.209,216.0,False,NORMAL,NONE,False,none,18.69,978.47,81.2,{}
2026-08-15 02:10:00+00:00,AWS-001,18.74,978.46,81.05,28.6139,77.209,216.0,False,NORMAL,NONE,False,none,18.74,978.46,81.05,{}
2026-08-15 02:15:00+00:00,AWS-001,18.67,978.47,82.37,28.6139,77.209,216.0,False,NORMAL,NONE,False,none,18.67,978.47,82.37,{}
2026-08-15 02:20:00+00:00,AWS-001,18.67,978.47,82.99,28.6139,77.209,216.0,False,NORMAL,NONE,False,none,18.67,978.47,82.99,{}
2026-08-15 02:25:00+00:00,AWS-001,18.81,978.53,82.3,28.6139,77.209,216.0,False,NORMAL,NONE,False,none,18.81,978.53,82.3,{}
2026-08-15 02:30:00+00:00,AWS-001,18.65,978.36,83.36,28.6139,77.209,216.0,False,NORMAL,NONE,False,none,18.65,978.36,83.36,{}
2026-08-15 02:35:00+00:00,AWS-001,18.51,978.37,83.59,28.6139,77.209,216.0,False,NORMAL,NONE,False,none,18.51,978.37,83.59,{}
2026-08-15 02:40:00+00:00,AWS-001,18.53,978.38,84.61,28.6139,77.209,216.0,False,NORMAL,NONE,False,none,18.53,978.38,84.61,{}
2026-08-15 02:45:00+00:00,AWS-001,18.59,978.35,85.54,28.6139,77.209,216.0,False,NORMAL,NONE,False,none,18.59,978.35,85.54,{}
2026-08-15 02:50:00+00:00,AWS-001,18.44,978.2,86.18,28.6139,77.209,216.0,False,NORMAL,NONE,False,none,18.44,978.2,86.18,{}
2026-08-15 02:55:00+00:00,AWS-001,18.44,978.2,87.59,28.6139,77.209,216.0,False,NORMAL,NONE,False,none,18.44,978.2,87.59,{}
2026-08-15 03:00:00+00:00,AWS-001,18.44,978.17,86.71,28.6139,77.209,216.0,False,NORMAL,NONE,False,none,18.44,978.17,86.71,{}
2026-08-15 03:05:00+00:00,AWS-001,18.09,978.27,87.46,28.6139,77.209,216.0,False,NORMAL,NONE,False,none,18.09,978.27,87.46,{}
2026-08-15 03:10:00+00:00,AWS-001,18.12,978.3,86.69,28.6139,77.209,216.0,False,NORMAL,NONE,False,none,18.12,978.3,86.69,{}
2026-08-15 03:15:00+00:00,AWS-001,18.16,978.26,86.24,28.6139,77.209,216.0,False,NORMAL,NONE,False,none,18.16,978.26,86.24,{}
2026-08-15 03:20:00+00:00,AWS-001,18.2,978.15,87.42,28.6139,77.209,216.0,False,NORMAL,NONE,False,none,18.2,978.15,87.42,{}
2026-08-15 03:25:00+00:00,AWS-001,18.51,978.21,85.34,28.6139,77.209,216.0,False,NORMAL,NONE,False,none,18.51,978.21,85.34,{}
2026-08-15 03:30:00+00:00,AWS-001,18.35,978.27,85.45,28.6139,77.209,216.0,False,NORMAL,NONE,False,none,18.35,978.27,85.45,{}
2026-08-15 03:35:00+00:00,AWS-001,18.28,978.28,85.15,28.6139,77.209,216.0,False,NORMAL,NONE,False,none,18.28,978.28,85.15,{}
2026-08-15 03:40:00+00:00,AWS-001,17.93,978.34,87.78,28.6139,77.209,216.0,False,NORMAL,NONE,False,none,17.93,978.34,87.78,{}
2026-08-15 03:45:00+00:00,AWS-001,17.98,978.34,88.0,28.6139,77.209,216.0,False,NORMAL,NONE,False,none,17.98,978.34,88.0,{}
2026-08-15 03:50:00+00:00,AWS-001,18.05,978.43,87.12,28.6139,77.209,216.0,False,NORMAL,NONE,False,none,18.05,978.43,87.12,{}
2026-08-15 03:55:00+00:00,AWS-001,18.1,978.51,85.53,28.6139,77.209,216.0,False,NORMAL,NONE,False,none,18.1,978.51,85.53,{}
2026-08-15 04:00:00+00:00,AWS-001,18.43,978.44,83.16,28.6139,77.209,216.0,False,NORMAL,NONE,False,none,18.43,978.44,83.16,{}
2026-08-15 04:05:00+00:00,AWS-001,18.68,978.39,83.09,28.6139,77.209,216.0,False,NORMAL,NONE,False,none,18.68,978.39,83.09,{}
2026-08-15 04:10:00+00:00,AWS-001,18.78,978.55,82.97,28.6139,77.209,216.0,False,NORMAL,NONE,False,none,18.78,978.55,82.97,{}
2026-08-15 04:15:00+00:00,AWS-001,18.8,978.64,82.8,28.6139,77.209,216.0,False,NORMAL,NONE,False,none,18.8,978.64,82.8,{}
2026-08-15 04:20:00+00:00,AWS-001,19.07,978.6,82.54,28.6139,77.209,216.0,False,NORMAL,NONE,False,none,19.07,978.6,82.54,{}
2026-08-15 04:25:00+00:00,AWS-001,19.14,978.55,83.18,28.6139,77.209,216.0,False,NORMAL,NONE,False,none,19.14,978.55,83.18,{}
2026-08-15 04:30:00+00:00,AWS-001,19.08,978.62,83.06,28.6139,77.209,216.0,False,NORMAL,NONE,False,none,19.08,978.62,83.06,{}
2026-08-15 04:35:00+00:00,AWS-001,18.88,978.61,83.68,28.6139,77.209,216.0,False,NORMAL,NONE,False,none,18.88,978.61,83.68,{}
2026-08-15 04:40:00+00:00,AWS-001,18.94,978.65,82.74,28.6139,77.209,216.0,False,NORMAL,NONE,False,none,18.94,978.65,82.74,{}
2026-08-15 04:45:00+00:00,AWS-001,19.19,978.71,81.05,28.6139,77.209,216.0,False,NORMAL,NONE,False,none,19.19,978.71,81.05,{}
2026-08-15 04:50:00+00:00,AWS-001,19.69,978.77,77.55,28.6139,77.209,216.0,False,NORMAL,NONE,False,none,19.69,978.77,77.55,{}
2026-08-15 04:55:00+00:00,AWS-001,19.76,978.9,76.25,28.6139,77.209,216.0,False,NORMAL,NONE,False,none,19.76,978.9,76.25,{}
2026-08-15 05:00:00+00:00,AWS-001,19.71,979.07,75.59,28.6139,77.209,216.0,False,NORMAL,NONE,False,none,19.71,979.07,75.59,{}
2026-08-15 05:05:00+00:00,AWS-001,19.6,979.1,77.08,28.6139,77.209,216.0,False,NORMAL,NONE,False,none,19.6,979.1,77.08,{}
2026-08-15 05:10:00+00:00,AWS-001,19.8,979.1,75.23,28.6139,77.209,216.0,False,NORMAL,NONE,False,none,19.8,979.1,75.23,{}
2026-08-15 05:15:00+00:00,AWS-001,19.61,979.19,77.64,28.6139,77.209,216.0,False,NORMAL,NONE,False,none,19.61,979.19,77.64,{}
2026-08-15 05:20:00+00:00,AWS-001,19.85,979.35,76.1,28.6139,77.209,216.0,False,NORMAL,NONE,False,none,19.85,979.35,76.1,{}
2026-08-15 05:25:00+00:00,AWS-001,20.11,979.39,76.06,28.6139,77.209,216.0,False,NORMAL,NONE,False,none,20.11,979.39,76.06,{}
2026-08-15 05:30:00+00:00,AWS-001,20.29,979.51,74.9,28.6139,77.209,216.0,False,NORMAL,NONE,False,none,20.29,979.51,74.9,{}
2026-08-15 05:35:00+00:00,AWS-001,20.35,979.53,73.57,28.6139,77.209,216.0,False,NORMAL,NONE,False,none,20.35,979.53,73.57,{}
2026-08-15 05:40:00+00:00,AWS-001,20.55,979.6,73.57,28.6139,77.209,216.0,False,NORMAL,NONE,False,none,20.55,979.6,73.57,{}
2026-08-15 05:45:00+00:00,AWS-001,20.68,979.61,73.86,28.6139,77.209,216.0,False,NORMAL,NONE,False,none,20.68,979.61,73.86,{}
2026-08-15 05:50:00+00:00,AWS-001,20.65,979.69,73.26,28.6139,77.209,216.0,False,NORMAL,NONE,False,none,20.65,979.69,73.26,{}
2026-08-15 05:55:00+00:00,AWS-001,21.07,979.77,71.12,28.6139,77.209,216.0,False,NORMAL,NONE,False,none,21.07,979.77,71.12,{}
2026-08-15 06:00:00+00:00,AWS-001,21.09,979.89,70.43,28.6139,77.209,216.0,False,NORMAL,NONE,False,none,21.09,979.89,70.43,{}
2026-08-15 06:05:00+00:00,AWS-001,21.31,980.07,69.46,28.6139,77.209,216.0,False,NORMAL,NONE,False,none,21.31,980.07,69.46,{}
2026-08-15 06:10:00+00:00,AWS-001,20.99,980.13,70.99,28.6139,77.209,216.0,False,NORMAL,NONE,False,none,20.99,980.13,70.99,{}
2026-08-15 06:15:00+00:00,AWS-001,21.34,980.09,69.29,28.6139,77.209,216.0,False,NORMAL,NONE,False,none,21.34,980.09,69.29,{}
2026-08-15 06:20:00+00:00,AWS-001,21.69,980.17,66.71,28.6139,77.209,216.0,False,NORMAL,NONE,False,none,21.69,980.17,66.71,{}
2026-08-15 06:25:00+00:00,AWS-001,21.78,980.27,66.2,28.6139,77.209,216.0,False,NORMAL,NONE,False,none,21.78,980.27,66.2,{}
2026-08-15 06:30:00+00:00,AWS-001,21.96,980.38,66.14,28.6139,77.209,216.0,False,NORMAL,NONE,False,none,21.96,980.38,66.14,{}
2026-08-15 06:35:00+00:00,AWS-001,22.14,980.46,65.43,28.6139,77.209,216.0,False,NORMAL,NONE,False,none,22.14,980.46,65.43,{}
2026-08-15 06:40:00+00:00,AWS-001,22.11,980.64,65.47,28.6139,77.209,216.0,False,NORMAL,NONE,False,none,22.11,980.64,65.47,{}
2026-08-15 06:45:00+00:00,AWS-001,22.3,980.73,64.26,28.6139,77.209,216.0,False,NORMAL,NONE,False,none,22.3,980.73,64.26,{}
2026-08-15 06:50:00+00:00,AWS-001,22.26,980.81,64.26,28.6139,77.209,216.0,False,NORMAL,NONE,False,none,22.26,980.81,64.26,{}
2026-08-15 06:55:00+00:00,AWS-001,22.27,980.85,65.33,28.6139,77.209,216.0,False,NORMAL,NONE,False,none,22.27,980.85,65.33,{}
2026-08-15 07:00:00+00:00,AWS-001,22.59,980.84,63.41,28.6139,77.209,216.0,False,NORMAL,NONE,False,none,22.59,980.84,63.41,{}
2026-08-15 07:05:00+00:00,AWS-001,22.86,980.96,62.97,28.6139,77.209,216.0,False,NORMAL,NONE,False,none,22.86,980.96,62.97,{}
2026-08-15 07:10:00+00:00,AWS-001,22.83,981.07,63.16,28.6139,77.209,216.0,False,NORMAL,NONE,False,none,22.83,981.07,63.16,{}
2026-08-15 07:15:00+00:00,AWS-001,22.82,981.1,63.4,28.6139,77.209,216.0,False,NORMAL,NONE,False,none,22.82,981.1,63.4,{}
2026-08-15 07:20:00+00:00,AWS-001,22.84,981.2,62.86,28.6139,77.209,216.0,False,NORMAL,NONE,False,none,22.84,981.2,62.86,{}
2026-08-15 07:25:00+00:00,AWS-001,23.11,981.29,61.69,28.6139,77.209,216.0,False,NORMAL,NONE,False,none,23.11,981.29,61.69,{}
2026-08-15 07:30:00+00:00,AWS-001,23.08,981.35,61.92,28.6139,77.209,216.0,False,NORMAL,NONE,False,none,23.08,981.35,61.92,{}
2026-08-15 07:35:00+00:00,AWS-001,23.29,981.41,60.88,28.6139,77.209,216.0,False,NORMAL,NONE,False,none,23.29,981.41,60.88,{}
2026-08-15 07:40:00+00:00,AWS-001,23.55,981.53,60.21,28.6139,77.209,216.0,False,NORMAL,NONE,False,none,23.55,981.53,60.21,{}
2026-08-15 07:45:00+00:00,AWS-001,23.67,981.62,60.15,28.6139,77.209,216.0,False,NORMAL,NONE,False,none,23.67,981.62,60.15,{}
2026-08-15 07:50:00+00:00,AWS-001,23.97,981.68,60.45,28.6139,77.209,216.0,False,NORMAL,NONE,False,none,23.97,981.68,60.45,{}
2026-08-15 07:55:00+00:00,AWS-001,24.03,981.73,60.2,28.6139,77.209,216.0,False,NORMAL,NONE,False,none,24.03,981.73,60.2,{}
2026-08-15 08:00:00+00:00,AWS-001,24.12,981.83,58.49,28.6139,77.209,216.0,False,NORMAL,NONE,False,none,24.12,981.83,58.49,{}
2026-08-15 08:05:00+00:00,AWS-001,24.09,981.98,59.34,28.6139,77.209,216.0,False,NORMAL,NONE,False,none,24.09,981.98,59.34,{}
2026-08-15 08:10:00+00:00,AWS-001,24.41,982.09,57.99,28.6139,77.209,216.0,False,NORMAL,NONE,False,none,24.41,982.09,57.99,{}
2026-08-15 08:15:00+00:00,AWS-001,24.41,982.17,59.18,28.6139,77.209,216.0,False,NORMAL,NONE,False,none,24.41,982.17,59.18,{}
2026-08-15 08:20:00+00:00,AWS-001,24.61,982.27,59.16,28.6139,77.209,216.0,False,NORMAL,NONE,False,none,24.61,982.27,59.16,{}
2026-08-15 08:25:00+00:00,AWS-001,24.74,982.44,58.05,28.6139,77.209,216.0,False,NORMAL,NONE,False,none,24.74,982.44,58.05,{}
2026-08-15 08:30:00+00:00,AWS-001,24.71,982.55,58.36,28.6139,77.209,216.0,False,NORMAL,NONE,False,none,24.71,982.55,58.36,{}
2026-08-15 08:35:00+00:00,AWS-001,24.77,982.64,57.49,28.6139,77.209,216.0,False,NORMAL,NONE,False,none,24.77,982.64,57.49,{}
2026-08-15 08:40:00+00:00,AWS-001,25.17,982.75,55.96,28.6139,77.209,216.0,False,NORMAL,NONE,False,none,25.17,982.75,55.96,{}
2026-08-15 08:45:00+00:00,AWS-001,25.34,982.81,55.66,28.6139,77.209,216.0,False,NORMAL,NONE,False,none,25.34,982.81,55.66,{}
2026-08-15 08:50:00+00:00,AWS-001,25.31,982.88,56.25,28.6139,77.209,216.0,False,NORMAL,NONE,False,none,25.31,982.88,56.25,{}
2026-08-15 08:55:00+00:00,AWS-001,25.52,982.92,55.87,28.6139,77.209,216.0,False,NORMAL,NONE,False,none,25.52,982.92,55.87,{}
2026-08-15 09:00:00+00:00,AWS-001,25.64,982.9,55.19,28.6139,77.209,216.0,False,NORMAL,NONE,False,none,25.64,982.9,55.19,{}
2026-08-15 09:05:00+00:00,AWS-001,26.37,982.99,54.23,28.6139,77.209,216.0,False,NORMAL,NONE,False,none,26.37,982.99,54.23,{}
2026-08-15 09:10:00+00:00,AWS-001,26.49,983.08,53.14,28.6139,77.209,216.0,False,NORMAL,NONE,False,none,26.49,983.08,53.14,{}
2026-08-15 09:15:00+00:00,AWS-001,26.51,983.12,51.69,28.6139,77.209,216.0,False,NORMAL,NONE,False,none,26.51,983.12,51.69,{}
2026-08-15 09:20:00+00:00,AWS-001,26.84,983.25,49.65,28.6139,77.209,216.0,False,NORMAL,NONE,False,none,26.84,983.25,49.65,{}
2026-08-15 09:25:00+00:00,AWS-001,26.61,983.26,51.26,28.6139,77.209,216.0,False,NORMAL,NONE,False,none,26.61,983.26,51.26,{}
2026-08-15 09:30:00+00:00,AWS-001,26.74,983.22,50.67,28.6139,77.209,216.0,False,NORMAL,NONE,False,none,26.74,983.22,50.67,{}
2026-08-15 09:35:00+00:00,AWS-001,27.18,983.24,49.36,28.6139,77.209,216.0,False,NORMAL,NONE,False,none,27.18,983.24,49.36,{}
2026-08-15 09:40:00+00:00,AWS-001,27.24,983.21,48.73,28.6139,77.209,216.0,False,NORMAL,NONE,False,none,27.24,983.21,48.73,{}
2026-08-15 09:45:00+00:00,AWS-001,27.04,983.3,48.97,28.6139,77.209,216.0,False,NORMAL,NONE,False,none,27.04,983.3,48.97,{}
2026-08-15 09:50:00+00:00,AWS-001,27.1,983.32,48.29,28.6139,77.209,216.0,False,NORMAL,NONE,False,none,27.1,983.32,48.29,{}
2026-08-15 09:55:00+00:00,AWS-001,27.47,983.44,47.6,28.6139,77.209,216.0,False,NORMAL,NONE,False,none,27.47,983.44,47.6,{}
2026-08-15 10:00:00+00:00,AWS-001,27.64,983.55,47.09,28.6139,77.209,216.0,False,NORMAL,NONE,False,none,27.64,983.55,47.09,{}
2026-08-15 10:05:00+00:00,AWS-001,27.6,983.55,47.5,28.6139,77.209,216.0,False,NORMAL,NONE,False,none,27.6,983.55,47.5,{}
2026-08-15 10:10:00+00:00,AWS-001,27.6,983.55,47.67,28.6139,77.209,216.0,False,NORMAL,NONE,False,none,27.6,983.55,47.67,{}
2026-08-15 10:15:00+00:00,AWS-001,27.64,983.63,47.24,28.6139,77.209,216.0,False,NORMAL,NONE,False,none,27.64,983.63,47.24,{}
2026-08-15 10:20:00+00:00,AWS-001,27.84,983.73,45.76,28.6139,77.209,216.0,False,NORMAL,NONE,False,none,27.84,983.73,45.76,{}
2026-08-15 10:25:00+00:00,AWS-001,28.19,983.65,43.96,28.6139,77.209,216.0,False,NORMAL,NONE,False,none,28.19,983.65,43.96,{}
2026-08-15 10:30:00+00:00,AWS-001,28.47,983.71,45.4,28.6139,77.209,216.0,False,NORMAL,NONE,False,none,28.47,983.71,45.4,{}
2026-08-15 10:35:00+00:00,AWS-001,28.62,983.62,45.85,28.6139,77.209,216.0,False,NORMAL,NONE,False,none,28.62,983.62,45.85,{}
2026-08-15 10:40:00+00:00,AWS-001,28.48,983.64,46.87,28.6139,77.209,216.0,False,NORMAL,NONE,False,none,28.48,983.64,46.87,{}
2026-08-15 10:45:00+00:00,AWS-001,28.36,983.75,46.45,28.6139,77.209,216.0,False,NORMAL,NONE,False,none,28.36,983.75,46.45,{}
2026-08-15 10:50:00+00:00,AWS-001,28.58,983.96,45.68,28.6139,77.209,216.0,False,NORMAL,NONE,False,none,28.58,983.96,45.68,{}
2026-08-15 10:55:00+00:00,AWS-001,28.48,983.97,45.27,28.6139,77.209,216.0,False,NORMAL,NONE,False,none,28.48,983.97,45.27,{}
2026-08-15 11:00:00+00:00,AWS-001,28.58,983.92,44.1,28.6139,77.209,216.0,False,NORMAL,NONE,False,none,28.58,983.92,44.1,{}
2026-08-15 11:05:00+00:00,AWS-001,28.77,983.91,43.3,28.6139,77.209,216.0,False,NORMAL,NONE,False,none,28.77,983.91,43.3,{}
2026-08-15 11:10:00+00:00,AWS-001,28.71,983.93,44.4,28.6139,77.209,216.0,False,NORMAL,NONE,False,none,28.71,983.93,44.4,{}
2026-08-15 11:15:00+00:00,AWS-001,28.69,983.92,44.95,28.6139,77.209,216.0,False,NORMAL,NONE,False,none,28.69,983.92,44.95,{}
2026-08-15 11:20:00+00:00,AWS-001,28.84,983.88,43.86,28.6139,77.209,216.0,False,NORMAL,NONE,False,none,28.84,983.88,43.86,{}
2026-08-15 11:25:00+00:00,AWS-001,29.08,983.88,43.05,28.6139,77.209,216.0,False,NORMAL,NONE,False,none,29.08,983.88,43.05,{}
2026-08-15 11:30:00+00:00,AWS-001,29.39,983.93,42.77,28.6139,77.209,216.0,False,NORMAL,NONE,False,none,29.39,983.93,42.77,{}
2026-08-15 11:35:00+00:00,AWS-001,29.6,983.93,41.85,28.6139,77.209,216.0,False,NORMAL,NONE,False,none,29.6,983.93,41.85,{}
2026-08-15 11:40:00+00:00,AWS-001,29.71,983.9,41.66,28.6139,77.209,216.0,False,NORMAL,NONE,False,none,29.71,983.9,41.66,{}
2026-08-15 11:45:00+00:00,AWS-001,29.67,983.88,41.99,28.6139,77.209,216.0,False,NORMAL,NONE,False,none,29.67,983.88,41.99,{}
2026-08-15 11:50:00+00:00,AWS-001,29.6,983.87,42.38,28.6139,77.209,216.0,False,NORMAL,NONE,False,none,29.6,983.87,42.38,{}
2026-08-15 11:55:00+00:00,AWS-001,29.63,983.83,42.38,28.6139,77.209,216.0,False,NORMAL,NONE,False,none,29.63,983.83,42.38,{}
2026-08-15 12:00:00+00:00,AWS-001,29.83,983.81,41.42,28.6139,77.209,216.0,False,NORMAL,NONE,False,none,29.83,983.81,41.42,{}
2026-08-15 12:05:00+00:00,AWS-001,29.99,983.87,40.66,28.6139,77.209,216.0,False,NORMAL,NONE,False,none,29.99,983.87,40.66,{}
2026-08-15 12:10:00+00:00,AWS-001,29.74,983.87,40.58,28.6139,77.209,216.0,False,NORMAL,NONE,False,none,29.74,983.87,40.58,{}
2026-08-15 12:15:00+00:00,AWS-001,29.75,983.78,39.72,28.6139,77.209,216.0,False,NORMAL,NONE,False,none,29.75,983.78,39.72,{}
2026-08-15 12:20:00+00:00,AWS-001,30.09,983.86,39.11,28.6139,77.209,216.0,False,NORMAL,NONE,False,none,30.09,983.86,39.11,{}
2026-08-15 12:25:00+00:00,AWS-001,30.21,983.9,39.58,28.6139,77.209,216.0,False,NORMAL,NONE,False,none,30.21,983.9,39.58,{}
2026-08-15 12:30:00+00:00,AWS-001,30.07,983.83,39.14,28.6139,77.209,216.0,False,NORMAL,NONE,False,none,30.07,983.83,39.14,{}
2026-08-15 12:35:00+00:00,AWS-001,30.58,983.82,38.36,28.6139,77.209,216.0,False,NORMAL,NONE,False,none,30.58,983.82,38.36,{}
2026-08-15 12:40:00+00:00,AWS-001,30.65,983.78,38.89,28.6139,77.209,216.0,False,NORMAL,NONE,False,none,30.65,983.78,38.89,{}
2026-08-15 12:45:00+00:00,AWS-001,30.77,983.84,37.51,28.6139,77.209,216.0,False,NORMAL,NONE,False,none,30.77,983.84,37.51,{}
2026-08-15 12:50:00+00:00,AWS-001,30.89,983.83,37.31,28.6139,77.209,216.0,False,NORMAL,NONE,False,none,30.89,983.83,37.31,{}
2026-08-15 12:55:00+00:00,AWS-001,30.88,983.83,38.61,28.6139,77.209,216.0,False,NORMAL,NONE,False,none,30.88,983.83,38.61,{}
2026-08-15 13:00:00+00:00,AWS-001,30.8,983.83,39.15,28.6139,77.209,216.0,False,NORMAL,NONE,False,none,30.8,983.83,39.15,{}
2026-08-15 13:05:00+00:00,AWS-001,31.22,983.75,37.03,28.6139,77.209,216.0,False,NORMAL,NONE,False,none,31.22,983.75,37.03,{}
2026-08-15 13:10:00+00:00,AWS-001,31.4,983.85,37.2,28.6139,77.209,216.0,False,NORMAL,NONE,False,none,31.4,983.85,37.2,{}
2026-08-15 13:15:00+00:00,AWS-001,31.53,983.89,36.51,28.6139,77.209,216.0,False,NORMAL,NONE,False,none,31.53,983.89,36.51,{}
2026-08-15 13:20:00+00:00,AWS-001,31.61,983.85,36.9,28.6139,77.209,216.0,False,NORMAL,NONE,False,none,31.61,983.85,36.9,{}
2026-08-15 13:25:00+00:00,AWS-001,31.42,983.87,36.91,28.6139,77.209,216.0,False,NORMAL,NONE,False,none,31.42,983.87,36.91,{}
2026-08-15 13:30:00+00:00,AWS-001,31.64,983.93,36.52,28.6139,77.209,216.0,False,NORMAL,NONE,False,none,31.64,983.93,36.52,{}
2026-08-15 13:35:00+00:00,AWS-001,31.47,983.93,36.62,28.6139,77.209,216.0,False,NORMAL,NONE,False,none,31.47,983.93,36.62,{}
2026-08-15 13:40:00+00:00,AWS-001,31.52,984.02,36.65,28.6139,77.209,216.0,False,NORMAL,NONE,False,none,31.52,984.02,36.65,{}
2026-08-15 13:45:00+00:00,AWS-001,31.24,984.19,36.99,28.6139,77.209,216.0,False,NORMAL,NONE,False,none,31.24,984.19,36.99,{}
2026-08-15 13:50:00+00:00,AWS-001,30.93,984.16,37.67,28.6139,77.209,216.0,False,NORMAL,NONE,False,none,30.93,984.16,37.67,{}
2026-08-15 13:55:00+00:00,AWS-001,31.05,984.11,36.81,28.6139,77.209,216.0,False,NORMAL,NONE,False,none,31.05,984.11,36.81,{}
2026-08-15 14:00:00+00:00,AWS-001,30.96,984.04,37.54,28.6139,77.209,216.0,False,NORMAL,NONE,False,none,30.96,984.04,37.54,{}
2026-08-15 14:05:00+00:00,AWS-001,30.69,983.91,38.4,28.6139,77.209,216.0,False,NORMAL,NONE,False,none,30.69,983.91,38.4,{}
2026-08-15 14:10:00+00:00,AWS-001,30.87,983.99,37.08,28.6139,77.209,216.0,False,NORMAL,NONE,False,none,30.87,983.99,37.08,{}
2026-08-15 14:15:00+00:00,AWS-001,31.29,983.97,37.03,28.6139,77.209,216.0,False,NORMAL,NONE,False,none,31.29,983.97,37.03,{}
2026-08-15 14:20:00+00:00,AWS-001,31.54,984.02,36.5,28.6139,77.209,216.0,False,NORMAL,NONE,False,none,31.54,984.02,36.5,{}
2026-08-15 14:25:00+00:00,AWS-001,31.48,984.09,36.84,28.6139,77.209,216.0,False,NORMAL,NONE,False,none,31.48,984.09,36.84,{}
2026-08-15 14:30:00+00:00,AWS-001,31.47,984.02,37.42,28.6139,77.209,216.0,False,NORMAL,NONE,False,none,31.47,984.02,37.42,{}
2026-08-15 14:35:00+00:00,AWS-001,31.61,983.98,37.34,28.6139,77.209,216.0,False,NORMAL,NONE,False,none,31.61,983.98,37.34,{}
2026-08-15 14:40:00+00:00,AWS-001,31.76,984.09,37.71,28.6139,77.209,216.0,False,NORMAL,NONE,False,none,31.76,984.09,37.71,{}
2026-08-15 14:45:00+00:00,AWS-001,31.65,984.09,37.62,28.6139,77.209,216.0,False,NORMAL,NONE,False,none,31.65,984.09,37.62,{}
2026-08-15 14:50:00+00:00,AWS-001,31.61,984.06,38.26,28.6139,77.209,216.0,False,NORMAL,NONE,False,none,31.61,984.06,38.26,{}
2026-08-15 14:55:00+00:00,AWS-001,31.61,984.02,38.14,28.6139,77.209,216.0,False,NORMAL,NONE,False,none,31.61,984.02,38.14,{}
2026-08-15 15:00:00+00:00,AWS-001,31.66,984.03,38.21,28.6139,77.209,216.0,False,NORMAL,NONE,False,none,31.66,984.03,38.21,{}
2026-08-15 15:05:00+00:00,AWS-001,31.57,984.14,38.45,28.6139,77.209,216.0,False,NORMAL,NONE,False,none,31.57,984.14,38.45,{}
2026-08-15 15:10:00+00:00,AWS-001,31.5,984.2,39.19,28.6139,77.209,216.0,False,NORMAL,NONE,False,none,31.5,984.2,39.19,{}
2026-08-15 15:15:00+00:00,AWS-001,31.67,984.23,38.99,28.6139,77.209,216.0,False,NORMAL,NONE,False,none,31.67,984.23,38.99,{}
2026-08-15 15:20:00+00:00,AWS-001,31.8,984.34,38.14,28.6139,77.209,216.0,False,NORMAL,NONE,False,none,31.8,984.34,38.14,{}
2026-08-15 15:25:00+00:00,AWS-001,31.77,984.44,37.55,28.6139,77.209,216.0,False,NORMAL,NONE,False,none,31.77,984.44,37.55,{}
2026-08-15 15:30:00+00:00,AWS-001,31.95,984.47,37.01,28.6139,77.209,216.0,False,NORMAL,NONE,False,none,31.95,984.47,37.01,{}
2026-08-15 15:35:00+00:00,AWS-001,31.76,984.64,36.83,28.6139,77.209,216.0,False,NORMAL,NONE,False,none,31.76,984.64,36.83,{}
2026-08-15 15:40:00+00:00,AWS-001,31.91,984.63,35.83,28.6139,77.209,216.0,False,NORMAL,NONE,False,none,31.91,984.63,35.83,{}
2026-08-15 15:45:00+00:00,AWS-001,31.85,984.71,34.68,28.6139,77.209,216.0,False,NORMAL,NONE,False,none,31.85,984.71,34.68,{}
2026-08-15 15:50:00+00:00,AWS-001,32.25,984.69,33.15,28.6139,77.209,216.0,False,NORMAL,NONE,False,none,32.25,984.69,33.15,{}
2026-08-15 15:55:00+00:00,AWS-001,31.85,984.76,35.6,28.6139,77.209,216.0,False,NORMAL,NONE,False,none,31.85,984.76,35.6,{}
2026-08-15 16:00:00+00:00,AWS-001,31.57,984.76,35.9,28.6139,77.209,216.0,False,NORMAL,NONE,False,none,31.57,984.76,35.9,{}
2026-08-15 16:05:00+00:00,AWS-001,31.5,984.81,37.42,28.6139,77.209,216.0,False,NORMAL,NONE,False,none,31.5,984.81,37.42,{}
2026-08-15 16:10:00+00:00,AWS-001,31.43,984.98,37.79,28.6139,77.209,216.0,False,NORMAL,NONE,False,none,31.43,984.98,37.79,{}
2026-08-15 16:15:00+00:00,AWS-001,31.61,985.05,37.3,28.6139,77.209,216.0,False,NORMAL,NONE,False,none,31.61,985.05,37.3,{}
2026-08-15 16:20:00+00:00,AWS-001,31.33,985.09,36.9,28.6139,77.209,216.0,False,NORMAL,NONE,False,none,31.33,985.09,36.9,{}
2026-08-15 16:25:00+00:00,AWS-001,31.33,985.07,37.0,28.6139,77.209,216.0,False,NORMAL,NONE,False,none,31.33,985.07,37.0,{}
2026-08-15 16:30:00+00:00,AWS-001,31.36,985.11,38.2,28.6139,77.209,216.0,False,NORMAL,NONE,False,none,31.36,985.11,38.2,{}
2026-08-15 16:35:00+00:00,AWS-001,31.31,985.08,39.2,28.6139,77.209,216.0,False,NORMAL,NONE,False,none,31.31,985.08,39.2,{}
2026-08-15 16:40:00+00:00,AWS-001,30.97,985.17,39.86,28.6139,77.209,216.0,False,NORMAL,NONE,False,none,30.97,985.17,39.86,{}
2026-08-15 16:45:00+00:00,AWS-001,31.05,985.26,38.72,28.6139,77.209,216.0,False,NORMAL,NONE,False,none,31.05,985.26,38.72,{}
2026-08-15 16:50:00+00:00,AWS-001,31.08,985.29,37.95,28.6139,77.209,216.0,False,NORMAL,NONE,False,none,31.08,985.29,37.95,{}
2026-08-15 16:55:00+00:00,AWS-001,30.99,985.43,37.62,28.6139,77.209,216.0,False,NORMAL,NONE,False,none,30.99,985.43,37.62,{}
2026-08-15 17:00:00+00:00,AWS-001,30.84,985.57,38.86,28.6139,77.209,216.0,False,NORMAL,NONE,False,none,30.84,985.57,38.86,{}
2026-08-15 17:05:00+00:00,AWS-001,30.69,985.61,40.17,28.6139,77.209,216.0,False,NORMAL,NONE,False,none,30.69,985.61,40.17,{}
2026-08-15 17:10:00+00:00,AWS-001,30.5,985.69,40.53,28.6139,77.209,216.0,False,NORMAL,NONE,False,none,30.5,985.69,40.53,{}
2026-08-15 17:15:00+00:00,AWS-001,30.44,985.7,40.3,28.6139,77.209,216.0,False,NORMAL,NONE,False,none,30.44,985.7,40.3,{}
2026-08-15 17:20:00+00:00,AWS-001,30.26,985.73,41.53,28.6139,77.209,216.0,False,NORMAL,NONE,False,none,30.26,985.73,41.53,{}
2026-08-15 17:25:00+00:00,AWS-001,29.96,985.72,41.37,28.6139,77.209,216.0,False,NORMAL,NONE,False,none,29.96,985.72,41.37,{}
2026-08-15 17:30:00+00:00,AWS-001,29.64,985.76,42.03,28.6139,77.209,216.0,False,NORMAL,NONE,False,none,29.64,985.76,42.03,{}
2026-08-15 17:35:00+00:00,AWS-001,29.39,985.82,42.8,28.6139,77.209,216.0,False,NORMAL,NONE,False,none,29.39,985.82,42.8,{}
2026-08-15 17:40:00+00:00,AWS-001,29.32,985.8,42.28,28.6139,77.209,216.0,False,NORMAL,NONE,False,none,29.32,985.8,42.28,{}
2026-08-15 17:45:00+00:00,AWS-001,29.2,985.91,42.13,28.6139,77.209,216.0,False,NORMAL,NONE,False,none,29.2,985.91,42.13,{}
2026-08-15 17:50:00+00:00,AWS-001,29.13,986.05,41.89,28.6139,77.209,216.0,False,NORMAL,NONE,False,none,29.13,986.05,41.89,{}
2026-08-15 17:55:00+00:00,AWS-001,29.09,986.13,42.96,28.6139,77.209,216.0,False,NORMAL,NONE,False,none,29.09,986.13,42.96,{}
2026-08-15 18:00:00+00:00,AWS-001,28.86,986.05,44.69,28.6139,77.209,216.0,False,NORMAL,NONE,False,none,28.86,986.05,44.69,{}
2026-08-15 18:05:00+00:00,AWS-001,28.99,986.13,44.22,28.6139,77.209,216.0,False,NORMAL,NONE,False,none,28.99,986.13,44.22,{}
2026-08-15 18:10:00+00:00,AWS-001,28.79,986.15,44.32,28.6139,77.209,216.0,False,NORMAL,NONE,False,none,28.79,986.15,44.32,{}
2026-08-15 18:15:00+00:00,AWS-001,28.58,986.21,44.32,28.6139,77.209,216.0,False,NORMAL,NONE,False,none,28.58,986.21,44.32,{}
2026-08-15 18:20:00+00:00,AWS-001,28.53,986.41,44.37,28.6139,77.209,216.0,False,NORMAL,NONE,False,none,28.53,986.41,44.37,{}
2026-08-15 18:25:00+00:00,AWS-001,28.09,986.36,45.12,28.6139,77.209,216.0,False,NORMAL,NONE,False,none,28.09,986.36,45.12,{}
2026-08-15 18:30:00+00:00,AWS-001,27.85,986.42,45.67,28.6139,77.209,216.0,False,NORMAL,NONE,False,none,27.85,986.42,45.67,{}
2026-08-15 18:35:00+00:00,AWS-001,27.93,986.58,45.75,28.6139,77.209,216.0,False,NORMAL,NONE,False,none,27.93,986.58,45.75,{}
2026-08-15 18:40:00+00:00,AWS-001,27.52,986.65,46.55,28.6139,77.209,216.0,False,NORMAL,NONE,False,none,27.52,986.65,46.55,{}
2026-08-15 18:45:00+00:00,AWS-001,27.62,986.72,46.16,28.6139,77.209,216.0,False,NORMAL,NONE,False,none,27.62,986.72,46.16,{}
2026-08-15 18:50:00+00:00,AWS-001,27.76,986.95,45.69,28.6139,77.209,216.0,False,NORMAL,NONE,False,none,27.76,986.95,45.69,{}
2026-08-15 18:55:00+00:00,AWS-001,27.55,987.07,46.09,28.6139,77.209,216.0,False,NORMAL,NONE,False,none,27.55,987.07,46.09,{}
2026-08-15 19:00:00+00:00,AWS-001,27.46,987.23,46.11,28.6139,77.209,216.0,False,NORMAL,NONE,False,none,27.46,987.23,46.11,{}
2026-08-15 19:05:00+00:00,AWS-001,27.51,987.35,46.57,28.6139,77.209,216.0,False,NORMAL,NONE,False,none,27.51,987.35,46.57,{}
2026-08-15 19:10:00+00:00,AWS-001,27.26,987.45,46.13,28.6139,77.209,216.0,False,NORMAL,NONE,False,none,27.26,987.45,46.13,{}
2026-08-15 19:15:00+00:00,AWS-001,27.25,987.62,47.32,28.6139,77.209,216.0,False,NORMAL,NONE,False,none,27.25,987.62,47.32,{}
2026-08-15 19:20:00+00:00,AWS-001,26.97,987.82,48.19,28.6139,77.209,216.0,False,NORMAL,NONE,False,none,26.97,987.82,48.19,{}
2026-08-15 19:25:00+00:00,AWS-001,26.74,987.79,49.22,28.6139,77.209,216.0,False,NORMAL,NONE,False,none,26.74,987.79,49.22,{}
2026-08-15 19:30:00+00:00,AWS-001,26.47,987.88,50.4,28.6139,77.209,216.0,False,NORMAL,NONE,False,none,26.47,987.88,50.4,{}
2026-08-15 19:35:00+00:00,AWS-001,26.4,987.96,50.03,28.6139,77.209,216.0,False,NORMAL,NONE,False,none,26.4,987.96,50.03,{}
2026-08-15 19:40:00+00:00,AWS-001,26.45,988.02,49.24,28.6139,77.209,216.0,False,NORMAL,NONE,False,none,26.45,988.02,49.24,{}
2026-08-15 19:45:00+00:00,AWS-001,26.26,988.17,49.19,28.6139,77.209,216.0,False,NORMAL,NONE,False,none,26.26,988.17,49.19,{}
2026-08-15 19:50:00+00:00,AWS-001,25.9,988.26,50.27,28.6139,77.209,216.0,False,NORMAL,NONE,False,none,25.9,988.26,50.27,{}
2026-08-15 19:55:00+00:00,AWS-001,25.59,988.46,51.79,28.6139,77.209,216.0,False,NORMAL,NONE,False,none,25.59,988.46,51.79,{}
2026-08-15 20:00:00+00:00,AWS-001,25.55,988.59,51.61,28.6139,77.209,216.0,False,NORMAL,NONE,False,none,25.55,988.59,51.61,{}
2026-08-15 20:05:00+00:00,AWS-001,25.74,988.74,51.51,28.6139,77.209,216.0,False,NORMAL,NONE,False,none,25.74,988.74,51.51,{}
2026-08-15 20:10:00+00:00,AWS-001,25.64,988.72,50.33,28.6139,77.209,216.0,False,NORMAL,NONE,False,none,25.64,988.72,50.33,{}
2026-08-15 20:15:00+00:00,AWS-001,25.41,988.74,51.05,28.6139,77.209,216.0,False,NORMAL,NONE,False,none,25.41,988.74,51.05,{}
2026-08-15 20:20:00+00:00,AWS-001,25.39,988.77,52.12,28.6139,77.209,216.0,False,NORMAL,NONE,False,none,25.39,988.77,52.12,{}
2026-08-15 20:25:00+00:00,AWS-001,25.18,988.92,52.77,28.6139,77.209,216.0,False,NORMAL,NONE,False,none,25.18,988.92,52.77,{}
2026-08-15 20:30:00+00:00,AWS-001,24.95,988.93,53.06,28.6139,77.209,216.0,False,NORMAL,NONE,False,none,24.95,988.93,53.06,{}
2026-08-15 20:35:00+00:00,AWS-001,24.64,988.94,53.82,28.6139,77.209,216.0,False,NORMAL,NONE,False,none,24.64,988.94,53.82,{}
2026-08-15 20:40:00+00:00,AWS-001,24.75,988.95,51.76,28.6139,77.209,216.0,False,NORMAL,NONE,False,none,24.75,988.95,51.76,{}
2026-08-15 20:45:00+00:00,AWS-001,24.16,989.18,53.53,28.6139,77.209,216.0,False,NORMAL,NONE,False,none,24.16,989.18,53.53,{}
2026-08-15 20:50:00+00:00,AWS-001,24.19,989.24,54.59,28.6139,77.209,216.0,False,NORMAL,NONE,False,none,24.19,989.24,54.59,{}
2026-08-15 20:55:00+00:00,AWS-001,23.99,989.33,55.23,28.6139,77.209,216.0,False,NORMAL,NONE,False,none,23.99,989.33,55.23,{}
2026-08-15 21:00:00+00:00,AWS-001,23.8,989.32,55.9,28.6139,77.209,216.0,False,NORMAL,NONE,False,none,23.8,989.32,55.9,{}
2026-08-15 21:05:00+00:00,AWS-001,23.97,989.43,54.16,28.6139,77.209,216.0,False,NORMAL,NONE,False,none,23.97,989.43,54.16,{}
2026-08-15 21:10:00+00:00,AWS-001,23.7,989.38,54.55,28.6139,77.209,216.0,False,NORMAL,NONE,False,none,23.7,989.38,54.55,{}
2026-08-15 21:15:00+00:00,AWS-001,23.45,989.39,56.74,28.6139,77.209,216.0,False,NORMAL,NONE,False,none,23.45,989.39,56.74,{}
2026-08-15 21:20:00+00:00,AWS-001,23.31,989.41,58.01,28.6139,77.209,216.0,False,NORMAL,NONE,False,none,23.31,989.41,58.01,{}
2026-08-15 21:25:00+00:00,AWS-001,23.26,989.48,57.63,28.6139,77.209,216.0,False,NORMAL,NONE,False,none,23.26,989.48,57.63,{}
2026-08-15 21:30:00+00:00,AWS-001,23.06,989.5,58.31,28.6139,77.209,216.0,False,NORMAL,NONE,False,none,23.06,989.5,58.31,{}
2026-08-15 21:35:00+00:00,AWS-001,22.68,989.65,60.06,28.6139,77.209,216.0,False,NORMAL,NONE,False,none,22.68,989.65,60.06,{}
2026-08-15 21:40:00+00:00,AWS-001,22.44,989.73,60.49,28.6139,77.209,216.0,False,NORMAL,NONE,False,none,22.44,989.73,60.49,{}
2026-08-15 21:45:00+00:00,AWS-001,22.58,989.73,59.07,28.6139,77.209,216.0,False,NORMAL,NONE,False,none,22.58,989.73,59.07,{}
2026-08-15 21:50:00+00:00,AWS-001,22.48,989.84,59.84,28.6139,77.209,216.0,False,NORMAL,NONE,False,none,22.48,989.84,59.84,{}
2026-08-15 21:55:00+00:00,AWS-001,22.44,989.86,60.78,28.6139,77.209,216.0,False,NORMAL,NONE,False,none,22.44,989.86,60.78,{}
2026-08-15 22:00:00+00:00,AWS-001,22.28,989.86,62.12,28.6139,77.209,216.0,False,NORMAL,NONE,False,none,22.28,989.86,62.12,{}
2026-08-15 22:05:00+00:00,AWS-001,22.05,989.95,63.77,28.6139,77.209,216.0,False,NORMAL,NONE,False,none,22.05,989.95,63.77,{}
2026-08-15 22:10:00+00:00,AWS-001,22.23,989.84,62.21,28.6139,77.209,216.0,False,NORMAL,NONE,False,none,22.23,989.84,62.21,{}
2026-08-15 22:15:00+00:00,AWS-001,22.06,989.93,63.14,28.6139,77.209,216.0,False,NORMAL,NONE,False,none,22.06,989.93,63.14,{}
2026-08-15 22:20:00+00:00,AWS-001,21.85,989.92,63.98,28.6139,77.209,216.0,False,NORMAL,NONE,False,none,21.85,989.92,63.98,{}
2026-08-15 22:25:00+00:00,AWS-001,21.91,989.91,63.87,28.6139,77.209,216.0,False,NORMAL,NONE,False,none,21.91,989.91,63.87,{}
2026-08-15 22:30:00+00:00,AWS-001,21.65,990.06,64.96,28.6139,77.209,216.0,False,NORMAL,NONE,False,none,21.65,990.06,64.96,{}
2026-08-15 22:35:00+00:00,AWS-001,21.42,990.06,65.62,28.6139,77.209,216.0,False,NORMAL,NONE,False,none,21.42,990.06,65.62,{}
2026-08-15 22:40:00+00:00,AWS-001,21.31,990.14,64.36,28.6139,77.209,216.0,False,NORMAL,NONE,False,none,21.31,990.14,64.36,{}
2026-08-15 22:45:00+00:00,AWS-001,21.2,990.17,66.01,28.6139,77.209,216.0,False,NORMAL,NONE,False,none,21.2,990.17,66.01,{}
2026-08-15 22:50:00+00:00,AWS-001,21.14,990.21,66.77,28.6139,77.209,216.0,False,NORMAL,NONE,False,none,21.14,990.21,66.77,{}
2026-08-15 22:55:00+00:00,AWS-001,21.37,990.2,65.07,28.6139,77.209,216.0,False,NORMAL,NONE,False,none,21.37,990.2,65.07,{}
2026-08-15 23:00:00+00:00,AWS-001,21.27,990.19,66.08,28.6139,77.209,216.0,False,NORMAL,NONE,False,none,21.27,990.19,66.08,{}
2026-08-15 23:05:00+00:00,AWS-001,20.72,990.29,68.35,28.6139,77.209,216.0,False,NORMAL,NONE,False,none,20.72,990.29,68.35,{}
2026-08-15 23:10:00+00:00,AWS-001,20.68,990.34,68.51,28.6139,77.209,216.0,False,NORMAL,NONE,False,none,20.68,990.34,68.51,{}
2026-08-15 23:15:00+00:00,AWS-001,20.58,990.31,68.69,28.6139,77.209,216.0,False,NORMAL,NONE,False,none,20.58,990.31,68.69,{}
2026-08-15 23:20:00+00:00,AWS-001,20.48,990.24,69.72,28.6139,77.209,216.0,False,NORMAL,NONE,False,none,20.48,990.24,69.72,{}
2026-08-15 23:25:00+00:00,AWS-001,20.42,990.21,69.67,28.6139,77.209,216.0,False,NORMAL,NONE,False,none,20.42,990.21,69.67,{}
2026-08-15 23:30:00+00:00,AWS-001,20.31,990.26,69.7,28.6139,77.209,216.0,False,NORMAL,NONE,False,none,20.31,990.26,69.7,{}
2026-08-15 23:35:00+00:00,AWS-001,20.2,990.33,71.21,28.6139,77.209,216.0,False,NORMAL,NONE,False,none,20.2,990.33,71.21,{}
2026-08-15 23:40:00+00:00,AWS-001,20.2,990.34,71.23,28.6139,77.209,216.0,False,NORMAL,NONE,False,none,20.2,990.34,71.23,{}
2026-08-15 23:45:00+00:00,AWS-001,20.0,990.23,72.17,28.6139,77.209,216.0,False,NORMAL,NONE,False,none,20.0,990.23,72.17,{}
2026-08-15 23:50:00+00:00,AWS-001,19.75,990.27,73.9,28.6139,77.209,216.0,False,NORMAL,NONE,False,none,19.75,990.27,73.9,{}
2026-08-15 23:55:00+00:00,AWS-001,20.18,990.33,71.57,28.6139,77.209,216.0,False,NORMAL,NONE,False,none,20.18,990.33,71.57,{}
2026-08-16 00:00:00+00:00,AWS-001,19.86,990.32,72.84,28.6139,77.209,216.0,False,NORMAL,NONE,False,none,19.86,990.32,72.84,{}
2026-08-16 00:05:00+00:00,AWS-001,19.76,990.41,73.59,28.6139,77.209,216.0,False,NORMAL,NONE,False,none,19.76,990.41,73.59,{}
2026-08-16 00:10:00+00:00,AWS-001,19.41,990.3,74.36,28.6139,77.209,216.0,False,NORMAL,NONE,False,none,19.41,990.3,74.36,{}
2026-08-16 00:15:00+00:00,AWS-001,19.36,990.32,74.96,28.6139,77.209,216.0,False,NORMAL,NONE,False,none,19.36,990.32,74.96,{}
2026-08-16 00:20:00+00:00,AWS-001,19.13,990.23,75.74,28.6139,77.209,216.0,False,NORMAL,NONE,False,none,19.13,990.23,75.74,{}
2026-08-16 00:25:00+00:00,AWS-001,19.0,990.26,77.1,28.6139,77.209,216.0,False,NORMAL,NONE,False,none,19.0,990.26,77.1,{}
2026-08-16 00:30:00+00:00,AWS-001,19.14,990.27,76.91,28.6139,77.209,216.0,False,NORMAL,NONE,False,none,19.14,990.27,76.91,{}
2026-08-16 00:35:00+00:00,AWS-001,19.15,990.35,77.14,28.6139,77.209,216.0,False,NORMAL,NONE,False,none,19.15,990.35,77.14,{}
2026-08-16 00:40:00+00:00,AWS-001,19.17,990.34,76.0,28.6139,77.209,216.0,False,NORMAL,NONE,False,none,19.17,990.34,76.0,{}
2026-08-16 00:45:00+00:00,AWS-001,18.8,990.27,77.9,28.6139,77.209,216.0,False,NORMAL,NONE,False,none,18.8,990.27,77.9,{}
2026-08-16 00:50:00+00:00,AWS-001,19.06,990.2,75.99,28.6139,77.209,216.0,False,NORMAL,NONE,False,none,19.06,990.2,75.99,{}
2026-08-16 00:55:00+00:00,AWS-001,18.79,990.16,77.53,28.6139,77.209,216.0,False,NORMAL,NONE,False,none,18.79,990.16,77.53,{}
2026-08-16 01:00:00+00:00,AWS-001,18.99,990.09,75.25,28.6139,77.209,216.0,False,NORMAL,NONE,False,none,18.99,990.09,75.25,{}
2026-08-16 01:05:00+00:00,AWS-001,19.09,990.14,74.21,28.6139,77.209,216.0,False,NORMAL,NONE,False,none,19.09,990.14,74.21,{}
2026-08-16 01:10:00+00:00,AWS-001,19.09,990.18,75.41,28.6139,77.209,216.0,False,NORMAL,NONE,False,none,19.09,990.18,75.41,{}
2026-08-16 01:15:00+00:00,AWS-001,18.86,990.06,77.09,28.6139,77.209,216.0,False,NORMAL,NONE,False,none,18.86,990.06,77.09,{}
2026-08-16 01:20:00+00:00,AWS-001,18.81,990.03,77.29,28.6139,77.209,216.0,False,NORMAL,NONE,False,none,18.81,990.03,77.29,{}
2026-08-16 01:25:00+00:00,AWS-001,18.67,990.0,77.65,28.6139,77.209,216.0,False,NORMAL,NONE,False,none,18.67,990.0,77.65,{}
2026-08-16 01:30:00+00:00,AWS-001,18.62,989.93,77.46,28.6139,77.209,216.0,False,NORMAL,NONE,False,none,18.62,989.93,77.46,{}
2026-08-16 01:35:00+00:00,AWS-001,18.53,989.93,78.36,28.6139,77.209,216.0,False,NORMAL,NONE,False,none,18.53,989.93,78.36,{}
2026-08-16 01:40:00+00:00,AWS-001,18.16,989.99,80.32,28.6139,77.209,216.0,False,NORMAL,NONE,False,none,18.16,989.99,80.32,{}
2026-08-16 01:45:00+00:00,AWS-001,18.35,990.01,80.56,28.6139,77.209,216.0,False,NORMAL,NONE,False,none,18.35,990.01,80.56,{}
2026-08-16 01:50:00+00:00,AWS-001,18.32,990.06,80.67,28.6139,77.209,216.0,False,NORMAL,NONE,False,none,18.32,990.06,80.67,{}
2026-08-16 01:55:00+00:00,AWS-001,18.23,989.98,81.27,28.6139,77.209,216.0,False,NORMAL,NONE,False,none,18.23,989.98,81.27,{}
2026-08-16 02:00:00+00:00,AWS-001,18.13,989.95,80.94,28.6139,77.209,216.0,False,NORMAL,NONE,False,none,18.13,989.95,80.94,{}
2026-08-16 02:05:00+00:00,AWS-001,18.2,989.88,80.54,28.6139,77.209,216.0,False,NORMAL,NONE,False,none,18.2,989.88,80.54,{}
2026-08-16 02:10:00+00:00,AWS-001,18.06,989.87,81.6,28.6139,77.209,216.0,False,NORMAL,NONE,False,none,18.06,989.87,81.6,{}
2026-08-16 02:15:00+00:00,AWS-001,17.7,989.87,83.37,28.6139,77.209,216.0,False,NORMAL,NONE,False,none,17.7,989.87,83.37,{}
2026-08-16 02:20:00+00:00,AWS-001,17.84,989.9,82.51,28.6139,77.209,216.0,False,NORMAL,NONE,False,none,17.84,989.9,82.51,{}
2026-08-16 02:25:00+00:00,AWS-001,17.98,989.95,82.18,28.6139,77.209,216.0,False,NORMAL,NONE,False,none,17.98,989.95,82.18,{}
2026-08-16 02:30:00+00:00,AWS-001,17.98,989.97,83.24,28.6139,77.209,216.0,False,NORMAL,NONE,False,none,17.98,989.97,83.24,{}
2026-08-16 02:35:00+00:00,AWS-001,17.83,989.89,84.08,28.6139,77.209,216.0,False,NORMAL,NONE,False,none,17.83,989.89,84.08,{}
2026-08-16 02:40:00+00:00,AWS-001,17.91,989.79,84.36,28.6139,77.209,216.0,False,NORMAL,NONE,False,none,17.91,989.79,84.36,{}
2026-08-16 02:45:00+00:00,AWS-001,17.72,989.81,85.6,28.6139,77.209,216.0,False,NORMAL,NONE,False,none,17.72,989.81,85.6,{}
2026-08-16 02:50:00+00:00,AWS-001,17.63,989.88,86.58,28.6139,77.209,216.0,False,NORMAL,NONE,False,none,17.63,989.88,86.58,{}
2026-08-16 02:55:00+00:00,AWS-001,17.6,989.87,86.08,28.6139,77.209,216.0,False,NORMAL,NONE,False,none,17.6,989.87,86.08,{}
2026-08-16 03:00:00+00:00,AWS-001,17.85,989.76,84.48,28.6139,77.209,216.0,False,NORMAL,NONE,False,none,17.85,989.76,84.48,{}
2026-08-16 03:05:00+00:00,AWS-001,17.87,989.88,84.13,28.6139,77.209,216.0,False,NORMAL,NONE,False,none,17.87,989.88,84.13,{}
2026-08-16 03:10:00+00:00,AWS-001,17.88,989.9,84.35,28.6139,77.209,216.0,False,NORMAL,NONE,False,none,17.88,989.9,84.35,{}
2026-08-16 03:15:00+00:00,AWS-001,18.3,989.9,82.59,28.6139,77.209,216.0,False,NORMAL,NONE,False,none,18.3,989.9,82.59,{}
2026-08-16 03:20:00+00:00,AWS-001,18.4,989.83,81.97,28.6139,77.209,216.0,False,NORMAL,NONE,False,none,18.4,989.83,81.97,{}
2026-08-16 03:25:00+00:00,AWS-001,18.5,989.83,81.88,28.6139,77.209,216.0,False,NORMAL,NONE,False,none,18.5,989.83,81.88,{}
2026-08-16 03:30:00+00:00,AWS-001,18.47,989.88,81.44,28.6139,77.209,216.0,False,NORMAL,NONE,False,none,18.47,989.88,81.44,{}
2026-08-16 03:35:00+00:00,AWS-001,18.41,989.91,82.15,28.6139,77.209,216.0,False,NORMAL,NONE,False,none,18.41,989.91,82.15,{}
2026-08-16 03:40:00+00:00,AWS-001,18.11,989.88,84.15,28.6139,77.209,216.0,False,NORMAL,NONE,False,none,18.11,989.88,84.15,{}
2026-08-16 03:45:00+00:00,AWS-001,18.37,989.88,82.97,28.6139,77.209,216.0,False,NORMAL,NONE,False,none,18.37,989.88,82.97,{}
2026-08-16 03:50:00+00:00,AWS-001,18.53,989.86,81.99,28.6139,77.209,216.0,False,NORMAL,NONE,False,none,18.53,989.86,81.99,{}
2026-08-16 03:55:00+00:00,AWS-001,18.57,989.98,81.98,28.6139,77.209,216.0,False,NORMAL,NONE,False,none,18.57,989.98,81.98,{}
2026-08-16 04:00:00+00:00,AWS-001,18.62,990.05,80.88,28.6139,77.209,216.0,False,NORMAL,NONE,False,none,18.62,990.05,80.88,{}
2026-08-16 04:05:00+00:00,AWS-001,18.82,990.03,79.86,28.6139,77.209,216.0,False,NORMAL,NONE,False,none,18.82,990.03,79.86,{}
2026-08-16 04:10:00+00:00,AWS-001,18.62,989.98,80.87,28.6139,77.209,216.0,False,NORMAL,NONE,False,none,18.62,989.98,80.87,{}
2026-08-16 04:15:00+00:00,AWS-001,18.62,990.02,79.89,28.6139,77.209,216.0,False,NORMAL,NONE,False,none,18.62,990.02,79.89,{}
2026-08-16 04:20:00+00:00,AWS-001,18.54,990.02,80.6,28.6139,77.209,216.0,False,NORMAL,NONE,False,none,18.54,990.02,80.6,{}
2026-08-16 04:25:00+00:00,AWS-001,18.96,990.03,77.68,28.6139,77.209,216.0,False,NORMAL,NONE,False,none,18.96,990.03,77.68,{}
2026-08-16 04:30:00+00:00,AWS-001,19.19,990.0,76.36,28.6139,77.209,216.0,False,NORMAL,NONE,False,none,19.19,990.0,76.36,{}
2026-08-16 04:35:00+00:00,AWS-001,18.9,989.99,77.94,28.6139,77.209,216.0,False,NORMAL,NONE,False,none,18.9,989.99,77.94,{}
2026-08-16 04:40:00+00:00,AWS-001,18.76,990.05,78.23,28.6139,77.209,216.0,False,NORMAL,NONE,False,none,18.76,990.05,78.23,{}
2026-08-16 04:45:00+00:00,AWS-001,18.89,990.09,77.83,28.6139,77.209,216.0,False,NORMAL,NONE,False,none,18.89,990.09,77.83,{}
2026-08-16 04:50:00+00:00,AWS-001,18.95,990.29,77.68,28.6139,77.209,216.0,False,NORMAL,NONE,False,none,18.95,990.29,77.68,{}
2026-08-16 04:55:00+00:00,AWS-001,18.88,990.37,77.62,28.6139,77.209,216.0,False,NORMAL,NONE,False,none,18.88,990.37,77.62,{}
2026-08-16 05:00:00+00:00,AWS-001,19.37,990.34,75.77,28.6139,77.209,216.0,False,NORMAL,NONE,False,none,19.37,990.34,75.77,{}
2026-08-16 05:05:00+00:00,AWS-001,19.54,990.3,74.55,28.6139,77.209,216.0,False,NORMAL,NONE,False,none,19.54,990.3,74.55,{}
2026-08-16 05:10:00+00:00,AWS-001,19.73,990.39,75.25,28.6139,77.209,216.0,False,NORMAL,NONE,False,none,19.73,990.39,75.25,{}
2026-08-16 05:15:00+00:00,AWS-001,19.72,990.42,75.14,28.6139,77.209,216.0,False,NORMAL,NONE,False,none,19.72,990.42,75.14,{}
2026-08-16 05:20:00+00:00,AWS-001,19.96,990.56,73.24,28.6139,77.209,216.0,False,NORMAL,NONE,False,none,19.96,990.56,73.24,{}
2026-08-16 05:25:00+00:00,AWS-001,20.0,990.64,72.49,28.6139,77.209,216.0,False,NORMAL,NONE,False,none,20.0,990.64,72.49,{}
2026-08-16 05:30:00+00:00,AWS-001,20.06,990.58,73.06,28.6139,77.209,216.0,False,NORMAL,NONE,False,none,20.06,990.58,73.06,{}
2026-08-16 05:35:00+00:00,AWS-001,20.28,990.59,71.82,28.6139,77.209,216.0,False,NORMAL,NONE,False,none,20.28,990.59,71.82,{}
2026-08-16 05:40:00+00:00,AWS-001,20.12,990.62,71.75,28.6139,77.209,216.0,False,NORMAL,NONE,False,none,20.12,990.62,71.75,{}
2026-08-16 05:45:00+00:00,AWS-001,20.53,990.73,70.66,28.6139,77.209,216.0,False,NORMAL,NONE,False,none,20.53,990.73,70.66,{}
2026-08-16 05:50:00+00:00,AWS-001,20.66,990.74,69.86,28.6139,77.209,216.0,False,NORMAL,NONE,False,none,20.66,990.74,69.86,{}
2026-08-16 05:55:00+00:00,AWS-001,20.98,990.83,69.01,28.6139,77.209,216.0,False,NORMAL,NONE,False,none,20.98,990.83,69.01,{}
2026-08-16 06:00:00+00:00,AWS-001,20.89,990.83,70.04,28.6139,77.209,216.0,False,NORMAL,NONE,False,none,20.89,990.83,70.04,{}
2026-08-16 06:05:00+00:00,AWS-001,20.84,990.92,70.34,28.6139,77.209,216.0,False,NORMAL,NONE,False,none,20.84,990.92,70.34,{}
2026-08-16 06:10:00+00:00,AWS-001,20.78,991.03,72.04,28.6139,77.209,216.0,False,NORMAL,NONE,False,none,20.78,991.03,72.04,{}
2026-08-16 06:15:00+00:00,AWS-001,20.97,991.2,69.82,28.6139,77.209,216.0,False,NORMAL,NONE,False,none,20.97,991.2,69.82,{}
2026-08-16 06:20:00+00:00,AWS-001,21.13,991.29,68.56,28.6139,77.209,216.0,False,NORMAL,NONE,False,none,21.13,991.29,68.56,{}
2026-08-16 06:25:00+00:00,AWS-001,21.19,991.32,68.13,28.6139,77.209,216.0,False,NORMAL,NONE,False,none,21.19,991.32,68.13,{}
2026-08-16 06:30:00+00:00,AWS-001,21.18,991.49,69.66,28.6139,77.209,216.0,False,NORMAL,NONE,False,none,21.18,991.49,69.66,{}
2026-08-16 06:35:00+00:00,AWS-001,21.13,991.55,70.79,28.6139,77.209,216.0,False,NORMAL,NONE,False,none,21.13,991.55,70.79,{}
2026-08-16 06:40:00+00:00,AWS-001,21.32,991.67,70.51,28.6139,77.209,216.0,False,NORMAL,NONE,False,none,21.32,991.67,70.51,{}
2026-08-16 06:45:00+00:00,AWS-001,21.42,991.7,69.17,28.6139,77.209,216.0,False,NORMAL,NONE,False,none,21.42,991.7,69.17,{}
2026-08-16 06:50:00+00:00,AWS-001,21.5,991.78,68.17,28.6139,77.209,216.0,False,NORMAL,NONE,False,none,21.5,991.78,68.17,{}
2026-08-16 06:55:00+00:00,AWS-001,21.95,991.81,65.65,28.6139,77.209,216.0,False,NORMAL,NONE,False,none,21.95,991.81,65.65,{}
2026-08-16 07:00:00+00:00,AWS-001,22.1,991.9,64.53,28.6139,77.209,216.0,False,NORMAL,NONE,False,none,22.1,991.9,64.53,{}
2026-08-16 07:05:00+00:00,AWS-001,22.47,992.02,64.07,28.6139,77.209,216.0,False,NORMAL,NONE,False,none,22.47,992.02,64.07,{}
2026-08-16 07:10:00+00:00,AWS-001,22.51,992.06,63.64,28.6139,77.209,216.0,False,NORMAL,NONE,False,none,22.51,992.06,63.64,{}
2026-08-16 07:15:00+00:00,AWS-001,22.69,992.11,62.79,28.6139,77.209,216.0,False,NORMAL,NONE,False,none,22.69,992.11,62.79,{}
2026-08-16 07:20:00+00:00,AWS-001,22.82,992.2,62.75,28.6139,77.209,216.0,False,NORMAL,NONE,False,none,22.82,992.2,62.75,{}
2026-08-16 07:25:00+00:00,AWS-001,22.68,992.23,62.12,28.6139,77.209,216.0,False,NORMAL,NONE,False,none,22.68,992.23,62.12,{}
2026-08-16 07:30:00+00:00,AWS-001,23.09,992.21,60.68,28.6139,77.209,216.0,False,NORMAL,NONE,False,none,23.09,992.21,60.68,{}
2026-08-16 07:35:00+00:00,AWS-001,23.21,992.31,59.6,28.6139,77.209,216.0,False,NORMAL,NONE,False,none,23.21,992.31,59.6,{}
2026-08-16 07:40:00+00:00,AWS-001,23.48,992.39,58.59,28.6139,77.209,216.0,False,NORMAL,NONE,False,none,23.48,992.39,58.59,{}
2026-08-16 07:45:00+00:00,AWS-001,23.48,992.46,58.35,28.6139,77.209,216.0,False,NORMAL,NONE,False,none,23.48,992.46,58.35,{}
2026-08-16 07:50:00+00:00,AWS-001,23.6,992.56,57.71,28.6139,77.209,216.0,False,NORMAL,NONE,False,none,23.6,992.56,57.71,{}
2026-08-16 07:55:00+00:00,AWS-001,23.6,992.67,58.06,28.6139,77.209,216.0,False,NORMAL,NONE,False,none,23.6,992.67,58.06,{}
2026-08-16 08:00:00+00:00,AWS-001,23.98,992.73,57.06,28.6139,77.209,216.0,False,NORMAL,NONE,False,none,23.98,992.73,57.06,{}
2026-08-16 08:05:00+00:00,AWS-001,24.17,992.73,56.39,28.6139,77.209,216.0,False,NORMAL,NONE,False,none,24.17,992.73,56.39,{}
2026-08-16 08:10:00+00:00,AWS-001,24.36,992.76,56.09,28.6139,77.209,216.0,False,NORMAL,NONE,False,none,24.36,992.76,56.09,{}
2026-08-16 08:15:00+00:00,AWS-001,24.71,992.87,54.44,28.6139,77.209,216.0,False,NORMAL,NONE,False,none,24.71,992.87,54.44,{}
2026-08-16 08:20:00+00:00,AWS-001,25.01,992.94,54.05,28.6139,77.209,216.0,False,NORMAL,NONE,False,none,25.01,992.94,54.05,{}
2026-08-16 08:25:00+00:00,AWS-001,25.22,992.97,53.3,28.6139,77.209,216.0,False,NORMAL,NONE,False,none,25.22,992.97,53.3,{}
2026-08-16 08:30:00+00:00,AWS-001,25.06,992.99,53.59,28.6139,77.209,216.0,False,NORMAL,NONE,False,none,25.06,992.99,53.59,{}
2026-08-16 08:35:00+00:00,AWS-001,25.05,993.09,53.21,28.6139,77.209,216.0,False,NORMAL,NONE,False,none,25.05,993.09,53.21,{}
2026-08-16 08:40:00+00:00,AWS-001,25.01,993.14,53.35,28.6139,77.209,216.0,False,NORMAL,NONE,False,none,25.01,993.14,53.35,{}
2026-08-16 08:45:00+00:00,AWS-001,25.29,993.24,53.83,28.6139,77.209,216.0,False,NORMAL,NONE,False,none,25.29,993.24,53.83,{}
2026-08-16 08:50:00+00:00,AWS-001,25.45,993.34,53.24,28.6139,77.209,216.0,False,NORMAL,NONE,False,none,25.45,993.34,53.24,{}
2026-08-16 08:55:00+00:00,AWS-001,25.35,993.37,52.81,28.6139,77.209,216.0,False,NORMAL,NONE,False,none,25.35,993.37,52.81,{}
2026-08-16 09:00:00+00:00,AWS-001,25.48,993.47,53.08,28.6139,77.209,216.0,False,NORMAL,NONE,False,none,25.48,993.47,53.08,{}
2026-08-16 09:05:00+00:00,AWS-001,25.39,993.51,53.05,28.6139,77.209,216.0,False,NORMAL,NONE,False,none,25.39,993.51,53.05,{}
2026-08-16 09:10:00+00:00,AWS-001,25.57,993.56,52.7,28.6139,77.209,216.0,False,NORMAL,NONE,False,none,25.57,993.56,52.7,{}
2026-08-16 09:15:00+00:00,AWS-001,25.48,993.47,52.62,28.6139,77.209,216.0,False,NORMAL,NONE,False,none,25.48,993.47,52.62,{}
2026-08-16 09:20:00+00:00,AWS-001,25.78,993.45,52.57,28.6139,77.209,216.0,False,NORMAL,NONE,False,none,25.78,993.45,52.57,{}
2026-08-16 09:25:00+00:00,AWS-001,26.03,993.44,51.35,28.6139,77.209,216.0,False,NORMAL,NONE,False,none,26.03,993.44,51.35,{}
2026-08-16 09:30:00+00:00,AWS-001,26.52,993.47,50.77,28.6139,77.209,216.0,False,NORMAL,NONE,False,none,26.52,993.47,50.77,{}
2026-08-16 09:35:00+00:00,AWS-001,26.8,993.51,49.18,28.6139,77.209,216.0,False,NORMAL,NONE,False,none,26.8,993.51,49.18,{}
2026-08-16 09:40:00+00:00,AWS-001,26.84,993.56,48.86,28.6139,77.209,216.0,False,NORMAL,NONE,False,none,26.84,993.56,48.86,{}
2026-08-16 09:45:00+00:00,AWS-001,27.1,993.61,49.02,28.6139,77.209,216.0,False,NORMAL,NONE,False,none,27.1,993.61,49.02,{}
2026-08-16 09:50:00+00:00,AWS-001,26.98,993.6,49.37,28.6139,77.209,216.0,False,NORMAL,NONE,False,none,26.98,993.6,49.37,{}
2026-08-16 09:55:00+00:00,AWS-001,26.96,993.67,50.75,28.6139,77.209,216.0,False,NORMAL,NONE,False,none,26.96,993.67,50.75,{}
2026-08-16 10:00:00+00:00,AWS-001,27.17,993.8,49.68,28.6139,77.209,216.0,False,NORMAL,NONE,False,none,27.17,993.8,49.68,{}
2026-08-16 10:05:00+00:00,AWS-001,26.96,993.79,50.21,28.6139,77.209,216.0,False,NORMAL,NONE,False,none,26.96,993.79,50.21,{}
2026-08-16 10:10:00+00:00,AWS-001,27.13,993.76,50.68,28.6139,77.209,216.0,False,NORMAL,NONE,False,none,27.13,993.76,50.68,{}
2026-08-16 10:15:00+00:00,AWS-001,27.14,993.73,49.34,28.6139,77.209,216.0,False,NORMAL,NONE,False,none,27.14,993.73,49.34,{}
2026-08-16 10:20:00+00:00,AWS-001,27.35,993.75,47.55,28.6139,77.209,216.0,False,NORMAL,NONE,False,none,27.35,993.75,47.55,{}
2026-08-16 10:25:00+00:00,AWS-001,27.35,993.73,47.06,28.6139,77.209,216.0,False,NORMAL,NONE,False,none,27.35,993.73,47.06,{}
2026-08-16 10:30:00+00:00,AWS-001,27.61,993.64,46.93,28.6139,77.209,216.0,False,NORMAL,NONE,False,none,27.61,993.64,46.93,{}
2026-08-16 10:35:00+00:00,AWS-001,27.79,993.56,45.43,28.6139,77.209,216.0,False,NORMAL,NONE,False,none,27.79,993.56,45.43,{}
2026-08-16 10:40:00+00:00,AWS-001,28.19,993.64,44.89,28.6139,77.209,216.0,False,NORMAL,NONE,False,none,28.19,993.64,44.89,{}
2026-08-16 10:45:00+00:00,AWS-001,28.32,993.73,44.95,28.6139,77.209,216.0,False,NORMAL,NONE,False,none,28.32,993.73,44.95,{}
2026-08-16 10:50:00+00:00,AWS-001,28.33,993.82,46.24,28.6139,77.209,216.0,False,NORMAL,NONE,False,none,28.33,993.82,46.24,{}
2026-08-16 10:55:00+00:00,AWS-001,28.42,993.82,46.47,28.6139,77.209,216.0,False,NORMAL,NONE,False,none,28.42,993.82,46.47,{}
2026-08-16 11:00:00+00:00,AWS-001,28.34,993.75,46.67,28.6139,77.209,216.0,False,NORMAL,NONE,False,none,28.34,993.75,46.67,{}
2026-08-16 11:05:00+00:00,AWS-001,28.57,993.71,46.69,28.6139,77.209,216.0,False,NORMAL,NONE,False,none,28.57,993.71,46.69,{}
2026-08-16 11:10:00+00:00,AWS-001,28.81,993.61,46.07,28.6139,77.209,216.0,False,NORMAL,NONE,False,none,28.81,993.61,46.07,{}
2026-08-16 11:15:00+00:00,AWS-001,29.35,993.52,44.1,28.6139,77.209,216.0,False,NORMAL,NONE,False,none,29.35,993.52,44.1,{}
2026-08-16 11:20:00+00:00,AWS-001,29.32,993.53,43.21,28.6139,77.209,216.0,False,NORMAL,NONE,False,none,29.32,993.53,43.21,{}
2026-08-16 11:25:00+00:00,AWS-001,29.37,993.55,42.65,28.6139,77.209,216.0,False,NORMAL,NONE,False,none,29.37,993.55,42.65,{}
2026-08-16 11:30:00+00:00,AWS-001,29.37,993.65,42.61,28.6139,77.209,216.0,False,NORMAL,NONE,False,none,29.37,993.65,42.61,{}
2026-08-16 11:35:00+00:00,AWS-001,29.5,993.63,42.37,28.6139,77.209,216.0,False,NORMAL,NONE,False,none,29.5,993.63,42.37,{}
2026-08-16 11:40:00+00:00,AWS-001,29.66,993.52,40.6,28.6139,77.209,216.0,False,NORMAL,NONE,False,none,29.66,993.52,40.6,{}
2026-08-16 11:45:00+00:00,AWS-001,29.74,993.49,40.46,28.6139,77.209,216.0,False,NORMAL,NONE,False,none,29.74,993.49,40.46,{}
2026-08-16 11:50:00+00:00,AWS-001,30.01,993.45,40.02,28.6139,77.209,216.0,False,NORMAL,NONE,False,none,30.01,993.45,40.02,{}
2026-08-16 11:55:00+00:00,AWS-001,29.97,993.4,40.61,28.6139,77.209,216.0,False,NORMAL,NONE,False,none,29.97,993.4,40.61,{}
2026-08-16 12:00:00+00:00,AWS-001,30.21,993.4,41.15,28.6139,77.209,216.0,False,NORMAL,NONE,False,none,30.21,993.4,41.15,{}
2026-08-16 12:05:00+00:00,AWS-001,30.35,993.3,40.84,28.6139,77.209,216.0,False,NORMAL,NONE,False,none,30.35,993.3,40.84,{}
2026-08-16 12:10:00+00:00,AWS-001,30.4,993.28,40.07,28.6139,77.209,216.0,False,NORMAL,NONE,False,none,30.4,993.28,40.07,{}
2026-08-16 12:15:00+00:00,AWS-001,30.39,993.3,38.94,28.6139,77.209,216.0,False,NORMAL,NONE,False,none,30.39,993.3,38.94,{}
2026-08-16 12:20:00+00:00,AWS-001,30.85,993.35,38.52,28.6139,77.209,216.0,False,NORMAL,NONE,False,none,30.85,993.35,38.52,{}
2026-08-16 12:25:00+00:00,AWS-001,30.72,993.33,38.35,28.6139,77.209,216.0,False,NORMAL,NONE,False,none,30.72,993.33,38.35,{}
2026-08-16 12:30:00+00:00,AWS-001,30.8,993.35,38.88,28.6139,77.209,216.0,False,NORMAL,NONE,False,none,30.8,993.35,38.88,{}
2026-08-16 12:35:00+00:00,AWS-001,30.7,993.28,40.05,28.6139,77.209,216.0,False,NORMAL,NONE,False,none,30.7,993.28,40.05,{}
2026-08-16 12:40:00+00:00,AWS-001,31.04,993.21,38.23,28.6139,77.209,216.0,False,NORMAL,NONE,False,none,31.04,993.21,38.23,{}
2026-08-16 12:45:00+00:00,AWS-001,31.2,993.25,38.32,28.6139,77.209,216.0,False,NORMAL,NONE,False,none,31.2,993.25,38.32,{}
2026-08-16 12:50:00+00:00,AWS-001,31.08,993.12,39.41,28.6139,77.209,216.0,False,NORMAL,NONE,False,none,31.08,993.12,39.41,{}
2026-08-16 12:55:00+00:00,AWS-001,31.18,993.05,39.73,28.6139,77.209,216.0,False,NORMAL,NONE,False,none,31.18,993.05,39.73,{}
2026-08-16 13:00:00+00:00,AWS-001,31.22,993.08,38.11,28.6139,77.209,216.0,False,NORMAL,NONE,False,none,31.22,993.08,38.11,{}
2026-08-16 13:05:00+00:00,AWS-001,31.14,993.02,37.8,28.6139,77.209,216.0,False,NORMAL,NONE,False,none,31.14,993.02,37.8,{}
2026-08-16 13:10:00+00:00,AWS-001,31.28,992.95,36.79,28.6139,77.209,216.0,False,NORMAL,NONE,False,none,31.28,992.95,36.79,{}
2026-08-16 13:15:00+00:00,AWS-001,31.35,992.9,37.2,28.6139,77.209,216.0,False,NORMAL,NONE,False,none,31.35,992.9,37.2,{}
2026-08-16 13:20:00+00:00,AWS-001,31.38,992.86,37.53,28.6139,77.209,216.0,False,NORMAL,NONE,False,none,31.38,992.86,37.53,{}
2026-08-16 13:25:00+00:00,AWS-001,31.37,992.88,35.93,28.6139,77.209,216.0,False,NORMAL,NONE,False,none,31.37,992.88,35.93,{}
2026-08-16 13:30:00+00:00,AWS-001,31.44,992.89,35.92,28.6139,77.209,216.0,False,NORMAL,NONE,False,none,31.44,992.89,35.92,{}
2026-08-16 13:35:00+00:00,AWS-001,31.47,992.84,36.66,28.6139,77.209,216.0,False,NORMAL,NONE,False,none,31.47,992.84,36.66,{}
2026-08-16 13:40:00+00:00,AWS-001,31.47,992.85,36.95,28.6139,77.209,216.0,False,NORMAL,NONE,False,none,31.47,992.85,36.95,{}
2026-08-16 13:45:00+00:00,AWS-001,31.36,992.82,37.44,28.6139,77.209,216.0,False,NORMAL,NONE,False,none,31.36,992.82,37.44,{}
2026-08-16 13:50:00+00:00,AWS-001,31.64,992.82,36.7,28.6139,77.209,216.0,False,NORMAL,NONE,False,none,31.64,992.82,36.7,{}
2026-08-16 13:55:00+00:00,AWS-001,31.44,992.7,36.6,28.6139,77.209,216.0,False,NORMAL,NONE,False,none,31.44,992.7,36.6,{}
2026-08-16 14:00:00+00:00,AWS-001,31.51,992.76,36.66,28.6139,77.209,216.0,False,NORMAL,NONE,False,none,31.51,992.76,36.66,{}
2026-08-16 14:05:00+00:00,AWS-001,31.44,992.71,37.03,28.6139,77.209,216.0,False,NORMAL,NONE,False,none,31.44,992.71,37.03,{}
2026-08-16 14:10:00+00:00,AWS-001,31.72,992.5,36.96,28.6139,77.209,216.0,False,NORMAL,NONE,False,none,31.72,992.5,36.96,{}
2026-08-16 14:15:00+00:00,AWS-001,31.53,992.56,37.88,28.6139,77.209,216.0,False,NORMAL,NONE,False,none,31.53,992.56,37.88,{}
2026-08-16 14:20:00+00:00,AWS-001,31.39,992.52,38.25,28.6139,77.209,216.0,False,NORMAL,NONE,False,none,31.39,992.52,38.25,{}
2026-08-16 14:25:00+00:00,AWS-001,31.22,992.45,39.3,28.6139,77.209,216.0,False,NORMAL,NONE,False,none,31.22,992.45,39.3,{}
2026-08-16 14:30:00+00:00,AWS-001,31.29,992.38,38.81,28.6139,77.209,216.0,False,NORMAL,NONE,False,none,31.29,992.38,38.81,{}
2026-08-16 14:35:00+00:00,AWS-001,31.06,992.37,38.34,28.6139,77.209,216.0,False,NORMAL,NONE,False,none,31.06,992.37,38.34,{}
2026-08-16 14:40:00+00:00,AWS-001,31.0,992.29,38.86,28.6139,77.209,216.0,False,NORMAL,NONE,False,none,31.0,992.29,38.86,{}
2026-08-16 14:45:00+00:00,AWS-001,30.67,992.23,39.71,28.6139,77.209,216.0,False,NORMAL,NONE,False,none,30.67,992.23,39.71,{}
2026-08-16 14:50:00+00:00,AWS-001,30.78,992.18,39.81,28.6139,77.209,216.0,False,NORMAL,NONE,False,none,30.78,992.18,39.81,{}
2026-08-16 14:55:00+00:00,AWS-001,30.74,992.14,39.07,28.6139,77.209,216.0,False,NORMAL,NONE,False,none,30.74,992.14,39.07,{}
2026-08-16 15:00:00+00:00,AWS-001,30.54,992.1,40.75,28.6139,77.209,216.0,False,NORMAL,NONE,False,none,30.54,992.1,40.75,{}
2026-08-16 15:05:00+00:00,AWS-001,30.78,992.14,40.56,28.6139,77.209,216.0,False,NORMAL,NONE,False,none,30.78,992.14,40.56,{}
2026-08-16 15:10:00+00:00,AWS-001,30.6,992.14,40.66,28.6139,77.209,216.0,False,NORMAL,NONE,False,none,30.6,992.14,40.66,{}
2026-08-16 15:15:00+00:00,AWS-001,30.78,992.15,39.57,28.6139,77.209,216.0,False,NORMAL,NONE,False,none,30.78,992.15,39.57,{}
2026-08-16 15:20:00+00:00,AWS-001,30.68,992.17,40.49,28.6139,77.209,216.0,False,NORMAL,NONE,False,none,30.68,992.17,40.49,{}
2026-08-16 15:25:00+00:00,AWS-001,30.97,992.15,39.05,28.6139,77.209,216.0,False,NORMAL,NONE,False,none,30.97,992.15,39.05,{}
2026-08-16 15:30:00+00:00,AWS-001,31.08,992.08,40.27,28.6139,77.209,216.0,False,NORMAL,NONE,False,none,31.08,992.08,40.27,{}
2026-08-16 15:35:00+00:00,AWS-001,30.87,992.18,40.16,28.6139,77.209,216.0,False,NORMAL,NONE,False,none,30.87,992.18,40.16,{}
2026-08-16 15:40:00+00:00,AWS-001,30.7,992.23,41.54,28.6139,77.209,216.0,False,NORMAL,NONE,False,none,30.7,992.23,41.54,{}
2026-08-16 15:45:00+00:00,AWS-001,30.79,992.31,40.97,28.6139,77.209,216.0,False,NORMAL,NONE,False,none,30.79,992.31,40.97,{}
2026-08-16 15:50:00+00:00,AWS-001,30.72,992.35,41.94,28.6139,77.209,216.0,False,NORMAL,NONE,False,none,30.72,992.35,41.94,{}
2026-08-16 15:55:00+00:00,AWS-001,30.67,992.31,41.29,28.6139,77.209,216.0,False,NORMAL,NONE,False,none,30.67,992.31,41.29,{}
2026-08-16 16:00:00+00:00,AWS-001,30.85,992.16,40.7,28.6139,77.209,216.0,False,NORMAL,NONE,False,none,30.85,992.16,40.7,{}
2026-08-16 16:05:00+00:00,AWS-001,30.66,992.09,41.46,28.6139,77.209,216.0,False,NORMAL,NONE,False,none,30.66,992.09,41.46,{}
2026-08-16 16:10:00+00:00,AWS-001,30.63,992.14,41.75,28.6139,77.209,216.0,False,NORMAL,NONE,False,none,30.63,992.14,41.75,{}
2026-08-16 16:15:00+00:00,AWS-001,30.74,992.14,41.96,28.6139,77.209,216.0,False,NORMAL,NONE,False,none,30.74,992.14,41.96,{}
2026-08-16 16:20:00+00:00,AWS-001,30.8,992.13,41.21,28.6139,77.209,216.0,False,NORMAL,NONE,False,none,30.8,992.13,41.21,{}
2026-08-16 16:25:00+00:00,AWS-001,30.67,992.0,41.33,28.6139,77.209,216.0,False,NORMAL,NONE,False,none,30.67,992.0,41.33,{}
2026-08-16 16:30:00+00:00,AWS-001,30.54,992.03,42.24,28.6139,77.209,216.0,False,NORMAL,NONE,False,none,30.54,992.03,42.24,{}
2026-08-16 16:35:00+00:00,AWS-001,30.16,992.0,42.4,28.6139,77.209,216.0,False,NORMAL,NONE,False,none,30.16,992.0,42.4,{}
2026-08-16 16:40:00+00:00,AWS-001,29.94,992.0,43.13,28.6139,77.209,216.0,False,NORMAL,NONE,False,none,29.94,992.0,43.13,{}
2026-08-16 16:45:00+00:00,AWS-001,29.95,992.09,42.76,28.6139,77.209,216.0,False,NORMAL,NONE,False,none,29.95,992.09,42.76,{}
2026-08-16 16:50:00+00:00,AWS-001,29.88,992.07,42.92,28.6139,77.209,216.0,False,NORMAL,NONE,False,none,29.88,992.07,42.92,{}
2026-08-16 16:55:00+00:00,AWS-001,29.84,992.06,42.94,28.6139,77.209,216.0,False,NORMAL,NONE,False,none,29.84,992.06,42.94,{}
2026-08-16 17:00:00+00:00,AWS-001,29.95,992.12,42.04,28.6139,77.209,216.0,False,NORMAL,NONE,False,none,29.95,992.12,42.04,{}
2026-08-16 17:05:00+00:00,AWS-001,29.67,992.22,42.54,28.6139,77.209,216.0,False,NORMAL,NONE,False,none,29.67,992.22,42.54,{}
2026-08-16 17:10:00+00:00,AWS-001,29.57,992.24,42.89,28.6139,77.209,216.0,False,NORMAL,NONE,False,none,29.57,992.24,42.89,{}
2026-08-16 17:15:00+00:00,AWS-001,29.53,992.37,42.9,28.6139,77.209,216.0,False,NORMAL,NONE,False,none,29.53,992.37,42.9,{}
2026-08-16 17:20:00+00:00,AWS-001,29.34,992.34,44.38,28.6139,77.209,216.0,False,NORMAL,NONE,False,none,29.34,992.34,44.38,{}
2026-08-16 17:25:00+00:00,AWS-001,29.51,992.3,44.44,28.6139,77.209,216.0,False,NORMAL,NONE,False,none,29.51,992.3,44.44,{}
2026-08-16 17:30:00+00:00,AWS-001,29.56,992.27,44.29,28.6139,77.209,216.0,False,NORMAL,NONE,False,none,29.56,992.27,44.29,{}
2026-08-16 17:35:00+00:00,AWS-001,29.49,992.24,43.77,28.6139,77.209,216.0,False,NORMAL,NONE,False,none,29.49,992.24,43.77,{}
2026-08-16 17:40:00+00:00,AWS-001,29.66,992.33,42.72,28.6139,77.209,216.0,False,NORMAL,NONE,False,none,29.66,992.33,42.72,{}
2026-08-16 17:45:00+00:00,AWS-001,29.25,992.34,44.99,28.6139,77.209,216.0,False,NORMAL,NONE,False,none,29.25,992.34,44.99,{}
2026-08-16 17:50:00+00:00,AWS-001,29.12,992.33,44.48,28.6139,77.209,216.0,False,NORMAL,NONE,False,none,29.12,992.33,44.48,{}
2026-08-16 17:55:00+00:00,AWS-001,29.06,992.43,44.66,28.6139,77.209,216.0,False,NORMAL,NONE,False,none,29.06,992.43,44.66,{}
2026-08-16 18:00:00+00:00,AWS-001,28.77,992.56,45.56,28.6139,77.209,216.0,False,NORMAL,NONE,False,none,28.77,992.56,45.56,{}
2026-08-16 18:05:00+00:00,AWS-001,28.71,992.69,45.44,28.6139,77.209,216.0,False,NORMAL,NONE,False,none,28.71,992.69,45.44,{}
2026-08-16 18:10:00+00:00,AWS-001,28.4,992.81,45.58,28.6139,77.209,216.0,False,NORMAL,NONE,False,none,28.4,992.81,45.58,{}
2026-08-16 18:15:00+00:00,AWS-001,28.41,992.81,45.11,28.6139,77.209,216.0,False,NORMAL,NONE,False,none,28.41,992.81,45.11,{}
2026-08-16 18:20:00+00:00,AWS-001,28.47,992.9,44.74,28.6139,77.209,216.0,False,NORMAL,NONE,False,none,28.47,992.9,44.74,{}
2026-08-16 18:25:00+00:00,AWS-001,28.38,992.99,44.71,28.6139,77.209,216.0,False,NORMAL,NONE,False,none,28.38,992.99,44.71,{}
2026-08-16 18:30:00+00:00,AWS-001,27.92,993.02,46.99,28.6139,77.209,216.0,False,NORMAL,NONE,False,none,27.92,993.02,46.99,{}
2026-08-16 18:35:00+00:00,AWS-001,27.65,993.1,47.79,28.6139,77.209,216.0,False,NORMAL,NONE,False,none,27.65,993.1,47.79,{}
2026-08-16 18:40:00+00:00,AWS-001,27.66,993.08,47.5,28.6139,77.209,216.0,False,NORMAL,NONE,False,none,27.66,993.08,47.5,{}
2026-08-16 18:45:00+00:00,AWS-001,27.55,993.12,47.96,28.6139,77.209,216.0,False,NORMAL,NONE,False,none,27.55,993.12,47.96,{}
2026-08-16 18:50:00+00:00,AWS-001,26.99,993.21,50.07,28.6139,77.209,216.0,False,NORMAL,NONE,False,none,26.99,993.21,50.07,{}
2026-08-16 18:55:00+00:00,AWS-001,27.14,993.36,49.43,28.6139,77.209,216.0,False,NORMAL,NONE,False,none,27.14,993.36,49.43,{}
2026-08-16 19:00:00+00:00,AWS-001,27.06,993.49,50.25,28.6139,77.209,216.0,False,NORMAL,NONE,False,none,27.06,993.49,50.25,{}
2026-08-16 19:05:00+00:00,AWS-001,26.82,993.58,50.1,28.6139,77.209,216.0,False,NORMAL,NONE,False,none,26.82,993.58,50.1,{}
2026-08-16 19:10:00+00:00,AWS-001,26.9,993.64,50.7,28.6139,77.209,216.0,False,NORMAL,NONE,False,none,26.9,993.64,50.7,{}
2026-08-16 19:15:00+00:00,AWS-001,26.67,993.68,51.34,28.6139,77.209,216.0,False,NORMAL,NONE,False,none,26.67,993.68,51.34,{}
2026-08-16 19:20:00+00:00,AWS-001,26.44,993.65,51.95,28.6139,77.209,216.0,False,NORMAL,NONE,False,none,26.44,993.65,51.95,{}
2026-08-16 19:25:00+00:00,AWS-001,26.41,993.66,51.61,28.6139,77.209,216.0,False,NORMAL,NONE,False,none,26.41,993.66,51.61,{}
2026-08-16 19:30:00+00:00,AWS-001,26.59,993.67,50.32,28.6139,77.209,216.0,False,NORMAL,NONE,False,none,26.59,993.67,50.32,{}
2026-08-16 19:35:00+00:00,AWS-001,26.71,993.77,49.06,28.6139,77.209,216.0,False,NORMAL,NONE,False,none,26.71,993.77,49.06,{}
2026-08-16 19:40:00+00:00,AWS-001,26.59,993.88,49.24,28.6139,77.209,216.0,False,NORMAL,NONE,False,none,26.59,993.88,49.24,{}
2026-08-16 19:45:00+00:00,AWS-001,26.48,993.98,50.27,28.6139,77.209,216.0,False,NORMAL,NONE,False,none,26.48,993.98,50.27,{}
2026-08-16 19:50:00+00:00,AWS-001,26.43,994.09,50.06,28.6139,77.209,216.0,False,NORMAL,NONE,False,none,26.43,994.09,50.06,{}
2026-08-16 19:55:00+00:00,AWS-001,26.02,994.14,50.64,28.6139,77.209,216.0,False,NORMAL,NONE,False,none,26.02,994.14,50.64,{}
2026-08-16 20:00:00+00:00,AWS-001,25.96,994.12,50.64,28.6139,77.209,216.0,False,NORMAL,NONE,False,none,25.96,994.12,50.64,{}
2026-08-16 20:05:00+00:00,AWS-001,25.66,994.17,51.78,28.6139,77.209,216.0,False,NORMAL,NONE,False,none,25.66,994.17,51.78,{}
2026-08-16 20:10:00+00:00,AWS-001,25.55,994.17,52.3,28.6139,77.209,216.0,False,NORMAL,NONE,False,none,25.55,994.17,52.3,{}
2026-08-16 20:15:00+00:00,AWS-001,25.35,994.25,53.25,28.6139,77.209,216.0,False,NORMAL,NONE,False,none,25.35,994.25,53.25,{}
2026-08-16 20:20:00+00:00,AWS-001,25.28,994.27,54.48,28.6139,77.209,216.0,False,NORMAL,NONE,False,none,25.28,994.27,54.48,{}
2026-08-16 20:25:00+00:00,AWS-001,25.13,994.31,55.94,28.6139,77.209,216.0,False,NORMAL,NONE,False,none,25.13,994.31,55.94,{}
2026-08-16 20:30:00+00:00,AWS-001,24.46,994.39,59.56,28.6139,77.209,216.0,False,NORMAL,NONE,False,none,24.46,994.39,59.56,{}
2026-08-16 20:35:00+00:00,AWS-001,24.39,994.38,58.63,28.6139,77.209,216.0,False,NORMAL,NONE,False,none,24.39,994.38,58.63,{}
2026-08-16 20:40:00+00:00,AWS-001,24.39,994.48,58.13,28.6139,77.209,216.0,False,NORMAL,NONE,False,none,24.39,994.48,58.13,{}
2026-08-16 20:45:00+00:00,AWS-001,24.34,994.43,58.86,28.6139,77.209,216.0,False,NORMAL,NONE,False,none,24.34,994.43,58.86,{}
2026-08-16 20:50:00+00:00,AWS-001,24.18,994.48,59.15,28.6139,77.209,216.0,False,NORMAL,NONE,False,none,24.18,994.48,59.15,{}
2026-08-16 20:55:00+00:00,AWS-001,24.32,994.51,59.27,28.6139,77.209,216.0,False,NORMAL,NONE,False,none,24.32,994.51,59.27,{}
2026-08-16 21:00:00+00:00,AWS-001,24.2,994.59,59.8,28.6139,77.209,216.0,False,NORMAL,NONE,False,none,24.2,994.59,59.8,{}
2026-08-16 21:05:00+00:00,AWS-001,24.11,994.53,61.11,28.6139,77.209,216.0,False,NORMAL,NONE,False,none,24.11,994.53,61.11,{}
2026-08-16 21:10:00+00:00,AWS-001,24.11,994.47,61.6,28.6139,77.209,216.0,False,NORMAL,NONE,False,none,24.11,994.47,61.6,{}
2026-08-16 21:15:00+00:00,AWS-001,23.98,994.55,62.5,28.6139,77.209,216.0,False,NORMAL,NONE,False,none,23.98,994.55,62.5,{}
2026-08-16 21:20:00+00:00,AWS-001,23.63,994.55,63.19,28.6139,77.209,216.0,False,NORMAL,NONE,False,none,23.63,994.55,63.19,{}
2026-08-16 21:25:00+00:00,AWS-001,23.06,994.58,65.07,28.6139,77.209,216.0,False,NORMAL,NONE,False,none,23.06,994.58,65.07,{}
2026-08-16 21:30:00+00:00,AWS-001,22.87,994.56,65.46,28.6139,77.209,216.0,False,NORMAL,NONE,False,none,22.87,994.56,65.46,{}
2026-08-16 21:35:00+00:00,AWS-001,22.89,994.64,64.32,28.6139,77.209,216.0,False,NORMAL,NONE,False,none,22.89,994.64,64.32,{}
2026-08-16 21:40:00+00:00,AWS-001,22.71,994.67,66.02,28.6139,77.209,216.0,False,NORMAL,NONE,False,none,22.71,994.67,66.02,{}
2026-08-16 21:45:00+00:00,AWS-001,22.72,994.7,66.33,28.6139,77.209,216.0,False,NORMAL,NONE,False,none,22.72,994.7,66.33,{}
2026-08-16 21:50:00+00:00,AWS-001,22.61,994.64,66.4,28.6139,77.209,216.0,False,NORMAL,NONE,False,none,22.61,994.64,66.4,{}
2026-08-16 21:55:00+00:00,AWS-001,22.69,994.68,66.83,28.6139,77.209,216.0,False,NORMAL,NONE,False,none,22.69,994.68,66.83,{}
2026-08-16 22:00:00+00:00,AWS-001,22.48,994.63,67.08,28.6139,77.209,216.0,False,NORMAL,NONE,False,none,22.48,994.63,67.08,{}
2026-08-16 22:05:00+00:00,AWS-001,22.41,994.6,66.1,28.6139,77.209,216.0,False,NORMAL,NONE,False,none,22.41,994.6,66.1,{}
2026-08-16 22:10:00+00:00,AWS-001,22.34,994.53,67.12,28.6139,77.209,216.0,False,NORMAL,NONE,False,none,22.34,994.53,67.12,{}
2026-08-16 22:15:00+00:00,AWS-001,22.43,994.53,65.94,28.6139,77.209,216.0,False,NORMAL,NONE,False,none,22.43,994.53,65.94,{}
2026-08-16 22:20:00+00:00,AWS-001,21.96,994.6,67.86,28.6139,77.209,216.0,False,NORMAL,NONE,False,none,21.96,994.6,67.86,{}
2026-08-16 22:25:00+00:00,AWS-001,21.74,994.62,69.03,28.6139,77.209,216.0,False,NORMAL,NONE,False,none,21.74,994.62,69.03,{}
2026-08-16 22:30:00+00:00,AWS-001,21.75,994.59,69.31,28.6139,77.209,216.0,False,NORMAL,NONE,False,none,21.75,994.59,69.31,{}
2026-08-16 22:35:00+00:00,AWS-001,21.86,994.59,69.41,28.6139,77.209,216.0,False,NORMAL,NONE,False,none,21.86,994.59,69.41,{}
2026-08-16 22:40:00+00:00,AWS-001,21.73,994.59,70.29,28.6139,77.209,216.0,False,NORMAL,NONE,False,none,21.73,994.59,70.29,{}
2026-08-16 22:45:00+00:00,AWS-001,21.51,994.58,71.48,28.6139,77.209,216.0,False,NORMAL,NONE,False,none,21.51,994.58,71.48,{}
2026-08-16 22:50:00+00:00,AWS-001,21.48,994.58,70.98,28.6139,77.209,216.0,False,NORMAL,NONE,False,none,21.48,994.58,70.98,{}
2026-08-16 22:55:00+00:00,AWS-001,21.46,994.5,71.22,28.6139,77.209,216.0,False,NORMAL,NONE,False,none,21.46,994.5,71.22,{}
2026-08-16 23:00:00+00:00,AWS-001,21.23,994.49,71.24,28.6139,77.209,216.0,False,NORMAL,NONE,False,none,21.23,994.49,71.24,{}
2026-08-16 23:05:00+00:00,AWS-001,21.13,994.37,72.79,28.6139,77.209,216.0,False,NORMAL,NONE,False,none,21.13,994.37,72.79,{}
2026-08-16 23:10:00+00:00,AWS-001,21.17,994.39,71.67,28.6139,77.209,216.0,False,NORMAL,NONE,False,none,21.17,994.39,71.67,{}
2026-08-16 23:15:00+00:00,AWS-001,21.31,994.31,70.92,28.6139,77.209,216.0,False,NORMAL,NONE,False,none,21.31,994.31,70.92,{}
2026-08-16 23:20:00+00:00,AWS-001,21.23,994.36,70.53,28.6139,77.209,216.0,False,NORMAL,NONE,False,none,21.23,994.36,70.53,{}
2026-08-16 23:25:00+00:00,AWS-001,21.04,994.19,71.16,28.6139,77.209,216.0,False,NORMAL,NONE,False,none,21.04,994.19,71.16,{}
2026-08-16 23:30:00+00:00,AWS-001,20.84,994.27,72.32,28.6139,77.209,216.0,False,NORMAL,NONE,False,none,20.84,994.27,72.32,{}
2026-08-16 23:35:00+00:00,AWS-001,20.76,994.15,72.59,28.6139,77.209,216.0,False,NORMAL,NONE,False,none,20.76,994.15,72.59,{}
2026-08-16 23:40:00+00:00,AWS-001,20.56,994.06,74.45,28.6139,77.209,216.0,False,NORMAL,NONE,False,none,20.56,994.06,74.45,{}
2026-08-16 23:45:00+00:00,AWS-001,20.43,994.06,75.3,28.6139,77.209,216.0,False,NORMAL,NONE,False,none,20.43,994.06,75.3,{}
2026-08-16 23:50:00+00:00,AWS-001,20.1,994.07,76.64,28.6139,77.209,216.0,False,NORMAL,NONE,False,none,20.1,994.07,76.64,{}
2026-08-16 23:55:00+00:00,AWS-001,20.2,994.03,76.22,28.6139,77.209,216.0,False,NORMAL,NONE,False,none,20.2,994.03,76.22,{}
2026-08-17 00:00:00+00:00,AWS-001,19.79,994.05,79.05,28.6139,77.209,216.0,False,NORMAL,NONE,False,none,19.79,994.05,79.05,{}
2026-08-17 00:05:00+00:00,AWS-001,19.61,993.96,80.51,28.6139,77.209,216.0,False,NORMAL,NONE,False,none,19.61,993.96,80.51,{}
2026-08-17 00:10:00+00:00,AWS-001,19.53,993.91,80.09,28.6139,77.209,216.0,False,NORMAL,NONE,False,none,19.53,993.91,80.09,{}
2026-08-17 00:15:00+00:00,AWS-001,19.77,993.85,78.52,28.6139,77.209,216.0,False,NORMAL,NONE,False,none,19.77,993.85,78.52,{}
2026-08-17 00:20:00+00:00,AWS-001,19.57,993.79,79.9,28.6139,77.209,216.0,False,NORMAL,NONE,False,none,19.57,993.79,79.9,{}
2026-08-17 00:25:00+00:00,AWS-001,19.34,993.64,81.28,28.6139,77.209,216.0,False,NORMAL,NONE,False,none,19.34,993.64,81.28,{}
2026-08-17 00:30:00+00:00,AWS-001,19.16,993.61,81.55,28.6139,77.209,216.0,False,NORMAL,NONE,False,none,19.16,993.61,81.55,{}
2026-08-17 00:35:00+00:00,AWS-001,19.36,993.57,81.12,28.6139,77.209,216.0,False,NORMAL,NONE,False,none,19.36,993.57,81.12,{}
2026-08-17 00:40:00+00:00,AWS-001,18.79,993.61,83.53,28.6139,77.209,216.0,False,NORMAL,NONE,False,none,18.79,993.61,83.53,{}
2026-08-17 00:45:00+00:00,AWS-001,18.58,993.49,85.57,28.6139,77.209,216.0,False,NORMAL,NONE,False,none,18.58,993.49,85.57,{}
2026-08-17 00:50:00+00:00,AWS-001,19.01,993.42,83.61,28.6139,77.209,216.0,False,NORMAL,NONE,False,none,19.01,993.42,83.61,{}
2026-08-17 00:55:00+00:00,AWS-001,19.03,993.46,82.72,28.6139,77.209,216.0,False,NORMAL,NONE,False,none,19.03,993.46,82.72,{}
2026-08-17 01:00:00+00:00,AWS-001,18.76,993.44,83.84,28.6139,77.209,216.0,False,NORMAL,NONE,False,none,18.76,993.44,83.84,{}
2026-08-17 01:05:00+00:00,AWS-001,18.7,993.43,83.93,28.6139,77.209,216.0,False,NORMAL,NONE,False,none,18.7,993.43,83.93,{}
2026-08-17 01:10:00+00:00,AWS-001,18.65,993.41,84.39,28.6139,77.209,216.0,False,NORMAL,NONE,False,none,18.65,993.41,84.39,{}
2026-08-17 01:15:00+00:00,AWS-001,18.74,993.39,83.89,28.6139,77.209,216.0,False,NORMAL,NONE,False,none,18.74,993.39,83.89,{}
2026-08-17 01:20:00+00:00,AWS-001,18.99,993.45,82.02,28.6139,77.209,216.0,False,NORMAL,NONE,False,none,18.99,993.45,82.02,{}
2026-08-17 01:25:00+00:00,AWS-001,18.96,993.39,81.51,28.6139,77.209,216.0,False,NORMAL,NONE,False,none,18.96,993.39,81.51,{}
2026-08-17 01:30:00+00:00,AWS-001,18.77,993.28,83.13,28.6139,77.209,216.0,False,NORMAL,NONE,False,none,18.77,993.28,83.13,{}
2026-08-17 01:35:00+00:00,AWS-001,18.83,993.26,83.23,28.6139,77.209,216.0,False,NORMAL,NONE,False,none,18.83,993.26,83.23,{}
2026-08-17 01:40:00+00:00,AWS-001,18.63,993.18,84.51,28.6139,77.209,216.0,False,NORMAL,NONE,False,none,18.63,993.18,84.51,{}
2026-08-17 01:45:00+00:00,AWS-001,18.4,993.12,86.05,28.6139,77.209,216.0,False,NORMAL,NONE,False,none,18.4,993.12,86.05,{}
2026-08-17 01:50:00+00:00,AWS-001,18.08,993.09,87.53,28.6139,77.209,216.0,False,NORMAL,NONE,False,none,18.08,993.09,87.53,{}
2026-08-17 01:55:00+00:00,AWS-001,17.83,992.99,89.21,28.6139,77.209,216.0,False,NORMAL,NONE,False,none,17.83,992.99,89.21,{}
2026-08-17 02:00:00+00:00,AWS-001,17.71,992.92,91.55,28.6139,77.209,216.0,False,NORMAL,NONE,False,none,17.71,992.92,91.55,{}
2026-08-17 02:05:00+00:00,AWS-001,17.57,992.91,92.97,28.6139,77.209,216.0,False,NORMAL,NONE,False,none,17.57,992.91,92.97,{}
2026-08-17 02:10:00+00:00,AWS-001,17.69,992.83,91.86,28.6139,77.209,216.0,False,NORMAL,NONE,False,none,17.69,992.83,91.86,{}
2026-08-17 02:15:00+00:00,AWS-001,17.55,992.85,92.18,28.6139,77.209,216.0,False,NORMAL,NONE,False,none,17.55,992.85,92.18,{}
2026-08-17 02:20:00+00:00,AWS-001,17.1,992.75,92.91,28.6139,77.209,216.0,False,NORMAL,NONE,False,none,17.1,992.75,92.91,{}
2026-08-17 02:25:00+00:00,AWS-001,17.06,992.66,94.04,28.6139,77.209,216.0,False,NORMAL,NONE,False,none,17.06,992.66,94.04,{}
2026-08-17 02:30:00+00:00,AWS-001,17.12,992.74,94.25,28.6139,77.209,216.0,False,NORMAL,NONE,False,none,17.12,992.74,94.25,{}
2026-08-17 02:35:00+00:00,AWS-001,17.16,992.61,93.7,28.6139,77.209,216.0,False,NORMAL,NONE,False,none,17.16,992.61,93.7,{}
2026-08-17 02:40:00+00:00,AWS-001,17.54,992.58,90.58,28.6139,77.209,216.0,False,NORMAL,NONE,False,none,17.54,992.58,90.58,{}
2026-08-17 02:45:00+00:00,AWS-001,17.53,992.66,90.09,28.6139,77.209,216.0,False,NORMAL,NONE,False,none,17.53,992.66,90.09,{}
2026-08-17 02:50:00+00:00,AWS-001,17.78,992.63,89.25,28.6139,77.209,216.0,False,NORMAL,NONE,False,none,17.78,992.63,89.25,{}
2026-08-17 02:55:00+00:00,AWS-001,17.84,992.67,88.99,28.6139,77.209,216.0,False,NORMAL,NONE,False,none,17.84,992.67,88.99,{}
2026-08-17 03:00:00+00:00,AWS-001,17.91,992.68,89.26,28.6139,77.209,216.0,False,NORMAL,NONE,False,none,17.91,992.68,89.26,{}
2026-08-17 03:05:00+00:00,AWS-001,17.83,992.64,89.81,28.6139,77.209,216.0,False,NORMAL,NONE,False,none,17.83,992.64,89.81,{}
2026-08-17 03:10:00+00:00,AWS-001,17.9,992.6,90.09,28.6139,77.209,216.0,False,NORMAL,NONE,False,none,17.9,992.6,90.09,{}
2026-08-17 03:15:00+00:00,AWS-001,17.85,992.44,90.58,28.6139,77.209,216.0,False,NORMAL,NONE,False,none,17.85,992.44,90.58,{}
2026-08-17 03:20:00+00:00,AWS-001,17.97,992.41,90.38,28.6139,77.209,216.0,False,NORMAL,NONE,False,none,17.97,992.41,90.38,{}
2026-08-17 03:25:00+00:00,AWS-001,18.01,992.41,88.7,28.6139,77.209,216.0,False,NORMAL,NONE,False,none,18.01,992.41,88.7,{}
2026-08-17 03:30:00+00:00,AWS-001,17.94,992.41,88.43,28.6139,77.209,216.0,False,NORMAL,NONE,False,none,17.94,992.41,88.43,{}
2026-08-17 03:35:00+00:00,AWS-001,18.21,992.54,86.93,28.6139,77.209,216.0,False,NORMAL,NONE,False,none,18.21,992.54,86.93,{}
2026-08-17 03:40:00+00:00,AWS-001,18.35,992.53,87.02,28.6139,77.209,216.0,False,NORMAL,NONE,False,none,18.35,992.53,87.02,{}
2026-08-17 03:45:00+00:00,AWS-001,18.34,992.55,88.34,28.6139,77.209,216.0,False,NORMAL,NONE,False,none,18.34,992.55,88.34,{}
2026-08-17 03:50:00+00:00,AWS-001,18.44,992.6,87.58,28.6139,77.209,216.0,False,NORMAL,NONE,False,none,18.44,992.6,87.58,{}
2026-08-17 03:55:00+00:00,AWS-001,18.5,992.61,86.81,28.6139,77.209,216.0,False,NORMAL,NONE,False,none,18.5,992.61,86.81,{}
2026-08-17 04:00:00+00:00,AWS-001,18.43,992.59,85.97,28.6139,77.209,216.0,False,NORMAL,NONE,False,none,18.43,992.59,85.97,{}
2026-08-17 04:05:00+00:00,AWS-001,18.53,992.56,86.14,28.6139,77.209,216.0,False,NORMAL,NONE,False,none,18.53,992.56,86.14,{}
2026-08-17 04:10:00+00:00,AWS-001,18.52,992.53,85.96,28.6139,77.209,216.0,False,NORMAL,NONE,False,none,18.52,992.53,85.96,{}
2026-08-17 04:15:00+00:00,AWS-001,18.46,992.55,88.27,28.6139,77.209,216.0,False,NORMAL,NONE,False,none,18.46,992.55,88.27,{}
2026-08-17 04:20:00+00:00,AWS-001,18.31,992.54,88.47,28.6139,77.209,216.0,False,NORMAL,NONE,False,none,18.31,992.54,88.47,{}
2026-08-17 04:25:00+00:00,AWS-001,18.4,992.57,89.26,28.6139,77.209,216.0,False,NORMAL,NONE,False,none,18.4,992.57,89.26,{}
2026-08-17 04:30:00+00:00,AWS-001,18.64,992.51,88.17,28.6139,77.209,216.0,False,NORMAL,NONE,False,none,18.64,992.51,88.17,{}
2026-08-17 04:35:00+00:00,AWS-001,18.65,992.52,87.17,28.6139,77.209,216.0,False,NORMAL,NONE,False,none,18.65,992.52,87.17,{}
2026-08-17 04:40:00+00:00,AWS-001,19.21,992.62,84.23,28.6139,77.209,216.0,False,NORMAL,NONE,False,none,19.21,992.62,84.23,{}
2026-08-17 04:45:00+00:00,AWS-001,19.44,992.62,83.4,28.6139,77.209,216.0,False,NORMAL,NONE,False,none,19.44,992.62,83.4,{}
2026-08-17 04:50:00+00:00,AWS-001,19.72,992.73,81.64,28.6139,77.209,216.0,False,NORMAL,NONE,False,none,19.72,992.73,81.64,{}
2026-08-17 04:55:00+00:00,AWS-001,19.9,992.75,81.15,28.6139,77.209,216.0,False,NORMAL,NONE,False,none,19.9,992.75,81.15,{}
2026-08-17 05:00:00+00:00,AWS-001,20.24,992.75,79.79,28.6139,77.209,216.0,False,NORMAL,NONE,False,none,20.24,992.75,79.79,{}
2026-08-17 05:05:00+00:00,AWS-001,20.12,992.76,80.53,28.6139,77.209,216.0,False,NORMAL,NONE,False,none,20.12,992.76,80.53,{}
2026-08-17 05:10:00+00:00,AWS-001,19.73,992.76,82.2,28.6139,77.209,216.0,False,NORMAL,NONE,False,none,19.73,992.76,82.2,{}
2026-08-17 05:15:00+00:00,AWS-001,19.75,992.66,81.14,28.6139,77.209,216.0,False,NORMAL,NONE,False,none,19.75,992.66,81.14,{}
2026-08-17 05:20:00+00:00,AWS-001,19.95,992.74,80.04,28.6139,77.209,216.0,False,NORMAL,NONE,False,none,19.95,992.74,80.04,{}
2026-08-17 05:25:00+00:00,AWS-001,20.07,992.9,79.51,28.6139,77.209,216.0,False,NORMAL,NONE,False,none,20.07,992.9,79.51,{}
2026-08-17 05:30:00+00:00,AWS-001,20.21,992.94,77.59,28.6139,77.209,216.0,False,NORMAL,NONE,False,none,20.21,992.94,77.59,{}
2026-08-17 05:35:00+00:00,AWS-001,20.52,993.0,76.34,28.6139,77.209,216.0,False,NORMAL,NONE,False,none,20.52,993.0,76.34,{}
2026-08-17 05:40:00+00:00,AWS-001,20.66,993.01,75.75,28.6139,77.209,216.0,False,NORMAL,NONE,False,none,20.66,993.01,75.75,{}
2026-08-17 05:45:00+00:00,AWS-001,20.86,993.1,74.1,28.6139,77.209,216.0,False,NORMAL,NONE,False,none,20.86,993.1,74.1,{}
2026-08-17 05:50:00+00:00,AWS-001,20.76,993.12,74.56,28.6139,77.209,216.0,False,NORMAL,NONE,False,none,20.76,993.12,74.56,{}
2026-08-17 05:55:00+00:00,AWS-001,20.66,993.16,75.03,28.6139,77.209,216.0,False,NORMAL,NONE,False,none,20.66,993.16,75.03,{}
2026-08-17 06:00:00+00:00,AWS-001,21.04,993.09,74.7,28.6139,77.209,216.0,False,NORMAL,NONE,False,none,21.04,993.09,74.7,{}
2026-08-17 06:05:00+00:00,AWS-001,21.14,993.1,74.39,28.6139,77.209,216.0,False,NORMAL,NONE,False,none,21.14,993.1,74.39,{}
2026-08-17 06:10:00+00:00,AWS-001,21.12,993.16,75.12,28.6139,77.209,216.0,False,NORMAL,NONE,False,none,21.12,993.16,75.12,{}
2026-08-17 06:15:00+00:00,AWS-001,21.12,993.25,74.94,28.6139,77.209,216.0,False,NORMAL,NONE,False,none,21.12,993.25,74.94,{}
2026-08-17 06:20:00+00:00,AWS-001,21.13,993.34,73.62,28.6139,77.209,216.0,False,NORMAL,NONE,False,none,21.13,993.34,73.62,{}
2026-08-17 06:25:00+00:00,AWS-001,21.15,993.29,74.09,28.6139,77.209,216.0,False,NORMAL,NONE,False,none,21.15,993.29,74.09,{}
2026-08-17 06:30:00+00:00,AWS-001,21.08,993.24,74.02,28.6139,77.209,216.0,False,NORMAL,NONE,False,none,21.08,993.24,74.02,{}
2026-08-17 06:35:00+00:00,AWS-001,21.01,993.33,74.26,28.6139,77.209,216.0,False,NORMAL,NONE,False,none,21.01,993.33,74.26,{}
2026-08-17 06:40:00+00:00,AWS-001,21.17,993.34,72.96,28.6139,77.209,216.0,False,NORMAL,NONE,False,none,21.17,993.34,72.96,{}
2026-08-17 06:45:00+00:00,AWS-001,21.27,993.44,72.77,28.6139,77.209,216.0,False,NORMAL,NONE,False,none,21.27,993.44,72.77,{}
2026-08-17 06:50:00+00:00,AWS-001,21.65,993.4,71.9,28.6139,77.209,216.0,False,NORMAL,NONE,False,none,21.65,993.4,71.9,{}
2026-08-17 06:55:00+00:00,AWS-001,21.87,993.45,71.58,28.6139,77.209,216.0,False,NORMAL,NONE,False,none,21.87,993.45,71.58,{}
2026-08-17 07:00:00+00:00,AWS-001,22.07,993.5,71.65,28.6139,77.209,216.0,False,NORMAL,NONE,False,none,22.07,993.5,71.65,{}
2026-08-17 07:05:00+00:00,AWS-001,22.1,993.59,72.43,28.6139,77.209,216.0,False,NORMAL,NONE,False,none,22.1,993.59,72.43,{}
2026-08-17 07:10:00+00:00,AWS-001,22.25,993.58,70.2,28.6139,77.209,216.0,False,NORMAL,NONE,False,none,22.25,993.58,70.2,{}
2026-08-17 07:15:00+00:00,AWS-001,22.47,993.53,68.42,28.6139,77.209,216.0,False,NORMAL,NONE,False,none,22.47,993.53,68.42,{}
2026-08-17 07:20:00+00:00,AWS-001,22.75,993.61,66.19,28.6139,77.209,216.0,False,NORMAL,NONE,False,none,22.75,993.61,66.19,{}
2026-08-17 07:25:00+00:00,AWS-001,22.87,993.7,66.3,28.6139,77.209,216.0,False,NORMAL,NONE,False,none,22.87,993.7,66.3,{}
2026-08-17 07:30:00+00:00,AWS-001,23.19,993.82,64.7,28.6139,77.209,216.0,False,NORMAL,NONE,False,none,23.19,993.82,64.7,{}
2026-08-17 07:35:00+00:00,AWS-001,23.31,993.86,64.09,28.6139,77.209,216.0,False,NORMAL,NONE,False,none,23.31,993.86,64.09,{}
2026-08-17 07:40:00+00:00,AWS-001,23.57,993.96,63.15,28.6139,77.209,216.0,False,NORMAL,NONE,False,none,23.57,993.96,63.15,{}
2026-08-17 07:45:00+00:00,AWS-001,23.6,994.04,63.47,28.6139,77.209,216.0,False,NORMAL,NONE,False,none,23.6,994.04,63.47,{}
2026-08-17 07:50:00+00:00,AWS-001,23.42,994.16,63.36,28.6139,77.209,216.0,False,NORMAL,NONE,False,none,23.42,994.16,63.36,{}
2026-08-17 07:55:00+00:00,AWS-001,23.63,994.2,62.01,28.6139,77.209,216.0,False,NORMAL,NONE,False,none,23.63,994.2,62.01,{}
2026-08-17 08:00:00+00:00,AWS-001,23.9,994.14,61.29,28.6139,77.209,216.0,False,NORMAL,NONE,False,none,23.9,994.14,61.29,{}
2026-08-17 08:05:00+00:00,AWS-001,24.14,994.18,61.46,28.6139,77.209,216.0,False,NORMAL,NONE,False,none,24.14,994.18,61.46,{}
2026-08-17 08:10:00+00:00,AWS-001,24.33,994.23,60.84,28.6139,77.209,216.0,False,NORMAL,NONE,False,none,24.33,994.23,60.84,{}
2026-08-17 08:15:00+00:00,AWS-001,24.4,994.31,60.22,28.6139,77.209,216.0,False,NORMAL,NONE,False,none,24.4,994.31,60.22,{}
2026-08-17 08:20:00+00:00,AWS-001,24.39,994.26,59.06,28.6139,77.209,216.0,False,NORMAL,NONE,False,none,24.39,994.26,59.06,{}
2026-08-17 08:25:00+00:00,AWS-001,24.63,994.28,59.14,28.6139,77.209,216.0,False,NORMAL,NONE,False,none,24.63,994.28,59.14,{}
2026-08-17 08:30:00+00:00,AWS-001,24.84,994.38,58.14,28.6139,77.209,216.0,False,NORMAL,NONE,False,none,24.84,994.38,58.14,{}
2026-08-17 08:35:00+00:00,AWS-001,24.88,994.41,57.55,28.6139,77.209,216.0,False,NORMAL,NONE,False,none,24.88,994.41,57.55,{}
2026-08-17 08:40:00+00:00,AWS-001,25.2,994.43,55.64,28.6139,77.209,216.0,False,NORMAL,NONE,False,none,25.2,994.43,55.64,{}
2026-08-17 08:45:00+00:00,AWS-001,25.18,994.58,55.27,28.6139,77.209,216.0,False,NORMAL,NONE,False,none,25.18,994.58,55.27,{}
2026-08-17 08:50:00+00:00,AWS-001,25.22,994.55,55.03,28.6139,77.209,216.0,False,NORMAL,NONE,False,none,25.22,994.55,55.03,{}
2026-08-17 08:55:00+00:00,AWS-001,25.64,994.65,53.96,28.6139,77.209,216.0,False,NORMAL,NONE,False,none,25.64,994.65,53.96,{}
2026-08-17 09:00:00+00:00,AWS-001,25.9,994.73,52.8,28.6139,77.209,216.0,False,NORMAL,NONE,False,none,25.9,994.73,52.8,{}
2026-08-17 09:05:00+00:00,AWS-001,25.94,994.73,53.3,28.6139,77.209,216.0,False,NORMAL,NONE,False,none,25.94,994.73,53.3,{}
2026-08-17 09:10:00+00:00,AWS-001,26.11,994.74,53.04,28.6139,77.209,216.0,False,NORMAL,NONE,False,none,26.11,994.74,53.04,{}
2026-08-17 09:15:00+00:00,AWS-001,26.24,994.76,54.38,28.6139,77.209,216.0,False,NORMAL,NONE,False,none,26.24,994.76,54.38,{}
2026-08-17 09:20:00+00:00,AWS-001,25.9,994.78,54.57,28.6139,77.209,216.0,False,NORMAL,NONE,False,none,25.9,994.78,54.57,{}
2026-08-17 09:25:00+00:00,AWS-001,25.91,994.75,54.89,28.6139,77.209,216.0,False,NORMAL,NONE,False,none,25.91,994.75,54.89,{}
2026-08-17 09:30:00+00:00,AWS-001,26.08,994.74,54.64,28.6139,77.209,216.0,False,NORMAL,NONE,False,none,26.08,994.74,54.64,{}
2026-08-17 09:35:00+00:00,AWS-001,26.2,994.73,53.77,28.6139,77.209,216.0,False,NORMAL,NONE,False,none,26.2,994.73,53.77,{}
2026-08-17 09:40:00+00:00,AWS-001,26.42,994.72,53.36,28.6139,77.209,216.0,False,NORMAL,NONE,False,none,26.42,994.72,53.36,{}
2026-08-17 09:45:00+00:00,AWS-001,26.78,994.71,52.92,28.6139,77.209,216.0,False,NORMAL,NONE,False,none,26.78,994.71,52.92,{}
2026-08-17 09:50:00+00:00,AWS-001,26.86,994.59,52.8,28.6139,77.209,216.0,False,NORMAL,NONE,False,none,26.86,994.59,52.8,{}
2026-08-17 09:55:00+00:00,AWS-001,26.83,994.61,53.85,28.6139,77.209,216.0,False,NORMAL,NONE,False,none,26.83,994.61,53.85,{}
2026-08-17 10:00:00+00:00,AWS-001,27.05,994.6,51.74,28.6139,77.209,216.0,False,NORMAL,NONE,False,none,27.05,994.6,51.74,{}
2026-08-17 10:05:00+00:00,AWS-001,27.14,994.5,51.06,28.6139,77.209,216.0,False,NORMAL,NONE,False,none,27.14,994.5,51.06,{}
2026-08-17 10:10:00+00:00,AWS-001,27.27,994.5,51.81,28.6139,77.209,216.0,False,NORMAL,NONE,False,none,27.27,994.5,51.81,{}
2026-08-17 10:15:00+00:00,AWS-001,27.38,994.49,52.11,28.6139,77.209,216.0,False,NORMAL,NONE,False,none,27.38,994.49,52.11,{}
2026-08-17 10:20:00+00:00,AWS-001,27.9,994.58,50.83,28.6139,77.209,216.0,False,NORMAL,NONE,False,none,27.9,994.58,50.83,{}
2026-08-17 10:25:00+00:00,AWS-001,27.64,994.55,52.31,28.6139,77.209,216.0,False,NORMAL,NONE,False,none,27.64,994.55,52.31,{}
2026-08-17 10:30:00+00:00,AWS-001,27.72,994.59,50.65,28.6139,77.209,216.0,False,NORMAL,NONE,False,none,27.72,994.59,50.65,{}
2026-08-17 10:35:00+00:00,AWS-001,27.87,994.67,50.72,28.6139,77.209,216.0,False,NORMAL,NONE,False,none,27.87,994.67,50.72,{}
2026-08-17 10:40:00+00:00,AWS-001,27.89,994.62,51.29,28.6139,77.209,216.0,False,NORMAL,NONE,False,none,27.89,994.62,51.29,{}
2026-08-17 10:45:00+00:00,AWS-001,28.2,994.6,49.83,28.6139,77.209,216.0,False,NORMAL,NONE,False,none,28.2,994.6,49.83,{}
2026-08-17 10:50:00+00:00,AWS-001,28.47,994.69,50.66,28.6139,77.209,216.0,False,NORMAL,NONE,False,none,28.47,994.69,50.66,{}
2026-08-17 10:55:00+00:00,AWS-001,28.58,994.67,50.18,28.6139,77.209,216.0,False,NORMAL,NONE,False,none,28.58,994.67,50.18,{}
2026-08-17 11:00:00+00:00,AWS-001,28.65,994.67,48.33,28.6139,77.209,216.0,False,NORMAL,NONE,False,none,28.65,994.67,48.33,{}
2026-08-17 11:05:00+00:00,AWS-001,28.74,994.61,48.28,28.6139,77.209,216.0,False,NORMAL,NONE,False,none,28.74,994.61,48.28,{}
2026-08-17 11:10:00+00:00,AWS-001,28.84,994.62,47.5,28.6139,77.209,216.0,False,NORMAL,NONE,False,none,28.84,994.62,47.5,{}
2026-08-17 11:15:00+00:00,AWS-001,28.95,994.58,47.97,28.6139,77.209,216.0,False,NORMAL,NONE,False,none,28.95,994.58,47.97,{}
2026-08-17 11:20:00+00:00,AWS-001,29.03,994.43,48.0,28.6139,77.209,216.0,False,NORMAL,NONE,False,none,29.03,994.43,48.0,{}
2026-08-17 11:25:00+00:00,AWS-001,29.19,994.38,47.08,28.6139,77.209,216.0,False,NORMAL,NONE,False,none,29.19,994.38,47.08,{}
2026-08-17 11:30:00+00:00,AWS-001,29.42,994.28,47.36,28.6139,77.209,216.0,False,NORMAL,NONE,False,none,29.42,994.28,47.36,{}
2026-08-17 11:35:00+00:00,AWS-001,29.3,994.26,48.08,28.6139,77.209,216.0,False,NORMAL,NONE,False,none,29.3,994.26,48.08,{}
2026-08-17 11:40:00+00:00,AWS-001,29.24,994.18,47.48,28.6139,77.209,216.0,False,NORMAL,NONE,False,none,29.24,994.18,47.48,{}
2026-08-17 11:45:00+00:00,AWS-001,29.08,994.17,47.7,28.6139,77.209,216.0,False,NORMAL,NONE,False,none,29.08,994.17,47.7,{}
2026-08-17 11:50:00+00:00,AWS-001,29.38,994.14,47.12,28.6139,77.209,216.0,False,NORMAL,NONE,False,none,29.38,994.14,47.12,{}
2026-08-17 11:55:00+00:00,AWS-001,29.55,994.03,46.31,28.6139,77.209,216.0,False,NORMAL,NONE,False,none,29.55,994.03,46.31,{}
2026-08-17 12:00:00+00:00,AWS-001,29.75,993.97,45.5,28.6139,77.209,216.0,False,NORMAL,NONE,False,none,29.75,993.97,45.5,{}
2026-08-17 12:05:00+00:00,AWS-001,29.62,993.98,45.85,28.6139,77.209,216.0,False,NORMAL,NONE,False,none,29.62,993.98,45.85,{}
2026-08-17 12:10:00+00:00,AWS-001,30.04,994.01,44.05,28.6139,77.209,216.0,False,NORMAL,NONE,False,none,30.04,994.01,44.05,{}
2026-08-17 12:15:00+00:00,AWS-001,30.02,993.91,42.77,28.6139,77.209,216.0,False,NORMAL,NONE,False,none,30.02,993.91,42.77,{}
2026-08-17 12:20:00+00:00,AWS-001,30.14,993.81,42.9,28.6139,77.209,216.0,False,NORMAL,NONE,False,none,30.14,993.81,42.9,{}
2026-08-17 12:25:00+00:00,AWS-001,30.37,993.88,41.29,28.6139,77.209,216.0,False,NORMAL,NONE,False,none,30.37,993.88,41.29,{}
2026-08-17 12:30:00+00:00,AWS-001,30.26,993.84,41.29,28.6139,77.209,216.0,False,NORMAL,NONE,False,none,30.26,993.84,41.29,{}
2026-08-17 12:35:00+00:00,AWS-001,30.26,993.79,40.61,28.6139,77.209,216.0,False,NORMAL,NONE,False,none,30.26,993.79,40.61,{}
2026-08-17 12:40:00+00:00,AWS-001,30.37,993.7,39.79,28.6139,77.209,216.0,False,NORMAL,NONE,False,none,30.37,993.7,39.79,{}
2026-08-17 12:45:00+00:00,AWS-001,30.93,993.66,39.3,28.6139,77.209,216.0,False,NORMAL,NONE,False,none,30.93,993.66,39.3,{}
2026-08-17 12:50:00+00:00,AWS-001,31.0,993.72,39.47,28.6139,77.209,216.0,False,NORMAL,NONE,False,none,31.0,993.72,39.47,{}
2026-08-17 12:55:00+00:00,AWS-001,31.28,993.67,39.05,28.6139,77.209,216.0,False,NORMAL,NONE,False,none,31.28,993.67,39.05,{}
2026-08-17 13:00:00+00:00,AWS-001,31.46,993.68,38.17,28.6139,77.209,216.0,False,NORMAL,NONE,False,none,31.46,993.68,38.17,{}
2026-08-17 13:05:00+00:00,AWS-001,31.49,993.62,38.15,28.6139,77.209,216.0,False,NORMAL,NONE,False,none,31.49,993.62,38.15,{}
2026-08-17 13:10:00+00:00,AWS-001,31.29,993.49,39.3,28.6139,77.209,216.0,False,NORMAL,NONE,False,none,31.29,993.49,39.3,{}
2026-08-17 13:15:00+00:00,AWS-001,31.46,993.4,39.22,28.6139,77.209,216.0,False,NORMAL,NONE,False,none,31.46,993.4,39.22,{}
2026-08-17 13:20:00+00:00,AWS-001,31.19,993.28,40.68,28.6139,77.209,216.0,False,NORMAL,NONE,False,none,31.19,993.28,40.68,{}
2026-08-17 13:25:00+00:00,AWS-001,31.46,993.24,40.82,28.6139,77.209,216.0,False,NORMAL,NONE,False,none,31.46,993.24,40.82,{}
2026-08-17 13:30:00+00:00,AWS-001,31.48,993.27,40.69,28.6139,77.209,216.0,False,NORMAL,NONE,False,none,31.48,993.27,40.69,{}
2026-08-17 13:35:00+00:00,AWS-001,31.01,993.22,40.69,28.6139,77.209,216.0,False,NORMAL,NONE,False,none,31.01,993.22,40.69,{}
2026-08-17 13:40:00+00:00,AWS-001,30.99,993.15,40.51,28.6139,77.209,216.0,False,NORMAL,NONE,False,none,30.99,993.15,40.51,{}
2026-08-17 13:45:00+00:00,AWS-001,31.14,993.05,40.37,28.6139,77.209,216.0,False,NORMAL,NONE,False,none,31.14,993.05,40.37,{}
2026-08-17 13:50:00+00:00,AWS-001,31.13,993.03,40.17,28.6139,77.209,216.0,False,NORMAL,NONE,False,none,31.13,993.03,40.17,{}
2026-08-17 13:55:00+00:00,AWS-001,31.27,992.91,39.45,28.6139,77.209,216.0,False,NORMAL,NONE,False,none,31.27,992.91,39.45,{}
2026-08-17 14:00:00+00:00,AWS-001,31.13,992.8,40.15,28.6139,77.209,216.0,False,NORMAL,NONE,False,none,31.13,992.8,40.15,{}
2026-08-17 14:05:00+00:00,AWS-001,30.94,992.82,42.45,28.6139,77.209,216.0,False,NORMAL,NONE,False,none,30.94,992.82,42.45,{}
2026-08-17 14:10:00+00:00,AWS-001,30.97,992.76,42.07,28.6139,77.209,216.0,False,NORMAL,NONE,False,none,30.97,992.76,42.07,{}
2026-08-17 14:15:00+00:00,AWS-001,31.02,992.71,42.02,28.6139,77.209,216.0,False,NORMAL,NONE,False,none,31.02,992.71,42.02,{}
2026-08-17 14:20:00+00:00,AWS-001,30.99,992.66,41.31,28.6139,77.209,216.0,False,NORMAL,NONE,False,none,30.99,992.66,41.31,{}
2026-08-17 14:25:00+00:00,AWS-001,31.23,992.67,41.7,28.6139,77.209,216.0,False,NORMAL,NONE,False,none,31.23,992.67,41.7,{}
2026-08-17 14:30:00+00:00,AWS-001,31.09,992.65,42.61,28.6139,77.209,216.0,False,NORMAL,NONE,False,none,31.09,992.65,42.61,{}
2026-08-17 14:35:00+00:00,AWS-001,31.16,992.57,42.9,28.6139,77.209,216.0,False,NORMAL,NONE,False,none,31.16,992.57,42.9,{}
2026-08-17 14:40:00+00:00,AWS-001,31.17,992.5,43.59,28.6139,77.209,216.0,False,NORMAL,NONE,False,none,31.17,992.5,43.59,{}
2026-08-17 14:45:00+00:00,AWS-001,30.91,992.46,43.72,28.6139,77.209,216.0,False,NORMAL,NONE,False,none,30.91,992.46,43.72,{}
2026-08-17 14:50:00+00:00,AWS-001,30.72,992.46,43.84,28.6139,77.209,216.0,False,NORMAL,NONE,False,none,30.72,992.46,43.84,{}
2026-08-17 14:55:00+00:00,AWS-001,30.77,992.43,44.7,28.6139,77.209,216.0,False,NORMAL,NONE,False,none,30.77,992.43,44.7,{}
2026-08-17 15:00:00+00:00,AWS-001,31.13,992.4,43.97,28.6139,77.209,216.0,False,NORMAL,NONE,False,none,31.13,992.4,43.97,{}
2026-08-17 15:05:00+00:00,AWS-001,31.21,992.38,42.1,28.6139,77.209,216.0,False,NORMAL,NONE,False,none,31.21,992.38,42.1,{}
2026-08-17 15:10:00+00:00,AWS-001,30.9,992.36,43.13,28.6139,77.209,216.0,False,NORMAL,NONE,False,none,30.9,992.36,43.13,{}
2026-08-17 15:15:00+00:00,AWS-001,30.38,992.3,43.98,28.6139,77.209,216.0,False,NORMAL,NONE,False,none,30.38,992.3,43.98,{}
2026-08-17 15:20:00+00:00,AWS-001,30.56,992.35,44.11,28.6139,77.209,216.0,False,NORMAL,NONE,False,none,30.56,992.35,44.11,{}
2026-08-17 15:25:00+00:00,AWS-001,30.57,992.31,44.25,28.6139,77.209,216.0,False,NORMAL,NONE,False,none,30.57,992.31,44.25,{}
2026-08-17 15:30:00+00:00,AWS-001,30.79,992.3,42.52,28.6139,77.209,216.0,False,NORMAL,NONE,False,none,30.79,992.3,42.52,{}
2026-08-17 15:35:00+00:00,AWS-001,30.63,992.17,43.16,28.6139,77.209,216.0,False,NORMAL,NONE,False,none,30.63,992.17,43.16,{}
2026-08-17 15:40:00+00:00,AWS-001,30.69,992.16,43.19,28.6139,77.209,216.0,False,NORMAL,NONE,False,none,30.69,992.16,43.19,{}
2026-08-17 15:45:00+00:00,AWS-001,30.81,992.1,43.13,28.6139,77.209,216.0,False,NORMAL,NONE,False,none,30.81,992.1,43.13,{}
2026-08-17 15:50:00+00:00,AWS-001,30.7,992.05,43.75,28.6139,77.209,216.0,False,NORMAL,NONE,False,none,30.7,992.05,43.75,{}
2026-08-17 15:55:00+00:00,AWS-001,30.6,992.21,44.88,28.6139,77.209,216.0,False,NORMAL,NONE,False,none,30.6,992.21,44.88,{}
2026-08-17 16:00:00+00:00,AWS-001,30.57,992.23,45.0,28.6139,77.209,216.0,False,NORMAL,NONE,False,none,30.57,992.23,45.0,{}
2026-08-17 16:05:00+00:00,AWS-001,30.63,992.3,44.67,28.6139,77.209,216.0,False,NORMAL,NONE,False,none,30.63,992.3,44.67,{}
2026-08-17 16:10:00+00:00,AWS-001,30.57,992.35,45.36,28.6139,77.209,216.0,False,NORMAL,NONE,False,none,30.57,992.35,45.36,{}
2026-08-17 16:15:00+00:00,AWS-001,30.68,992.41,46.25,28.6139,77.209,216.0,False,NORMAL,NONE,False,none,30.68,992.41,46.25,{}
2026-08-17 16:20:00+00:00,AWS-001,30.52,992.39,46.78,28.6139,77.209,216.0,False,NORMAL,NONE,False,none,30.52,992.39,46.78,{}
2026-08-17 16:25:00+00:00,AWS-001,30.23,992.49,47.19,28.6139,77.209,216.0,False,NORMAL,NONE,False,none,30.23,992.49,47.19,{}
2026-08-17 16:30:00+00:00,AWS-001,30.52,992.53,46.34,28.6139,77.209,216.0,False,NORMAL,NONE,False,none,30.52,992.53,46.34,{}
2026-08-17 16:35:00+00:00,AWS-001,30.33,992.53,46.6,28.6139,77.209,216.0,False,NORMAL,NONE,False,none,30.33,992.53,46.6,{}
2026-08-17 16:40:00+00:00,AWS-001,30.15,992.55,46.71,28.6139,77.209,216.0,False,NORMAL,NONE,False,none,30.15,992.55,46.71,{}
2026-08-17 16:45:00+00:00,AWS-001,30.07,992.54,47.99,28.6139,77.209,216.0,False,NORMAL,NONE,False,none,30.07,992.54,47.99,{}
2026-08-17 16:50:00+00:00,AWS-001,30.01,992.55,47.22,28.6139,77.209,216.0,False,NORMAL,NONE,False,none,30.01,992.55,47.22,{}
2026-08-17 16:55:00+00:00,AWS-001,29.87,992.55,48.0,28.6139,77.209,216.0,False,NORMAL,NONE,False,none,29.87,992.55,48.0,{}
2026-08-17 17:00:00+00:00,AWS-001,29.79,992.58,47.74,28.6139,77.209,216.0,False,NORMAL,NONE,False,none,29.79,992.58,47.74,{}
2026-08-17 17:05:00+00:00,AWS-001,29.71,992.7,46.71,28.6139,77.209,216.0,False,NORMAL,NONE,False,none,29.71,992.7,46.71,{}
2026-08-17 17:10:00+00:00,AWS-001,29.66,992.63,46.6,28.6139,77.209,216.0,False,NORMAL,NONE,False,none,29.66,992.63,46.6,{}
2026-08-17 17:15:00+00:00,AWS-001,29.18,992.71,47.46,28.6139,77.209,216.0,False,NORMAL,NONE,False,none,29.18,992.71,47.46,{}
2026-08-17 17:20:00+00:00,AWS-001,29.45,992.71,47.07,28.6139,77.209,216.0,False,NORMAL,NONE,False,none,29.45,992.71,47.07,{}
2026-08-17 17:25:00+00:00,AWS-001,29.34,992.8,47.36,28.6139,77.209,216.0,False,NORMAL,NONE,False,none,29.34,992.8,47.36,{}
2026-08-17 17:30:00+00:00,AWS-001,29.35,992.79,46.63,28.6139,77.209,216.0,False,NORMAL,NONE,False,none,29.35,992.79,46.63,{}
2026-08-17 17:35:00+00:00,AWS-001,29.02,992.84,48.51,28.6139,77.209,216.0,False,NORMAL,NONE,False,none,29.02,992.84,48.51,{}
2026-08-17 17:40:00+00:00,AWS-001,28.86,992.85,49.53,28.6139,77.209,216.0,False,NORMAL,NONE,False,none,28.86,992.85,49.53,{}
2026-08-17 17:45:00+00:00,AWS-001,28.67,992.77,50.87,28.6139,77.209,216.0,False,NORMAL,NONE,False,none,28.67,992.77,50.87,{}
2026-08-17 17:50:00+00:00,AWS-001,28.85,992.9,50.2,28.6139,77.209,216.0,False,NORMAL,NONE,False,none,28.85,992.9,50.2,{}
2026-08-17 17:55:00+00:00,AWS-001,28.65,992.87,50.46,28.6139,77.209,216.0,False,NORMAL,NONE,False,none,28.65,992.87,50.46,{}
2026-08-17 18:00:00+00:00,AWS-001,28.68,992.91,50.57,28.6139,77.209,216.0,False,NORMAL,NONE,False,none,28.68,992.91,50.57,{}
2026-08-17 18:05:00+00:00,AWS-001,28.46,992.89,50.57,28.6139,77.209,216.0,False,NORMAL,NONE,False,none,28.46,992.89,50.57,{}
2026-08-17 18:10:00+00:00,AWS-001,28.29,992.85,50.99,28.6139,77.209,216.0,False,NORMAL,NONE,False,none,28.29,992.85,50.99,{}
2026-08-17 18:15:00+00:00,AWS-001,28.15,992.88,51.11,28.6139,77.209,216.0,False,NORMAL,NONE,False,none,28.15,992.88,51.11,{}
2026-08-17 18:20:00+00:00,AWS-001,28.27,992.9,49.73,28.6139,77.209,216.0,False,NORMAL,NONE,False,none,28.27,992.9,49.73,{}
2026-08-17 18:25:00+00:00,AWS-001,27.83,992.88,51.15,28.6139,77.209,216.0,False,NORMAL,NONE,False,none,27.83,992.88,51.15,{}
2026-08-17 18:30:00+00:00,AWS-001,27.52,992.94,51.82,28.6139,77.209,216.0,False,NORMAL,NONE,False,none,27.52,992.94,51.82,{}
2026-08-17 18:35:00+00:00,AWS-001,27.13,992.91,52.94,28.6139,77.209,216.0,False,NORMAL,NONE,False,none,27.13,992.91,52.94,{}
2026-08-17 18:40:00+00:00,AWS-001,26.91,992.98,53.94,28.6139,77.209,216.0,False,NORMAL,NONE,False,none,26.91,992.98,53.94,{}
2026-08-17 18:45:00+00:00,AWS-001,26.75,993.04,55.29,28.6139,77.209,216.0,False,NORMAL,NONE,False,none,26.75,993.04,55.29,{}
2026-08-17 18:50:00+00:00,AWS-001,26.46,992.96,55.62,28.6139,77.209,216.0,False,NORMAL,NONE,False,none,26.46,992.96,55.62,{}
2026-08-17 18:55:00+00:00,AWS-001,26.33,993.0,55.83,28.6139,77.209,216.0,False,NORMAL,NONE,False,none,26.33,993.0,55.83,{}
2026-08-17 19:00:00+00:00,AWS-001,25.98,993.1,56.53,28.6139,77.209,216.0,False,NORMAL,NONE,False,none,25.98,993.1,56.53,{}
2026-08-17 19:05:00+00:00,AWS-001,25.83,993.11,56.62,28.6139,77.209,216.0,False,NORMAL,NONE,False,none,25.83,993.11,56.62,{}
2026-08-17 19:10:00+00:00,AWS-001,26.05,993.21,55.68,28.6139,77.209,216.0,False,NORMAL,NONE,False,none,26.05,993.21,55.68,{}
2026-08-17 19:15:00+00:00,AWS-001,26.09,993.3,55.61,28.6139,77.209,216.0,False,NORMAL,NONE,False,none,26.09,993.3,55.61,{}
2026-08-17 19:20:00+00:00,AWS-001,26.08,993.3,56.22,28.6139,77.209,216.0,False,NORMAL,NONE,False,none,26.08,993.3,56.22,{}
2026-08-17 19:25:00+00:00,AWS-001,25.85,993.37,57.31,28.6139,77.209,216.0,False,NORMAL,NONE,False,none,25.85,993.37,57.31,{}
2026-08-17 19:30:00+00:00,AWS-001,25.54,993.48,57.76,28.6139,77.209,216.0,False,NORMAL,NONE,False,none,25.54,993.48,57.76,{}
2026-08-17 19:35:00+00:00,AWS-001,25.32,993.49,59.51,28.6139,77.209,216.0,False,NORMAL,NONE,False,none,25.32,993.49,59.51,{}
2026-08-17 19:40:00+00:00,AWS-001,25.29,993.54,60.22,28.6139,77.209,216.0,False,NORMAL,NONE,False,none,25.29,993.54,60.22,{}
2026-08-17 19:45:00+00:00,AWS-001,25.4,993.66,59.19,28.6139,77.209,216.0,False,NORMAL,NONE,False,none,25.4,993.66,59.19,{}
2026-08-17 19:50:00+00:00,AWS-001,25.48,993.67,59.68,28.6139,77.209,216.0,False,NORMAL,NONE,False,none,25.48,993.67,59.68,{}
2026-08-17 19:55:00+00:00,AWS-001,25.49,993.75,59.75,28.6139,77.209,216.0,False,NORMAL,NONE,False,none,25.49,993.75,59.75,{}
2026-08-17 20:00:00+00:00,AWS-001,25.26,993.73,60.36,28.6139,77.209,216.0,False,NORMAL,NONE,False,none,25.26,993.73,60.36,{}
2026-08-17 20:05:00+00:00,AWS-001,25.16,993.78,60.85,28.6139,77.209,216.0,False,NORMAL,NONE,False,none,25.16,993.78,60.85,{}
2026-08-17 20:10:00+00:00,AWS-001,25.0,993.85,61.31,28.6139,77.209,216.0,False,NORMAL,NONE,False,none,25.0,993.85,61.31,{}
2026-08-17 20:15:00+00:00,AWS-001,24.86,993.76,62.07,28.6139,77.209,216.0,False,NORMAL,NONE,False,none,24.86,993.76,62.07,{}
2026-08-17 20:20:00+00:00,AWS-001,25.09,993.78,61.22,28.6139,77.209,216.0,False,NORMAL,NONE,False,none,25.09,993.78,61.22,{}
2026-08-17 20:25:00+00:00,AWS-001,24.65,993.86,62.51,28.6139,77.209,216.0,False,NORMAL,NONE,False,none,24.65,993.86,62.51,{}
2026-08-17 20:30:00+00:00,AWS-001,24.49,993.92,61.73,28.6139,77.209,216.0,False,NORMAL,NONE,False,none,24.49,993.92,61.73,{}
2026-08-17 20:35:00+00:00,AWS-001,24.58,993.94,61.86,28.6139,77.209,216.0,False,NORMAL,NONE,False,none,24.58,993.94,61.86,{}
2026-08-17 20:40:00+00:00,AWS-001,24.2,993.92,63.14,28.6139,77.209,216.0,False,NORMAL,NONE,False,none,24.2,993.92,63.14,{}
2026-08-17 20:45:00+00:00,AWS-001,23.98,994.0,64.56,28.6139,77.209,216.0,False,NORMAL,NONE,False,none,23.98,994.0,64.56,{}
2026-08-17 20:50:00+00:00,AWS-001,23.79,994.02,65.61,28.6139,77.209,216.0,False,NORMAL,NONE,False,none,23.79,994.02,65.61,{}
2026-08-17 20:55:00+00:00,AWS-001,23.66,994.09,65.88,28.6139,77.209,216.0,False,NORMAL,NONE,False,none,23.66,994.09,65.88,{}
2026-08-17 21:00:00+00:00,AWS-001,23.3,994.15,67.97,28.6139,77.209,216.0,False,NORMAL,NONE,False,none,23.3,994.15,67.97,{}
2026-08-17 21:05:00+00:00,AWS-001,23.32,994.15,67.88,28.6139,77.209,216.0,False,NORMAL,NONE,False,none,23.32,994.15,67.88,{}
2026-08-17 21:10:00+00:00,AWS-001,23.35,994.24,67.8,28.6139,77.209,216.0,False,NORMAL,NONE,False,none,23.35,994.24,67.8,{}
2026-08-17 21:15:00+00:00,AWS-001,23.32,994.22,67.71,28.6139,77.209,216.0,False,NORMAL,NONE,False,none,23.32,994.22,67.71,{}
2026-08-17 21:20:00+00:00,AWS-001,23.06,994.31,69.79,28.6139,77.209,216.0,False,NORMAL,NONE,False,none,23.06,994.31,69.79,{}
2026-08-17 21:25:00+00:00,AWS-001,22.96,994.4,69.49,28.6139,77.209,216.0,False,NORMAL,NONE,False,none,22.96,994.4,69.49,{}
2026-08-17 21:30:00+00:00,AWS-001,22.7,994.46,70.26,28.6139,77.209,216.0,False,NORMAL,NONE,False,none,22.7,994.46,70.26,{}
2026-08-17 21:35:00+00:00,AWS-001,22.55,994.45,70.05,28.6139,77.209,216.0,False,NORMAL,NONE,False,none,22.55,994.45,70.05,{}
2026-08-17 21:40:00+00:00,AWS-001,22.82,994.59,69.44,28.6139,77.209,216.0,False,NORMAL,NONE,False,none,22.82,994.59,69.44,{}
2026-08-17 21:45:00+00:00,AWS-001,22.7,994.58,69.57,28.6139,77.209,216.0,False,NORMAL,NONE,False,none,22.7,994.58,69.57,{}
2026-08-17 21:50:00+00:00,AWS-001,22.36,994.57,70.76,28.6139,77.209,216.0,False,NORMAL,NONE,False,none,22.36,994.57,70.76,{}
2026-08-17 21:55:00+00:00,AWS-001,22.27,994.55,70.88,28.6139,77.209,216.0,False,NORMAL,NONE,False,none,22.27,994.55,70.88,{}
2026-08-17 22:00:00+00:00,AWS-001,21.93,994.46,72.55,28.6139,77.209,216.0,False,NORMAL,NONE,False,none,21.93,994.46,72.55,{}
2026-08-17 22:05:00+00:00,AWS-001,21.64,994.51,73.17,28.6139,77.209,216.0,False,NORMAL,NONE,False,none,21.64,994.51,73.17,{}
2026-08-17 22:10:00+00:00,AWS-001,21.39,994.45,73.08,28.6139,77.209,216.0,False,NORMAL,NONE,False,none,21.39,994.45,73.08,{}
2026-08-17 22:15:00+00:00,AWS-001,21.26,994.48,74.35,28.6139,77.209,216.0,False,NORMAL,NONE,False,none,21.26,994.48,74.35,{}
2026-08-17 22:20:00+00:00,AWS-001,21.36,994.52,72.83,28.6139,77.209,216.0,False,NORMAL,NONE,False,none,21.36,994.52,72.83,{}
2026-08-17 22:25:00+00:00,AWS-001,21.38,994.51,73.74,28.6139,77.209,216.0,False,NORMAL,NONE,False,none,21.38,994.51,73.74,{}
2026-08-17 22:30:00+00:00,AWS-001,21.37,994.43,75.06,28.6139,77.209,216.0,False,NORMAL,NONE,False,none,21.37,994.43,75.06,{}
2026-08-17 22:35:00+00:00,AWS-001,21.08,994.37,76.42,28.6139,77.209,216.0,False,NORMAL,NONE,False,none,21.08,994.37,76.42,{}
2026-08-17 22:40:00+00:00,AWS-001,20.9,994.17,78.19,28.6139,77.209,216.0,False,NORMAL,NONE,False,none,20.9,994.17,78.19,{}
2026-08-17 22:45:00+00:00,AWS-001,20.87,994.14,78.29,28.6139,77.209,216.0,False,NORMAL,NONE,False,none,20.87,994.14,78.29,{}
2026-08-17 22:50:00+00:00,AWS-001,20.68,994.16,80.2,28.6139,77.209,216.0,False,NORMAL,NONE,False,none,20.68,994.16,80.2,{}
2026-08-17 22:55:00+00:00,AWS-001,20.56,994.11,80.33,28.6139,77.209,216.0,False,NORMAL,NONE,False,none,20.56,994.11,80.33,{}
2026-08-17 23:00:00+00:00,AWS-001,20.56,994.04,78.73,28.6139,77.209,216.0,False,NORMAL,NONE,False,none,20.56,994.04,78.73,{}
2026-08-17 23:05:00+00:00,AWS-001,20.41,993.98,79.52,28.6139,77.209,216.0,False,NORMAL,NONE,False,none,20.41,993.98,79.52,{}
2026-08-17 23:10:00+00:00,AWS-001,20.37,994.02,80.93,28.6139,77.209,216.0,False,NORMAL,NONE,False,none,20.37,994.02,80.93,{}
2026-08-17 23:15:00+00:00,AWS-001,20.55,993.97,80.33,28.6139,77.209,216.0,False,NORMAL,NONE,False,none,20.55,993.97,80.33,{}
2026-08-17 23:20:00+00:00,AWS-001,20.4,994.04,80.62,28.6139,77.209,216.0,False,NORMAL,NONE,False,none,20.4,994.04,80.62,{}
2026-08-17 23:25:00+00:00,AWS-001,20.49,993.95,80.37,28.6139,77.209,216.0,False,NORMAL,NONE,False,none,20.49,993.95,80.37,{}
2026-08-17 23:30:00+00:00,AWS-001,20.45,993.9,81.11,28.6139,77.209,216.0,False,NORMAL,NONE,False,none,20.45,993.9,81.11,{}
2026-08-17 23:35:00+00:00,AWS-001,20.07,993.82,82.83,28.6139,77.209,216.0,False,NORMAL,NONE,False,none,20.07,993.82,82.83,{}
2026-08-17 23:40:00+00:00,AWS-001,19.79,993.89,85.83,28.6139,77.209,216.0,False,NORMAL,NONE,False,none,19.79,993.89,85.83,{}
2026-08-17 23:45:00+00:00,AWS-001,19.57,993.83,86.28,28.6139,77.209,216.0,False,NORMAL,NONE,False,none,19.57,993.83,86.28,{}
2026-08-17 23:50:00+00:00,AWS-001,19.37,993.89,87.73,28.6139,77.209,216.0,False,NORMAL,NONE,False,none,19.37,993.89,87.73,{}
2026-08-17 23:55:00+00:00,AWS-001,19.31,993.79,88.22,28.6139,77.209,216.0,False,NORMAL,NONE,False,none,19.31,993.79,88.22,{}
2026-08-18 00:00:00+00:00,AWS-001,19.3,993.8,87.53,28.6139,77.209,216.0,False,NORMAL,NONE,False,none,19.3,993.8,87.53,{}
2026-08-18 00:05:00+00:00,AWS-001,19.44,993.73,86.26,28.6139,77.209,216.0,False,NORMAL,NONE,False,none,19.44,993.73,86.26,{}
2026-08-18 00:10:00+00:00,AWS-001,19.41,993.69,86.94,28.6139,77.209,216.0,False,NORMAL,NONE,False,none,19.41,993.69,86.94,{}
2026-08-18 00:15:00+00:00,AWS-001,19.25,993.54,87.69,28.6139,77.209,216.0,False,NORMAL,NONE,False,none,19.25,993.54,87.69,{}
2026-08-18 00:20:00+00:00,AWS-001,18.82,993.48,90.01,28.6139,77.209,216.0,False,NORMAL,NONE,False,none,18.82,993.48,90.01,{}
2026-08-18 00:25:00+00:00,AWS-001,18.8,993.33,88.89,28.6139,77.209,216.0,False,NORMAL,NONE,False,none,18.8,993.33,88.89,{}
2026-08-18 00:30:00+00:00,AWS-001,18.77,993.28,89.46,28.6139,77.209,216.0,False,NORMAL,NONE,False,none,18.77,993.28,89.46,{}
2026-08-18 00:35:00+00:00,AWS-001,18.76,993.11,89.61,28.6139,77.209,216.0,False,NORMAL,NONE,False,none,18.76,993.11,89.61,{}
2026-08-18 00:40:00+00:00,AWS-001,19.07,993.04,87.79,28.6139,77.209,216.0,False,NORMAL,NONE,False,none,19.07,993.04,87.79,{}
2026-08-18 00:45:00+00:00,AWS-001,19.19,993.03,87.29,28.6139,77.209,216.0,False,NORMAL,NONE,False,none,19.19,993.03,87.29,{}
2026-08-18 00:50:00+00:00,AWS-001,19.22,992.99,86.79,28.6139,77.209,216.0,False,NORMAL,NONE,False,none,19.22,992.99,86.79,{}
2026-08-18 00:55:00+00:00,AWS-001,18.95,992.85,87.85,28.6139,77.209,216.0,False,NORMAL,NONE,False,none,18.95,992.85,87.85,{}
2026-08-18 01:00:00+00:00,AWS-001,18.78,992.67,88.66,28.6139,77.209,216.0,False,NORMAL,NONE,False,none,18.78,992.67,88.66,{}
2026-08-18 01:05:00+00:00,AWS-001,18.69,992.63,88.86,28.6139,77.209,216.0,False,NORMAL,NONE,False,none,18.69,992.63,88.86,{}
2026-08-18 01:10:00+00:00,AWS-001,18.5,992.67,91.39,28.6139,77.209,216.0,False,NORMAL,NONE,False,none,18.5,992.67,91.39,{}
2026-08-18 01:15:00+00:00,AWS-001,18.55,992.54,91.58,28.6139,77.209,216.0,False,NORMAL,NONE,False,none,18.55,992.54,91.58,{}
2026-08-18 01:20:00+00:00,AWS-001,18.56,992.6,90.7,28.6139,77.209,216.0,False,NORMAL,NONE,False,none,18.56,992.6,90.7,{}
2026-08-18 01:25:00+00:00,AWS-001,18.32,992.52,93.23,28.6139,77.209,216.0,False,NORMAL,NONE,False,none,18.32,992.52,93.23,{}
2026-08-18 01:30:00+00:00,AWS-001,18.5,992.33,91.71,28.6139,77.209,216.0,False,NORMAL,NONE,False,none,18.5,992.33,91.71,{}
2026-08-18 01:35:00+00:00,AWS-001,18.46,992.18,91.72,28.6139,77.209,216.0,False,NORMAL,NONE,False,none,18.46,992.18,91.72,{}
2026-08-18 01:40:00+00:00,AWS-001,18.13,992.17,94.05,28.6139,77.209,216.0,False,NORMAL,NONE,False,none,18.13,992.17,94.05,{}
2026-08-18 01:45:00+00:00,AWS-001,18.11,992.11,92.67,28.6139,77.209,216.0,False,NORMAL,NONE,False,none,18.11,992.11,92.67,{}
2026-08-18 01:50:00+00:00,AWS-001,18.16,992.14,92.28,28.6139,77.209,216.0,False,NORMAL,NONE,False,none,18.16,992.14,92.28,{}
2026-08-18 01:55:00+00:00,AWS-001,18.31,992.01,91.06,28.6139,77.209,216.0,False,NORMAL,NONE,False,none,18.31,992.01,91.06,{}
2026-08-18 02:00:00+00:00,AWS-001,18.22,991.95,91.75,28.6139,77.209,216.0,False,NORMAL,NONE,False,none,18.22,991.95,91.75,{}
2026-08-18 02:05:00+00:00,AWS-001,18.34,991.9,91.33,28.6139,77.209,216.0,False,NORMAL,NONE,False,none,18.34,991.9,91.33,{}
2026-08-18 02:10:00+00:00,AWS-001,18.34,991.83,91.28,28.6139,77.209,216.0,False,NORMAL,NONE,False,none,18.34,991.83,91.28,{}
2026-08-18 02:15:00+00:00,AWS-001,18.09,991.75,92.64,28.6139,77.209,216.0,False,NORMAL,NONE,False,none,18.09,991.75,92.64,{}
2026-08-18 02:20:00+00:00,AWS-001,17.86,991.68,94.7,28.6139,77.209,216.0,False,NORMAL,NONE,False,none,17.86,991.68,94.7,{}
2026-08-18 02:25:00+00:00,AWS-001,18.08,991.64,93.51,28.6139,77.209,216.0,False,NORMAL,NONE,False,none,18.08,991.64,93.51,{}
2026-08-18 02:30:00+00:00,AWS-001,18.29,991.6,92.23,28.6139,77.209,216.0,False,NORMAL,NONE,False,none,18.29,991.6,92.23,{}
2026-08-18 02:35:00+00:00,AWS-001,18.33,991.57,92.0,28.6139,77.209,216.0,False,NORMAL,NONE,False,none,18.33,991.57,92.0,{}
2026-08-18 02:40:00+00:00,AWS-001,18.56,991.59,91.74,28.6139,77.209,216.0,False,NORMAL,NONE,False,none,18.56,991.59,91.74,{}
2026-08-18 02:45:00+00:00,AWS-001,18.7,991.46,90.83,28.6139,77.209,216.0,False,NORMAL,NONE,False,none,18.7,991.46,90.83,{}
2026-08-18 02:50:00+00:00,AWS-001,18.76,991.31,89.92,28.6139,77.209,216.0,False,NORMAL,NONE,False,none,18.76,991.31,89.92,{}
2026-08-18 02:55:00+00:00,AWS-001,18.55,991.33,89.72,28.6139,77.209,216.0,False,NORMAL,NONE,False,none,18.55,991.33,89.72,{}
2026-08-18 03:00:00+00:00,AWS-001,18.81,991.24,87.4,28.6139,77.209,216.0,False,NORMAL,NONE,False,none,18.81,991.24,87.4,{}
2026-08-18 03:05:00+00:00,AWS-001,18.85,991.18,87.08,28.6139,77.209,216.0,False,NORMAL,NONE,False,none,18.85,991.18,87.08,{}
2026-08-18 03:10:00+00:00,AWS-001,18.74,991.11,87.84,28.6139,77.209,216.0,False,NORMAL,NONE,False,none,18.74,991.11,87.84,{}
2026-08-18 03:15:00+00:00,AWS-001,18.6,991.05,88.46,28.6139,77.209,216.0,False,NORMAL,NONE,False,none,18.6,991.05,88.46,{}
2026-08-18 03:20:00+00:00,AWS-001,18.63,990.94,88.69,28.6139,77.209,216.0,False,NORMAL,NONE,False,none,18.63,990.94,88.69,{}
2026-08-18 03:25:00+00:00,AWS-001,18.35,990.89,90.07,28.6139,77.209,216.0,False,NORMAL,NONE,False,none,18.35,990.89,90.07,{}
2026-08-18 03:30:00+00:00,AWS-001,18.5,990.92,88.8,28.6139,77.209,216.0,False,NORMAL,NONE,False,none,18.5,990.92,88.8,{}
2026-08-18 03:35:00+00:00,AWS-001,18.36,990.9,90.18,28.6139,77.209,216.0,False,NORMAL,NONE,False,none,18.36,990.9,90.18,{}
2026-08-18 03:40:00+00:00,AWS-001,18.47,990.92,90.55,28.6139,77.209,216.0,False,NORMAL,NONE,False,none,18.47,990.92,90.55,{}
2026-08-18 03:45:00+00:00,AWS-001,18.43,990.87,90.09,28.6139,77.209,216.0,False,NORMAL,NONE,False,none,18.43,990.87,90.09,{}
2026-08-18 03:50:00+00:00,AWS-001,18.44,990.92,90.26,28.6139,77.209,216.0,False,NORMAL,NONE,False,none,18.44,990.92,90.26,{}
2026-08-18 03:55:00+00:00,AWS-001,18.38,990.87,89.47,28.6139,77.209,216.0,False,NORMAL,NONE,False,none,18.38,990.87,89.47,{}
2026-08-18 04:00:00+00:00,AWS-001,18.43,990.74,88.46,28.6139,77.209,216.0,False,NORMAL,NONE,False,none,18.43,990.74,88.46,{}
2026-08-18 04:05:00+00:00,AWS-001,18.83,990.75,86.19,28.6139,77.209,216.0,False,NORMAL,NONE,False,none,18.83,990.75,86.19,{}
2026-08-18 04:10:00+00:00,AWS-001,19.1,990.8,85.74,28.6139,77.209,216.0,False,NORMAL,NONE,False,none,19.1,990.8,85.74,{}
2026-08-18 04:15:00+00:00,AWS-001,19.18,990.76,84.99,28.6139,77.209,216.0,False,NORMAL,NONE,False,none,19.18,990.76,84.99,{}
2026-08-18 04:20:00+00:00,AWS-001,19.2,990.83,84.6,28.6139,77.209,216.0,False,NORMAL,NONE,False,none,19.2,990.83,84.6,{}
2026-08-18 04:25:00+00:00,AWS-001,19.37,990.78,83.97,28.6139,77.209,216.0,False,NORMAL,NONE,False,none,19.37,990.78,83.97,{}
2026-08-18 04:30:00+00:00,AWS-001,19.58,990.82,83.11,28.6139,77.209,216.0,False,NORMAL,NONE,False,none,19.58,990.82,83.11,{}
2026-08-18 04:35:00+00:00,AWS-001,19.45,990.92,83.49,28.6139,77.209,216.0,False,NORMAL,NONE,False,none,19.45,990.92,83.49,{}
2026-08-18 04:40:00+00:00,AWS-001,19.47,990.92,84.87,28.6139,77.209,216.0,False,NORMAL,NONE,False,none,19.47,990.92,84.87,{}
2026-08-18 04:45:00+00:00,AWS-001,19.21,990.9,86.09,28.6139,77.209,216.0,False,NORMAL,NONE,False,none,19.21,990.9,86.09,{}
2026-08-18 04:50:00+00:00,AWS-001,19.48,990.89,84.74,28.6139,77.209,216.0,False,NORMAL,NONE,False,none,19.48,990.89,84.74,{}
2026-08-18 04:55:00+00:00,AWS-001,19.89,990.99,82.37,28.6139,77.209,216.0,False,NORMAL,NONE,False,none,19.89,990.99,82.37,{}
2026-08-18 05:00:00+00:00,AWS-001,19.93,991.01,82.48,28.6139,77.209,216.0,False,NORMAL,NONE,False,none,19.93,991.01,82.48,{}
2026-08-18 05:05:00+00:00,AWS-001,19.61,991.13,84.9,28.6139,77.209,216.0,False,NORMAL,NONE,False,none,19.61,991.13,84.9,{}
2026-08-18 05:10:00+00:00,AWS-001,19.8,991.14,84.85,28.6139,77.209,216.0,False,NORMAL,NONE,False,none,19.8,991.14,84.85,{}
2026-08-18 05:15:00+00:00,AWS-001,19.73,991.09,84.48,28.6139,77.209,216.0,False,NORMAL,NONE,False,none,19.73,991.09,84.48,{}
2026-08-18 05:20:00+00:00,AWS-001,19.72,991.05,85.08,28.6139,77.209,216.0,False,NORMAL,NONE,False,none,19.72,991.05,85.08,{}
2026-08-18 05:25:00+00:00,AWS-001,19.94,991.06,84.06,28.6139,77.209,216.0,False,NORMAL,NONE,False,none,19.94,991.06,84.06,{}
2026-08-18 05:30:00+00:00,AWS-001,20.08,990.94,83.69,28.6139,77.209,216.0,False,NORMAL,NONE,False,none,20.08,990.94,83.69,{}
2026-08-18 05:35:00+00:00,AWS-001,20.1,990.93,83.23,28.6139,77.209,216.0,False,NORMAL,NONE,False,none,20.1,990.93,83.23,{}
2026-08-18 05:40:00+00:00,AWS-001,20.11,990.92,82.84,28.6139,77.209,216.0,False,NORMAL,NONE,False,none,20.11,990.92,82.84,{}
2026-08-18 05:45:00+00:00,AWS-001,20.25,990.96,82.5,28.6139,77.209,216.0,False,NORMAL,NONE,False,none,20.25,990.96,82.5,{}
2026-08-18 05:50:00+00:00,AWS-001,20.31,991.1,82.57,28.6139,77.209,216.0,False,NORMAL,NONE,False,none,20.31,991.1,82.57,{}
2026-08-18 05:55:00+00:00,AWS-001,20.25,991.11,83.51,28.6139,77.209,216.0,False,NORMAL,NONE,False,none,20.25,991.11,83.51,{}
2026-08-18 06:00:00+00:00,AWS-001,20.35,991.02,82.74,28.6139,77.209,216.0,False,NORMAL,NONE,False,none,20.35,991.02,82.74,{}
2026-08-18 06:05:00+00:00,AWS-001,20.56,990.99,81.25,28.6139,77.209,216.0,False,NORMAL,NONE,False,none,20.56,990.99,81.25,{}
2026-08-18 06:10:00+00:00,AWS-001,20.68,991.04,78.82,28.6139,77.209,216.0,False,NORMAL,NONE,False,none,20.68,991.04,78.82,{}
2026-08-18 06:15:00+00:00,AWS-001,20.59,991.07,78.19,28.6139,77.209,216.0,False,NORMAL,NONE,False,none,20.59,991.07,78.19,{}
2026-08-18 06:20:00+00:00,AWS-001,20.93,991.2,76.43,28.6139,77.209,216.0,False,NORMAL,NONE,False,none,20.93,991.2,76.43,{}
2026-08-18 06:25:00+00:00,AWS-001,20.62,991.28,77.35,28.6139,77.209,216.0,False,NORMAL,NONE,False,none,20.62,991.28,77.35,{}
2026-08-18 06:30:00+00:00,AWS-001,20.75,991.35,77.47,28.6139,77.209,216.0,False,NORMAL,NONE,False,none,20.75,991.35,77.47,{}
2026-08-18 06:35:00+00:00,AWS-001,20.85,991.35,76.28,28.6139,77.209,216.0,False,NORMAL,NONE,False,none,20.85,991.35,76.28,{}
2026-08-18 06:40:00+00:00,AWS-001,21.08,991.43,75.08,28.6139,77.209,216.0,False,NORMAL,NONE,False,none,21.08,991.43,75.08,{}
2026-08-18 06:45:00+00:00,AWS-001,21.37,991.4,73.67,28.6139,77.209,216.0,False,NORMAL,NONE,False,none,21.37,991.4,73.67,{}
2026-08-18 06:50:00+00:00,AWS-001,21.74,991.47,73.0,28.6139,77.209,216.0,False,NORMAL,NONE,False,none,21.74,991.47,73.0,{}
2026-08-18 06:55:00+00:00,AWS-001,21.77,991.47,72.56,28.6139,77.209,216.0,False,NORMAL,NONE,False,none,21.77,991.47,72.56,{}
2026-08-18 07:00:00+00:00,AWS-001,22.03,991.4,71.81,28.6139,77.209,216.0,False,NORMAL,NONE,False,none,22.03,991.4,71.81,{}
2026-08-18 07:05:00+00:00,AWS-001,22.21,991.46,71.21,28.6139,77.209,216.0,False,NORMAL,NONE,False,none,22.21,991.46,71.21,{}
2026-08-18 07:10:00+00:00,AWS-001,22.07,991.57,72.43,28.6139,77.209,216.0,False,NORMAL,NONE,False,none,22.07,991.57,72.43,{}
2026-08-18 07:15:00+00:00,AWS-001,22.56,991.56,70.77,28.6139,77.209,216.0,False,NORMAL,NONE,False,none,22.56,991.56,70.77,{}
2026-08-18 07:20:00+00:00,AWS-001,22.46,991.67,71.06,28.6139,77.209,216.0,False,NORMAL,NONE,False,none,22.46,991.67,71.06,{}
2026-08-18 07:25:00+00:00,AWS-001,22.7,991.58,68.88,28.6139,77.209,216.0,False,NORMAL,NONE,False,none,22.7,991.58,68.88,{}
2026-08-18 07:30:00+00:00,AWS-001,22.91,991.53,67.89,28.6139,77.209,216.0,False,NORMAL,NONE,False,none,22.91,991.53,67.89,{}
2026-08-18 07:35:00+00:00,AWS-001,23.11,991.54,67.17,28.6139,77.209,216.0,False,NORMAL,NONE,False,none,23.11,991.54,67.17,{}
2026-08-18 07:40:00+00:00,AWS-001,23.16,991.55,67.18,28.6139,77.209,216.0,False,NORMAL,NONE,False,none,23.16,991.55,67.18,{}
2026-08-18 07:45:00+00:00,AWS-001,23.45,991.53,65.58,28.6139,77.209,216.0,False,NORMAL,NONE,False,none,23.45,991.53,65.58,{}
2026-08-18 07:50:00+00:00,AWS-001,23.32,991.57,66.9,28.6139,77.209,216.0,False,NORMAL,NONE,False,none,23.32,991.57,66.9,{}
2026-08-18 07:55:00+00:00,AWS-001,23.48,991.56,66.26,28.6139,77.209,216.0,False,NORMAL,NONE,False,none,23.48,991.56,66.26,{}
2026-08-18 08:00:00+00:00,AWS-001,23.55,991.56,65.37,28.6139,77.209,216.0,False,NORMAL,NONE,False,none,23.55,991.56,65.37,{}
2026-08-18 08:05:00+00:00,AWS-001,23.61,991.61,64.9,28.6139,77.209,216.0,False,NORMAL,NONE,False,none,23.61,991.61,64.9,{}
2026-08-18 08:10:00+00:00,AWS-001,23.86,991.59,65.22,28.6139,77.209,216.0,False,NORMAL,NONE,False,none,23.86,991.59,65.22,{}
2026-08-18 08:15:00+00:00,AWS-001,24.21,991.61,64.19,28.6139,77.209,216.0,False,NORMAL,NONE,False,none,24.21,991.61,64.19,{}
2026-08-18 08:20:00+00:00,AWS-001,24.3,991.59,64.37,28.6139,77.209,216.0,False,NORMAL,NONE,False,none,24.3,991.59,64.37,{}
2026-08-18 08:25:00+00:00,AWS-001,24.58,991.54,62.43,28.6139,77.209,216.0,False,NORMAL,NONE,False,none,24.58,991.54,62.43,{}
2026-08-18 08:30:00+00:00,AWS-001,24.72,991.61,61.37,28.6139,77.209,216.0,False,NORMAL,NONE,False,none,24.72,991.61,61.37,{}
2026-08-18 08:35:00+00:00,AWS-001,24.71,991.73,60.97,28.6139,77.209,216.0,False,NORMAL,NONE,False,none,24.71,991.73,60.97,{}
2026-08-18 08:40:00+00:00,AWS-001,24.82,991.8,60.73,28.6139,77.209,216.0,False,NORMAL,NONE,False,none,24.82,991.8,60.73,{}
2026-08-18 08:45:00+00:00,AWS-001,24.92,991.82,60.25,28.6139,77.209,216.0,False,NORMAL,NONE,False,none,24.92,991.82,60.25,{}
2026-08-18 08:50:00+00:00,AWS-001,24.97,991.78,59.81,28.6139,77.209,216.0,False,NORMAL,NONE,False,none,24.97,991.78,59.81,{}
2026-08-18 08:55:00+00:00,AWS-001,25.21,991.76,58.78,28.6139,77.209,216.0,False,NORMAL,NONE,False,none,25.21,991.76,58.78,{}
2026-08-18 09:00:00+00:00,AWS-001,25.41,991.82,57.67,28.6139,77.209,216.0,False,NORMAL,NONE,False,none,25.41,991.82,57.67,{}
2026-08-18 09:05:00+00:00,AWS-001,25.3,991.68,58.11,28.6139,77.209,216.0,False,NORMAL,NONE,False,none,25.3,991.68,58.11,{}
2026-08-18 09:10:00+00:00,AWS-001,25.21,991.66,59.28,28.6139,77.209,216.0,False,NORMAL,NONE,False,none,25.21,991.66,59.28,{}
2026-08-18 09:15:00+00:00,AWS-001,25.49,991.7,57.36,28.6139,77.209,216.0,False,NORMAL,NONE,False,none,25.49,991.7,57.36,{}
2026-08-18 09:20:00+00:00,AWS-001,25.54,991.63,57.54,28.6139,77.209,216.0,False,NORMAL,NONE,False,none,25.54,991.63,57.54,{}
2026-08-18 09:25:00+00:00,AWS-001,25.79,991.65,57.65,28.6139,77.209,216.0,False,NORMAL,NONE,False,none,25.79,991.65,57.65,{}
2026-08-18 09:30:00+00:00,AWS-001,26.11,991.66,56.42,28.6139,77.209,216.0,False,NORMAL,NONE,False,none,26.11,991.66,56.42,{}
2026-08-18 09:35:00+00:00,AWS-001,26.06,991.56,56.21,28.6139,77.209,216.0,False,NORMAL,NONE,False,none,26.06,991.56,56.21,{}
2026-08-18 09:40:00+00:00,AWS-001,26.02,991.56,56.99,28.6139,77.209,216.0,False,NORMAL,NONE,False,none,26.02,991.56,56.99,{}
2026-08-18 09:45:00+00:00,AWS-001,26.5,991.51,54.7,28.6139,77.209,216.0,False,NORMAL,NONE,False,none,26.5,991.51,54.7,{}
2026-08-18 09:50:00+00:00,AWS-001,26.72,991.52,54.01,28.6139,77.209,216.0,False,NORMAL,NONE,False,none,26.72,991.52,54.01,{}
2026-08-18 09:55:00+00:00,AWS-001,26.8,991.54,53.12,28.6139,77.209,216.0,False,NORMAL,NONE,False,none,26.8,991.54,53.12,{}
2026-08-18 10:00:00+00:00,AWS-001,26.81,991.53,52.05,28.6139,77.209,216.0,False,NORMAL,NONE,False,none,26.81,991.53,52.05,{}
2026-08-18 10:05:00+00:00,AWS-001,26.89,991.51,51.96,28.6139,77.209,216.0,False,NORMAL,NONE,False,none,26.89,991.51,51.96,{}
2026-08-18 10:10:00+00:00,AWS-001,26.87,991.49,51.48,28.6139,77.209,216.0,False,NORMAL,NONE,False,none,26.87,991.49,51.48,{}
2026-08-18 10:15:00+00:00,AWS-001,27.21,991.39,50.75,28.6139,77.209,216.0,False,NORMAL,NONE,False,none,27.21,991.39,50.75,{}
2026-08-18 10:20:00+00:00,AWS-001,27.25,991.35,51.62,28.6139,77.209,216.0,False,NORMAL,NONE,False,none,27.25,991.35,51.62,{}
2026-08-18 10:25:00+00:00,AWS-001,27.6,991.27,51.84,28.6139,77.209,216.0,False,NORMAL,NONE,False,none,27.6,991.27,51.84,{}
2026-08-18 10:30:00+00:00,AWS-001,27.68,991.29,51.59,28.6139,77.209,216.0,False,NORMAL,NONE,False,none,27.68,991.29,51.59,{}
2026-08-18 10:35:00+00:00,AWS-001,27.66,991.29,52.25,28.6139,77.209,216.0,False,NORMAL,NONE,False,none,27.66,991.29,52.25,{}
2026-08-18 10:40:00+00:00,AWS-001,27.75,991.28,52.06,28.6139,77.209,216.0,False,NORMAL,NONE,False,none,27.75,991.28,52.06,{}
2026-08-18 10:45:00+00:00,AWS-001,27.48,991.32,52.46,28.6139,77.209,216.0,False,NORMAL,NONE,False,none,27.48,991.32,52.46,{}
2026-08-18 10:50:00+00:00,AWS-001,27.68,991.24,50.55,28.6139,77.209,216.0,False,NORMAL,NONE,False,none,27.68,991.24,50.55,{}
2026-08-18 10:55:00+00:00,AWS-001,27.85,991.14,51.15,28.6139,77.209,216.0,False,NORMAL,NONE,False,none,27.85,991.14,51.15,{}
2026-08-18 11:00:00+00:00,AWS-001,28.18,991.06,49.45,28.6139,77.209,216.0,False,NORMAL,NONE,False,none,28.18,991.06,49.45,{}
2026-08-18 11:05:00+00:00,AWS-001,28.03,990.9,50.78,28.6139,77.209,216.0,False,NORMAL,NONE,False,none,28.03,990.9,50.78,{}
2026-08-18 11:10:00+00:00,AWS-001,28.42,990.75,49.9,28.6139,77.209,216.0,False,NORMAL,NONE,False,none,28.42,990.75,49.9,{}
2026-08-18 11:15:00+00:00,AWS-001,28.71,990.74,48.3,28.6139,77.209,216.0,False,NORMAL,NONE,False,none,28.71,990.74,48.3,{}
2026-08-18 11:20:00+00:00,AWS-001,29.05,990.6,47.52,28.6139,77.209,216.0,False,NORMAL,NONE,False,none,29.05,990.6,47.52,{}
2026-08-18 11:25:00+00:00,AWS-001,29.15,990.48,48.55,28.6139,77.209,216.0,False,NORMAL,NONE,False,none,29.15,990.48,48.55,{}
2026-08-18 11:30:00+00:00,AWS-001,29.42,990.42,48.54,28.6139,77.209,216.0,False,NORMAL,NONE,False,none,29.42,990.42,48.54,{}
2026-08-18 11:35:00+00:00,AWS-001,29.25,990.34,48.3,28.6139,77.209,216.0,False,NORMAL,NONE,False,none,29.25,990.34,48.3,{}
2026-08-18 11:40:00+00:00,AWS-001,29.48,990.33,46.98,28.6139,77.209,216.0,False,NORMAL,NONE,False,none,29.48,990.33,46.98,{}
2026-08-18 11:45:00+00:00,AWS-001,29.44,990.27,46.98,28.6139,77.209,216.0,False,NORMAL,NONE,False,none,29.44,990.27,46.98,{}
2026-08-18 11:50:00+00:00,AWS-001,29.27,990.16,47.19,28.6139,77.209,216.0,False,NORMAL,NONE,False,none,29.27,990.16,47.19,{}
2026-08-18 11:55:00+00:00,AWS-001,29.22,990.15,47.98,28.6139,77.209,216.0,False,NORMAL,NONE,False,none,29.22,990.15,47.98,{}
2026-08-18 12:00:00+00:00,AWS-001,29.37,990.12,47.84,28.6139,77.209,216.0,False,NORMAL,NONE,False,none,29.37,990.12,47.84,{}
2026-08-18 12:05:00+00:00,AWS-001,29.37,989.96,46.52,28.6139,77.209,216.0,False,NORMAL,NONE,False,none,29.37,989.96,46.52,{}
2026-08-18 12:10:00+00:00,AWS-001,29.58,989.91,46.2,28.6139,77.209,216.0,False,NORMAL,NONE,False,none,29.58,989.91,46.2,{}
2026-08-18 12:15:00+00:00,AWS-001,29.41,989.79,46.46,28.6139,77.209,216.0,False,NORMAL,NONE,False,none,29.41,989.79,46.46,{}
2026-08-18 12:20:00+00:00,AWS-001,29.21,989.67,46.95,28.6139,77.209,216.0,False,NORMAL,NONE,False,none,29.21,989.67,46.95,{}
2026-08-18 12:25:00+00:00,AWS-001,29.63,989.71,45.95,28.6139,77.209,216.0,False,NORMAL,NONE,False,none,29.63,989.71,45.95,{}
2026-08-18 12:30:00+00:00,AWS-001,29.92,989.64,45.87,28.6139,77.209,216.0,False,NORMAL,NONE,False,none,29.92,989.64,45.87,{}
2026-08-18 12:35:00+00:00,AWS-001,29.86,989.54,46.47,28.6139,77.209,216.0,False,NORMAL,NONE,False,none,29.86,989.54,46.47,{}
2026-08-18 12:40:00+00:00,AWS-001,29.99,989.46,45.42,28.6139,77.209,216.0,False,NORMAL,NONE,False,none,29.99,989.46,45.42,{}
2026-08-18 12:45:00+00:00,AWS-001,30.27,989.43,44.52,28.6139,77.209,216.0,False,NORMAL,NONE,False,none,30.27,989.43,44.52,{}
2026-08-18 12:50:00+00:00,AWS-001,30.43,989.29,43.73,28.6139,77.209,216.0,False,NORMAL,NONE,False,none,30.43,989.29,43.73,{}
2026-08-18 12:55:00+00:00,AWS-001,30.53,989.18,42.37,28.6139,77.209,216.0,False,NORMAL,NONE,False,none,30.53,989.18,42.37,{}
2026-08-18 13:00:00+00:00,AWS-001,30.78,989.13,41.8,28.6139,77.209,216.0,False,NORMAL,NONE,False,none,30.78,989.13,41.8,{}
2026-08-18 13:05:00+00:00,AWS-001,30.69,988.95,43.27,28.6139,77.209,216.0,False,NORMAL,NONE,False,none,30.69,988.95,43.27,{}
2026-08-18 13:10:00+00:00,AWS-001,30.75,988.93,41.95,28.6139,77.209,216.0,False,NORMAL,NONE,False,none,30.75,988.93,41.95,{}
2026-08-18 13:15:00+00:00,AWS-001,30.8,988.75,41.91,28.6139,77.209,216.0,False,NORMAL,NONE,False,none,30.8,988.75,41.91,{}
2026-08-18 13:20:00+00:00,AWS-001,30.8,988.66,41.95,28.6139,77.209,216.0,False,NORMAL,NONE,False,none,30.8,988.66,41.95,{}
2026-08-18 13:25:00+00:00,AWS-001,30.78,988.48,42.24,28.6139,77.209,216.0,False,NORMAL,NONE,False,none,30.78,988.48,42.24,{}
2026-08-18 13:30:00+00:00,AWS-001,30.85,988.35,41.5,28.6139,77.209,216.0,False,NORMAL,NONE,False,none,30.85,988.35,41.5,{}
2026-08-18 13:35:00+00:00,AWS-001,30.9,988.36,40.58,28.6139,77.209,216.0,False,NORMAL,NONE,False,none,30.9,988.36,40.58,{}
2026-08-18 13:40:00+00:00,AWS-001,30.77,988.35,40.26,28.6139,77.209,216.0,False,NORMAL,NONE,False,none,30.77,988.35,40.26,{}
2026-08-18 13:45:00+00:00,AWS-001,30.96,988.33,40.97,28.6139,77.209,216.0,False,NORMAL,NONE,False,none,30.96,988.33,40.97,{}
2026-08-18 13:50:00+00:00,AWS-001,30.83,988.16,40.8,28.6139,77.209,216.0,False,NORMAL,NONE,False,none,30.83,988.16,40.8,{}
2026-08-18 13:55:00+00:00,AWS-001,30.85,988.02,40.66,28.6139,77.209,216.0,False,NORMAL,NONE,False,none,30.85,988.02,40.66,{}
2026-08-18 14:00:00+00:00,AWS-001,30.85,987.97,42.23,28.6139,77.209,216.0,False,NORMAL,NONE,False,none,30.85,987.97,42.23,{}
2026-08-18 14:05:00+00:00,AWS-001,30.95,987.94,41.5,28.6139,77.209,216.0,False,NORMAL,NONE,False,none,30.95,987.94,41.5,{}
2026-08-18 14:10:00+00:00,AWS-001,30.63,987.82,42.55,28.6139,77.209,216.0,False,NORMAL,NONE,False,none,30.63,987.82,42.55,{}
2026-08-18 14:15:00+00:00,AWS-001,30.85,987.71,42.71,28.6139,77.209,216.0,False,NORMAL,NONE,False,none,30.85,987.71,42.71,{}
2026-08-18 14:20:00+00:00,AWS-001,30.78,987.57,43.43,28.6139,77.209,216.0,False,NORMAL,NONE,False,none,30.78,987.57,43.43,{}
2026-08-18 14:25:00+00:00,AWS-001,31.04,987.61,41.81,28.6139,77.209,216.0,False,NORMAL,NONE,False,none,31.04,987.61,41.81,{}
2026-08-18 14:30:00+00:00,AWS-001,30.97,987.51,41.49,28.6139,77.209,216.0,False,NORMAL,NONE,False,none,30.97,987.51,41.49,{}
2026-08-18 14:35:00+00:00,AWS-001,30.99,987.44,41.7,28.6139,77.209,216.0,False,NORMAL,NONE,False,none,30.99,987.44,41.7,{}
2026-08-18 14:40:00+00:00,AWS-001,31.32,987.38,42.14,28.6139,77.209,216.0,False,NORMAL,NONE,False,none,31.32,987.38,42.14,{}
2026-08-18 14:45:00+00:00,AWS-001,31.25,987.38,41.66,28.6139,77.209,216.0,False,NORMAL,NONE,False,none,31.25,987.38,41.66,{}
2026-08-18 14:50:00+00:00,AWS-001,31.43,987.26,40.84,28.6139,77.209,216.0,False,NORMAL,NONE,False,none,31.43,987.26,40.84,{}
2026-08-18 14:55:00+00:00,AWS-001,31.39,987.26,41.18,28.6139,77.209,216.0,False,NORMAL,NONE,False,none,31.39,987.26,41.18,{}
2026-08-18 15:00:00+00:00,AWS-001,31.41,987.12,41.47,28.6139,77.209,216.0,False,NORMAL,NONE,False,none,31.41,987.12,41.47,{}
2026-08-18 15:05:00+00:00,AWS-001,31.36,987.13,41.89,28.6139,77.209,216.0,False,NORMAL,NONE,False,none,31.36,987.13,41.89,{}
2026-08-18 15:10:00+00:00,AWS-001,31.45,986.96,41.0,28.6139,77.209,216.0,False,NORMAL,NONE,False,none,31.45,986.96,41.0,{}
2026-08-18 15:15:00+00:00,AWS-001,31.26,986.9,41.04,28.6139,77.209,216.0,False,NORMAL,NONE,False,none,31.26,986.9,41.04,{}
2026-08-18 15:20:00+00:00,AWS-001,31.04,986.94,41.69,28.6139,77.209,216.0,False,NORMAL,NONE,False,none,31.04,986.94,41.69,{}
2026-08-18 15:25:00+00:00,AWS-001,30.9,986.93,42.81,28.6139,77.209,216.0,False,NORMAL,NONE,False,none,30.9,986.93,42.81,{}
2026-08-18 15:30:00+00:00,AWS-001,30.89,986.89,42.54,28.6139,77.209,216.0,False,NORMAL,NONE,False,none,30.89,986.89,42.54,{}
2026-08-18 15:35:00+00:00,AWS-001,30.82,986.77,42.59,28.6139,77.209,216.0,False,NORMAL,NONE,False,none,30.82,986.77,42.59,{}
2026-08-18 15:40:00+00:00,AWS-001,30.91,986.68,41.65,28.6139,77.209,216.0,False,NORMAL,NONE,False,none,30.91,986.68,41.65,{}
2026-08-18 15:45:00+00:00,AWS-001,31.07,986.71,42.46,28.6139,77.209,216.0,False,NORMAL,NONE,False,none,31.07,986.71,42.46,{}
2026-08-18 15:50:00+00:00,AWS-001,30.83,986.69,42.97,28.6139,77.209,216.0,False,NORMAL,NONE,False,none,30.83,986.69,42.97,{}
2026-08-18 15:55:00+00:00,AWS-001,30.65,986.69,43.94,28.6139,77.209,216.0,False,NORMAL,NONE,False,none,30.65,986.69,43.94,{}
2026-08-18 16:00:00+00:00,AWS-001,30.37,986.64,44.42,28.6139,77.209,216.0,False,NORMAL,NONE,False,none,30.37,986.64,44.42,{}
2026-08-18 16:05:00+00:00,AWS-001,30.69,986.58,43.49,28.6139,77.209,216.0,False,NORMAL,NONE,False,none,30.69,986.58,43.49,{}
2026-08-18 16:10:00+00:00,AWS-001,30.67,986.58,42.4,28.6139,77.209,216.0,False,NORMAL,NONE,False,none,30.67,986.58,42.4,{}
2026-08-18 16:15:00+00:00,AWS-001,30.67,986.55,41.02,28.6139,77.209,216.0,False,NORMAL,NONE,False,none,30.67,986.55,41.02,{}
2026-08-18 16:20:00+00:00,AWS-001,30.37,986.49,42.76,28.6139,77.209,216.0,False,NORMAL,NONE,False,none,30.37,986.49,42.76,{}
2026-08-18 16:25:00+00:00,AWS-001,30.31,986.37,43.0,28.6139,77.209,216.0,False,NORMAL,NONE,False,none,30.31,986.37,43.0,{}
2026-08-18 16:30:00+00:00,AWS-001,30.33,986.4,43.1,28.6139,77.209,216.0,False,NORMAL,NONE,False,none,30.33,986.4,43.1,{}
2026-08-18 16:35:00+00:00,AWS-001,30.21,986.39,42.61,28.6139,77.209,216.0,False,NORMAL,NONE,False,none,30.21,986.39,42.61,{}
2026-08-18 16:40:00+00:00,AWS-001,30.31,986.32,41.89,28.6139,77.209,216.0,False,NORMAL,NONE,False,none,30.31,986.32,41.89,{}
2026-08-18 16:45:00+00:00,AWS-001,30.6,986.36,42.04,28.6139,77.209,216.0,False,NORMAL,NONE,False,none,30.6,986.36,42.04,{}
2026-08-18 16:50:00+00:00,AWS-001,30.3,986.35,43.94,28.6139,77.209,216.0,False,NORMAL,NONE,False,none,30.3,986.35,43.94,{}
2026-08-18 16:55:00+00:00,AWS-001,30.01,986.33,44.15,28.6139,77.209,216.0,False,NORMAL,NONE,False,none,30.01,986.33,44.15,{}
2026-08-18 17:00:00+00:00,AWS-001,29.76,986.36,45.15,28.6139,77.209,216.0,False,NORMAL,NONE,False,none,29.76,986.36,45.15,{}
2026-08-18 17:05:00+00:00,AWS-001,29.95,986.37,44.69,28.6139,77.209,216.0,False,NORMAL,NONE,False,none,29.95,986.37,44.69,{}
2026-08-18 17:10:00+00:00,AWS-001,30.01,986.36,44.36,28.6139,77.209,216.0,False,NORMAL,NONE,False,none,30.01,986.36,44.36,{}
2026-08-18 17:15:00+00:00,AWS-001,29.85,986.32,45.85,28.6139,77.209,216.0,False,NORMAL,NONE,False,none,29.85,986.32,45.85,{}
2026-08-18 17:20:00+00:00,AWS-001,29.72,986.41,45.63,28.6139,77.209,216.0,False,NORMAL,NONE,False,none,29.72,986.41,45.63,{}
2026-08-18 17:25:00+00:00,AWS-001,29.46,986.34,46.93,28.6139,77.209,216.0,False,NORMAL,NONE,False,none,29.46,986.34,46.93,{}
2026-08-18 17:30:00+00:00,AWS-001,29.5,986.36,46.82,28.6139,77.209,216.0,False,NORMAL,NONE,False,none,29.5,986.36,46.82,{}
2026-08-18 17:35:00+00:00,AWS-001,29.3,986.33,47.05,28.6139,77.209,216.0,False,NORMAL,NONE,False,none,29.3,986.33,47.05,{}
2026-08-18 17:40:00+00:00,AWS-001,29.14,986.34,48.13,28.6139,77.209,216.0,False,NORMAL,NONE,False,none,29.14,986.34,48.13,{}
2026-08-18 17:45:00+00:00,AWS-001,29.12,986.39,48.03,28.6139,77.209,216.0,False,NORMAL,NONE,False,none,29.12,986.39,48.03,{}
2026-08-18 17:50:00+00:00,AWS-001,28.96,986.35,48.09,28.6139,77.209,216.0,False,NORMAL,NONE,False,none,28.96,986.35,48.09,{}
2026-08-18 17:55:00+00:00,AWS-001,28.8,986.37,49.15,28.6139,77.209,216.0,False,NORMAL,NONE,False,none,28.8,986.37,49.15,{}
2026-08-18 18:00:00+00:00,AWS-001,28.68,986.36,49.92,28.6139,77.209,216.0,False,NORMAL,NONE,False,none,28.68,986.36,49.92,{}
2026-08-18 18:05:00+00:00,AWS-001,28.69,986.31,50.23,28.6139,77.209,216.0,False,NORMAL,NONE,False,none,28.69,986.31,50.23,{}
2026-08-18 18:10:00+00:00,AWS-001,28.83,986.37,46.94,28.6139,77.209,216.0,False,NORMAL,NONE,False,none,28.83,986.37,46.94,{}
2026-08-18 18:15:00+00:00,AWS-001,28.76,986.4,47.38,28.6139,77.209,216.0,False,NORMAL,NONE,False,none,28.76,986.4,47.38,{}
2026-08-18 18:20:00+00:00,AWS-001,28.71,986.35,47.56,28.6139,77.209,216.0,False,NORMAL,NONE,False,none,28.71,986.35,47.56,{}
2026-08-18 18:25:00+00:00,AWS-001,28.49,986.41,48.06,28.6139,77.209,216.0,False,NORMAL,NONE,False,none,28.49,986.41,48.06,{}
2026-08-18 18:30:00+00:00,AWS-001,28.2,986.34,49.21,28.6139,77.209,216.0,False,NORMAL,NONE,False,none,28.2,986.34,49.21,{}
2026-08-18 18:35:00+00:00,AWS-001,28.15,986.33,49.39,28.6139,77.209,216.0,False,NORMAL,NONE,False,none,28.15,986.33,49.39,{}
2026-08-18 18:40:00+00:00,AWS-001,28.01,986.3,50.09,28.6139,77.209,216.0,False,NORMAL,NONE,False,none,28.01,986.3,50.09,{}
2026-08-18 18:45:00+00:00,AWS-001,27.6,986.34,50.92,28.6139,77.209,216.0,False,NORMAL,NONE,False,none,27.6,986.34,50.92,{}
2026-08-18 18:50:00+00:00,AWS-001,27.41,986.31,52.3,28.6139,77.209,216.0,False,NORMAL,NONE,False,none,27.41,986.31,52.3,{}
2026-08-18 18:55:00+00:00,AWS-001,27.27,986.35,52.97,28.6139,77.209,216.0,False,NORMAL,NONE,False,none,27.27,986.35,52.97,{}
2026-08-18 19:00:00+00:00,AWS-001,27.06,986.38,53.67,28.6139,77.209,216.0,False,NORMAL,NONE,False,none,27.06,986.38,53.67,{}
2026-08-18 19:05:00+00:00,AWS-001,27.18,986.35,53.3,28.6139,77.209,216.0,False,NORMAL,NONE,False,none,27.18,986.35,53.3,{}
2026-08-18 19:10:00+00:00,AWS-001,27.11,986.45,53.94,28.6139,77.209,216.0,False,NORMAL,NONE,False,none,27.11,986.45,53.94,{}
2026-08-18 19:15:00+00:00,AWS-001,27.18,986.4,54.01,28.6139,77.209,216.0,False,NORMAL,NONE,False,none,27.18,986.4,54.01,{}
2026-08-18 19:20:00+00:00,AWS-001,27.03,986.31,53.96,28.6139,77.209,216.0,False,NORMAL,NONE,False,none,27.03,986.31,53.96,{}
2026-08-18 19:25:00+00:00,AWS-001,26.86,986.36,54.77,28.6139,77.209,216.0,False,NORMAL,NONE,False,none,26.86,986.36,54.77,{}
2026-08-18 19:30:00+00:00,AWS-001,26.52,986.22,55.54,28.6139,77.209,216.0,False,NORMAL,NONE,False,none,26.52,986.22,55.54,{}
2026-08-18 19:35:00+00:00,AWS-001,26.37,986.32,56.9,28.6139,77.209,216.0,False,NORMAL,NONE,False,none,26.37,986.32,56.9,{}
2026-08-18 19:40:00+00:00,AWS-001,26.21,986.32,57.61,28.6139,77.209,216.0,False,NORMAL,NONE,False,none,26.21,986.32,57.61,{}
2026-08-18 19:45:00+00:00,AWS-001,25.83,986.24,57.94,28.6139,77.209,216.0,False,NORMAL,NONE,False,none,25.83,986.24,57.94,{}
2026-08-18 19:50:00+00:00,AWS-001,25.61,986.19,59.75,28.6139,77.209,216.0,False,NORMAL,NONE,False,none,25.61,986.19,59.75,{}
2026-08-18 19:55:00+00:00,AWS-001,25.44,986.1,58.45,28.6139,77.209,216.0,False,NORMAL,NONE,False,none,25.44,986.1,58.45,{}
2026-08-18 20:00:00+00:00,AWS-001,25.39,986.13,58.74,28.6139,77.209,216.0,False,NORMAL,NONE,False,none,25.39,986.13,58.74,{}
2026-08-18 20:05:00+00:00,AWS-001,25.34,986.06,58.18,28.6139,77.209,216.0,False,NORMAL,NONE,False,none,25.34,986.06,58.18,{}
2026-08-18 20:10:00+00:00,AWS-001,25.11,986.11,59.98,28.6139,77.209,216.0,False,NORMAL,NONE,False,none,25.11,986.11,59.98,{}
2026-08-18 20:15:00+00:00,AWS-001,25.06,986.1,59.97,28.6139,77.209,216.0,False,NORMAL,NONE,False,none,25.06,986.1,59.97,{}
2026-08-18 20:20:00+00:00,AWS-001,24.89,986.08,59.74,28.6139,77.209,216.0,False,NORMAL,NONE,False,none,24.89,986.08,59.74,{}
2026-08-18 20:25:00+00:00,AWS-001,24.28,986.12,61.57,28.6139,77.209,216.0,False,NORMAL,NONE,False,none,24.28,986.12,61.57,{}
2026-08-18 20:30:00+00:00,AWS-001,24.12,986.16,61.55,28.6139,77.209,216.0,False,NORMAL,NONE,False,none,24.12,986.16,61.55,{}
2026-08-18 20:35:00+00:00,AWS-001,24.22,986.22,60.93,28.6139,77.209,216.0,False,NORMAL,NONE,False,none,24.22,986.22,60.93,{}
2026-08-18 20:40:00+00:00,AWS-001,23.84,986.17,62.12,28.6139,77.209,216.0,False,NORMAL,NONE,False,none,23.84,986.17,62.12,{}
2026-08-18 20:45:00+00:00,AWS-001,23.78,986.16,61.87,28.6139,77.209,216.0,False,NORMAL,NONE,False,none,23.78,986.16,61.87,{}
2026-08-18 20:50:00+00:00,AWS-001,23.96,986.11,61.46,28.6139,77.209,216.0,False,NORMAL,NONE,False,none,23.96,986.11,61.46,{}
2026-08-18 20:55:00+00:00,AWS-001,23.7,986.11,62.68,28.6139,77.209,216.0,False,NORMAL,NONE,False,none,23.7,986.11,62.68,{}
2026-08-18 21:00:00+00:00,AWS-001,23.59,986.05,62.46,28.6139,77.209,216.0,False,NORMAL,NONE,False,none,23.59,986.05,62.46,{}
2026-08-18 21:05:00+00:00,AWS-001,23.26,986.02,62.77,28.6139,77.209,216.0,False,NORMAL,NONE,False,none,23.26,986.02,62.77,{}
2026-08-18 21:10:00+00:00,AWS-001,23.44,985.98,62.49,28.6139,77.209,216.0,False,NORMAL,NONE,False,none,23.44,985.98,62.49,{}
2026-08-18 21:15:00+00:00,AWS-001,23.3,985.98,63.54,28.6139,77.209,216.0,False,NORMAL,NONE,False,none,23.3,985.98,63.54,{}
2026-08-18 21:20:00+00:00,AWS-001,23.18,985.96,64.55,28.6139,77.209,216.0,False,NORMAL,NONE,False,none,23.18,985.96,64.55,{}
2026-08-18 21:25:00+00:00,AWS-001,23.28,985.97,64.52,28.6139,77.209,216.0,False,NORMAL,NONE,False,none,23.28,985.97,64.52,{}
2026-08-18 21:30:00+00:00,AWS-001,23.23,985.94,65.63,28.6139,77.209,216.0,False,NORMAL,NONE,False,none,23.23,985.94,65.63,{}
2026-08-18 21:35:00+00:00,AWS-001,22.92,985.88,67.29,28.6139,77.209,216.0,False,NORMAL,NONE,False,none,22.92,985.88,67.29,{}
2026-08-18 21:40:00+00:00,AWS-001,22.67,985.86,69.73,28.6139,77.209,216.0,False,NORMAL,NONE,False,none,22.67,985.86,69.73,{}
2026-08-18 21:45:00+00:00,AWS-001,22.62,985.78,71.39,28.6139,77.209,216.0,False,NORMAL,NONE,False,none,22.62,985.78,71.39,{}
2026-08-18 21:50:00+00:00,AWS-001,22.37,985.78,70.56,28.6139,77.209,216.0,False,NORMAL,NONE,False,none,22.37,985.78,70.56,{}
2026-08-18 21:55:00+00:00,AWS-001,21.9,985.73,70.73,28.6139,77.209,216.0,False,NORMAL,NONE,False,none,21.9,985.73,70.73,{}
2026-08-18 22:00:00+00:00,AWS-001,21.81,985.7,70.95,28.6139,77.209,216.0,False,NORMAL,NONE,False,none,21.81,985.7,70.95,{}
2026-08-18 22:05:00+00:00,AWS-001,21.47,985.67,72.56,28.6139,77.209,216.0,False,NORMAL,NONE,False,none,21.47,985.67,72.56,{}
2026-08-18 22:10:00+00:00,AWS-001,21.68,985.72,71.43,28.6139,77.209,216.0,False,NORMAL,NONE,False,none,21.68,985.72,71.43,{}
2026-08-18 22:15:00+00:00,AWS-001,21.61,985.69,72.03,28.6139,77.209,216.0,False,NORMAL,NONE,False,none,21.61,985.69,72.03,{}
2026-08-18 22:20:00+00:00,AWS-001,21.36,985.64,72.79,28.6139,77.209,216.0,False,NORMAL,NONE,False,none,21.36,985.64,72.79,{}
2026-08-18 22:25:00+00:00,AWS-001,21.15,985.53,73.12,28.6139,77.209,216.0,False,NORMAL,NONE,False,none,21.15,985.53,73.12,{}
2026-08-18 22:30:00+00:00,AWS-001,20.76,985.52,74.49,28.6139,77.209,216.0,False,NORMAL,NONE,False,none,20.76,985.52,74.49,{}
2026-08-18 22:35:00+00:00,AWS-001,20.53,985.44,75.41,28.6139,77.209,216.0,False,NORMAL,NONE,False,none,20.53,985.44,75.41,{}
2026-08-18 22:40:00+00:00,AWS-001,20.67,985.29,75.3,28.6139,77.209,216.0,False,NORMAL,NONE,False,none,20.67,985.29,75.3,{}
2026-08-18 22:45:00+00:00,AWS-001,20.98,985.21,73.5,28.6139,77.209,216.0,False,NORMAL,NONE,False,none,20.98,985.21,73.5,{}
2026-08-18 22:50:00+00:00,AWS-001,21.0,985.16,73.24,28.6139,77.209,216.0,False,NORMAL,NONE,False,none,21.0,985.16,73.24,{}
2026-08-18 22:55:00+00:00,AWS-001,20.86,985.05,74.24,28.6139,77.209,216.0,False,NORMAL,NONE,False,none,20.86,985.05,74.24,{}
2026-08-18 23:00:00+00:00,AWS-001,20.67,984.98,74.93,28.6139,77.209,216.0,False,NORMAL,NONE,False,none,20.67,984.98,74.93,{}
2026-08-18 23:05:00+00:00,AWS-001,20.4,984.91,76.85,28.6139,77.209,216.0,False,NORMAL,NONE,False,none,20.4,984.91,76.85,{}
2026-08-18 23:10:00+00:00,AWS-001,20.66,984.84,74.94,28.6139,77.209,216.0,False,NORMAL,NONE,False,none,20.66,984.84,74.94,{}
2026-08-18 23:15:00+00:00,AWS-001,20.5,984.84,74.93,28.6139,77.209,216.0,False,NORMAL,NONE,False,none,20.5,984.84,74.93,{}
2026-08-18 23:20:00+00:00,AWS-001,20.73,984.69,74.13,28.6139,77.209,216.0,False,NORMAL,NONE,False,none,20.73,984.69,74.13,{}
2026-08-18 23:25:00+00:00,AWS-001,20.8,984.73,74.09,28.6139,77.209,216.0,False,NORMAL,NONE,False,none,20.8,984.73,74.09,{}
2026-08-18 23:30:00+00:00,AWS-001,20.33,984.65,75.69,28.6139,77.209,216.0,False,NORMAL,NONE,False,none,20.33,984.65,75.69,{}
2026-08-18 23:35:00+00:00,AWS-001,20.09,984.59,77.76,28.6139,77.209,216.0,False,NORMAL,NONE,False,none,20.09,984.59,77.76,{}
2026-08-18 23:40:00+00:00,AWS-001,19.87,984.51,79.98,28.6139,77.209,216.0,False,NORMAL,NONE,False,none,19.87,984.51,79.98,{}
2026-08-18 23:45:00+00:00,AWS-001,19.76,984.32,79.86,28.6139,77.209,216.0,False,NORMAL,NONE,False,none,19.76,984.32,79.86,{}
2026-08-18 23:50:00+00:00,AWS-001,19.66,984.17,81.14,28.6139,77.209,216.0,False,NORMAL,NONE,False,none,19.66,984.17,81.14,{}
2026-08-18 23:55:00+00:00,AWS-001,20.07,984.06,77.36,28.6139,77.209,216.0,False,NORMAL,NONE,False,none,20.07,984.06,77.36,{}
2026-08-19 00:00:00+00:00,AWS-001,19.67,984.04,79.96,28.6139,77.209,216.0,False,NORMAL,NONE,False,none,19.67,984.04,79.96,{}
2026-08-19 00:05:00+00:00,AWS-001,19.6,983.87,79.67,28.6139,77.209,216.0,False,NORMAL,NONE,False,none,19.6,983.87,79.67,{}
2026-08-19 00:10:00+00:00,AWS-001,19.59,983.74,80.32,28.6139,77.209,216.0,False,NORMAL,NONE,False,none,19.59,983.74,80.32,{}
2026-08-19 00:15:00+00:00,AWS-001,19.47,983.67,80.18,28.6139,77.209,216.0,False,NORMAL,NONE,False,none,19.47,983.67,80.18,{}
2026-08-19 00:20:00+00:00,AWS-001,19.37,983.61,80.6,28.6139,77.209,216.0,False,NORMAL,NONE,False,none,19.37,983.61,80.6,{}
2026-08-19 00:25:00+00:00,AWS-001,19.09,983.55,81.5,28.6139,77.209,216.0,False,NORMAL,NONE,False,none,19.09,983.55,81.5,{}
2026-08-19 00:30:00+00:00,AWS-001,19.03,983.41,81.75,28.6139,77.209,216.0,False,NORMAL,NONE,False,none,19.03,983.41,81.75,{}
2026-08-19 00:35:00+00:00,AWS-001,19.04,983.23,82.95,28.6139,77.209,216.0,False,NORMAL,NONE,False,none,19.04,983.23,82.95,{}
2026-08-19 00:40:00+00:00,AWS-001,19.01,983.18,82.92,28.6139,77.209,216.0,False,NORMAL,NONE,False,none,19.01,983.18,82.92,{}
2026-08-19 00:45:00+00:00,AWS-001,19.02,983.18,84.12,28.6139,77.209,216.0,False,NORMAL,NONE,False,none,19.02,983.18,84.12,{}
2026-08-19 00:50:00+00:00,AWS-001,19.16,983.07,82.86,28.6139,77.209,216.0,False,NORMAL,NONE,False,none,19.16,983.07,82.86,{}
2026-08-19 00:55:00+00:00,AWS-001,19.2,982.91,83.38,28.6139,77.209,216.0,False,NORMAL,NONE,False,none,19.2,982.91,83.38,{}
2026-08-19 01:00:00+00:00,AWS-001,19.09,982.8,82.6,28.6139,77.209,216.0,False,NORMAL,NONE,False,none,19.09,982.8,82.6,{}
2026-08-19 01:05:00+00:00,AWS-001,18.78,982.74,83.89,28.6139,77.209,216.0,False,NORMAL,NONE,False,none,18.78,982.74,83.89,{}
2026-08-19 01:10:00+00:00,AWS-001,18.6,982.64,84.41,28.6139,77.209,216.0,False,NORMAL,NONE,False,none,18.6,982.64,84.41,{}
2026-08-19 01:15:00+00:00,AWS-001,18.5,982.63,85.88,28.6139,77.209,216.0,False,NORMAL,NONE,False,none,18.5,982.63,85.88,{}
2026-08-19 01:20:00+00:00,AWS-001,18.49,982.59,85.88,28.6139,77.209,216.0,False,NORMAL,NONE,False,none,18.49,982.59,85.88,{}
2026-08-19 01:25:00+00:00,AWS-001,18.36,982.51,85.11,28.6139,77.209,216.0,False,NORMAL,NONE,False,none,18.36,982.51,85.11,{}
2026-08-19 01:30:00+00:00,AWS-001,18.16,982.29,85.39,28.6139,77.209,216.0,False,NORMAL,NONE,False,none,18.16,982.29,85.39,{}
2026-08-19 01:35:00+00:00,AWS-001,17.95,982.17,86.09,28.6139,77.209,216.0,False,NORMAL,NONE,False,none,17.95,982.17,86.09,{}
2026-08-19 01:40:00+00:00,AWS-001,17.68,982.05,88.41,28.6139,77.209,216.0,False,NORMAL,NONE,False,none,17.68,982.05,88.41,{}
2026-08-19 01:45:00+00:00,AWS-001,17.68,981.93,89.03,28.6139,77.209,216.0,False,NORMAL,NONE,False,none,17.68,981.93,89.03,{}
2026-08-19 01:50:00+00:00,AWS-001,17.47,981.86,90.01,28.6139,77.209,216.0,False,NORMAL,NONE,False,none,17.47,981.86,90.01,{}
2026-08-19 01:55:00+00:00,AWS-001,17.37,981.79,90.29,28.6139,77.209,216.0,False,NORMAL,NONE,False,none,17.37,981.79,90.29,{}
2026-08-19 02:00:00+00:00,AWS-001,17.38,981.61,90.76,28.6139,77.209,216.0,False,NORMAL,NONE,False,none,17.38,981.61,90.76,{}
2026-08-19 02:05:00+00:00,AWS-001,17.23,981.59,90.89,28.6139,77.209,216.0,False,NORMAL,NONE,False,none,17.23,981.59,90.89,{}
2026-08-19 02:10:00+00:00,AWS-001,17.39,981.52,90.37,28.6139,77.209,216.0,False,NORMAL,NONE,False,none,17.39,981.52,90.37,{}
2026-08-19 02:15:00+00:00,AWS-001,17.59,981.46,89.5,28.6139,77.209,216.0,False,NORMAL,NONE,False,none,17.59,981.46,89.5,{}
2026-08-19 02:20:00+00:00,AWS-001,17.55,981.43,89.53,28.6139,77.209,216.0,False,NORMAL,NONE,False,none,17.55,981.43,89.53,{}
2026-08-19 02:25:00+00:00,AWS-001,17.54,981.31,89.86,28.6139,77.209,216.0,False,NORMAL,NONE,False,none,17.54,981.31,89.86,{}
2026-08-19 02:30:00+00:00,AWS-001,17.69,981.31,89.02,28.6139,77.209,216.0,False,NORMAL,NONE,False,none,17.69,981.31,89.02,{}
2026-08-19 02:35:00+00:00,AWS-001,17.62,981.22,89.68,28.6139,77.209,216.0,False,NORMAL,NONE,False,none,17.62,981.22,89.68,{}
2026-08-19 02:40:00+00:00,AWS-001,17.55,981.24,89.15,28.6139,77.209,216.0,False,NORMAL,NONE,False,none,17.55,981.24,89.15,{}
2026-08-19 02:45:00+00:00,AWS-001,17.82,981.1,88.06,28.6139,77.209,216.0,False,NORMAL,NONE,False,none,17.82,981.1,88.06,{}
2026-08-19 02:50:00+00:00,AWS-001,18.02,981.11,87.64,28.6139,77.209,216.0,False,NORMAL,NONE,False,none,18.02,981.11,87.64,{}
2026-08-19 02:55:00+00:00,AWS-001,18.14,980.98,87.04,28.6139,77.209,216.0,False,NORMAL,NONE,False,none,18.14,980.98,87.04,{}
2026-08-19 03:00:00+00:00,AWS-001,18.31,981.06,86.37,28.6139,77.209,216.0,False,NORMAL,NONE,False,none,18.31,981.06,86.37,{}
2026-08-19 03:05:00+00:00,AWS-001,17.98,980.92,87.9,28.6139,77.209,216.0,False,NORMAL,NONE,False,none,17.98,980.92,87.9,{}
2026-08-19 03:10:00+00:00,AWS-001,18.25,980.91,86.86,28.6139,77.209,216.0,False,NORMAL,NONE,False,none,18.25,980.91,86.86,{}
2026-08-19 03:15:00+00:00,AWS-001,18.34,980.81,86.24,28.6139,77.209,216.0,False,NORMAL,NONE,False,none,18.34,980.81,86.24,{}
2026-08-19 03:20:00+00:00,AWS-001,18.52,980.78,84.36,28.6139,77.209,216.0,False,NORMAL,NONE,False,none,18.52,980.78,84.36,{}
2026-08-19 03:25:00+00:00,AWS-001,18.58,980.71,84.48,28.6139,77.209,216.0,False,NORMAL,NONE,False,none,18.58,980.71,84.48,{}
2026-08-19 03:30:00+00:00,AWS-001,18.59,980.57,83.29,28.6139,77.209,216.0,False,NORMAL,NONE,False,none,18.59,980.57,83.29,{}
2026-08-19 03:35:00+00:00,AWS-001,18.55,980.35,83.72,28.6139,77.209,216.0,False,NORMAL,NONE,False,none,18.55,980.35,83.72,{}
2026-08-19 03:40:00+00:00,AWS-001,18.63,980.45,83.07,28.6139,77.209,216.0,False,NORMAL,NONE,False,none,18.63,980.45,83.07,{}
2026-08-19 03:45:00+00:00,AWS-001,18.59,980.4,83.02,28.6139,77.209,216.0,False,NORMAL,NONE,False,none,18.59,980.4,83.02,{}
2026-08-19 03:50:00+00:00,AWS-001,18.76,980.18,82.29,28.6139,77.209,216.0,False,NORMAL,NONE,False,none,18.76,980.18,82.29,{}
2026-08-19 03:55:00+00:00,AWS-001,18.51,980.16,83.18,28.6139,77.209,216.0,False,NORMAL,NONE,False,none,18.51,980.16,83.18,{}
2026-08-19 04:00:00+00:00,AWS-001,18.48,980.17,83.78,28.6139,77.209,216.0,False,NORMAL,NONE,False,none,18.48,980.17,83.78,{}
2026-08-19 04:05:00+00:00,AWS-001,18.89,980.09,81.72,28.6139,77.209,216.0,False,NORMAL,NONE,False,none,18.89,980.09,81.72,{}
2026-08-19 04:10:00+00:00,AWS-001,18.81,980.02,81.74,28.6139,77.209,216.0,False,NORMAL,NONE,False,none,18.81,980.02,81.74,{}
2026-08-19 04:15:00+00:00,AWS-001,18.82,979.99,82.61,28.6139,77.209,216.0,False,NORMAL,NONE,False,none,18.82,979.99,82.61,{}
2026-08-19 04:20:00+00:00,AWS-001,18.73,980.04,83.13,28.6139,77.209,216.0,False,NORMAL,NONE,False,none,18.73,980.04,83.13,{}
2026-08-19 04:25:00+00:00,AWS-001,18.86,980.02,82.75,28.6139,77.209,216.0,False,NORMAL,NONE,False,none,18.86,980.02,82.75,{}
2026-08-19 04:30:00+00:00,AWS-001,18.81,980.08,83.77,28.6139,77.209,216.0,False,NORMAL,NONE,False,none,18.81,980.08,83.77,{}
2026-08-19 04:35:00+00:00,AWS-001,18.87,980.12,84.1,28.6139,77.209,216.0,False,NORMAL,NONE,False,none,18.87,980.12,84.1,{}
2026-08-19 04:40:00+00:00,AWS-001,19.11,980.07,82.92,28.6139,77.209,216.0,False,NORMAL,NONE,False,none,19.11,980.07,82.92,{}
2026-08-19 04:45:00+00:00,AWS-001,19.07,979.95,82.57,28.6139,77.209,216.0,False,NORMAL,NONE,False,none,19.07,979.95,82.57,{}
2026-08-19 04:50:00+00:00,AWS-001,19.29,979.92,80.26,28.6139,77.209,216.0,False,NORMAL,NONE,False,none,19.29,979.92,80.26,{}
2026-08-19 04:55:00+00:00,AWS-001,19.51,979.93,79.22,28.6139,77.209,216.0,False,NORMAL,NONE,False,none,19.51,979.93,79.22,{}
2026-08-19 05:00:00+00:00,AWS-001,19.75,979.92,78.63,28.6139,77.209,216.0,False,NORMAL,NONE,False,none,19.75,979.92,78.63,{}
2026-08-19 05:05:00+00:00,AWS-001,19.82,979.94,78.3,28.6139,77.209,216.0,False,NORMAL,NONE,False,none,19.82,979.94,78.3,{}
2026-08-19 05:10:00+00:00,AWS-001,20.41,979.98,73.14,28.6139,77.209,216.0,False,NORMAL,NONE,False,none,20.41,979.98,73.14,{}
2026-08-19 05:15:00+00:00,AWS-001,20.59,979.99,73.06,28.6139,77.209,216.0,False,NORMAL,NONE,False,none,20.59,979.99,73.06,{}
2026-08-19 05:20:00+00:00,AWS-001,20.63,979.96,73.49,28.6139,77.209,216.0,False,NORMAL,NONE,False,none,20.63,979.96,73.49,{}
2026-08-19 05:25:00+00:00,AWS-001,20.48,979.98,73.92,28.6139,77.209,216.0,False,NORMAL,NONE,False,none,20.48,979.98,73.92,{}
2026-08-19 05:30:00+00:00,AWS-001,20.49,980.1,74.46,28.6139,77.209,216.0,False,NORMAL,NONE,False,none,20.49,980.1,74.46,{}
2026-08-19 05:35:00+00:00,AWS-001,20.77,979.99,73.48,28.6139,77.209,216.0,False,NORMAL,NONE,False,none,20.77,979.99,73.48,{}
2026-08-19 05:40:00+00:00,AWS-001,21.08,980.01,71.53,28.6139,77.209,216.0,False,NORMAL,NONE,False,none,21.08,980.01,71.53,{}
2026-08-19 05:45:00+00:00,AWS-001,21.32,980.11,71.19,28.6139,77.209,216.0,False,NORMAL,NONE,False,none,21.32,980.11,71.19,{}
2026-08-19 05:50:00+00:00,AWS-001,21.44,980.03,69.71,28.6139,77.209,216.0,False,NORMAL,NONE,False,none,21.44,980.03,69.71,{}
2026-08-19 05:55:00+00:00,AWS-001,21.22,980.08,70.58,28.6139,77.209,216.0,False,NORMAL,NONE,False,none,21.22,980.08,70.58,{}
2026-08-19 06:00:00+00:00,AWS-001,21.32,980.14,69.98,28.6139,77.209,216.0,False,NORMAL,NONE,False,none,21.32,980.14,69.98,{}
2026-08-19 06:05:00+00:00,AWS-001,21.15,980.04,70.2,28.6139,77.209,216.0,False,NORMAL,NONE,False,none,21.15,980.04,70.2,{}
2026-08-19 06:10:00+00:00,AWS-001,20.97,980.08,71.24,28.6139,77.209,216.0,False,NORMAL,NONE,False,none,20.97,980.08,71.24,{}
2026-08-19 06:15:00+00:00,AWS-001,21.11,980.06,71.46,28.6139,77.209,216.0,False,NORMAL,NONE,False,none,21.11,980.06,71.46,{}
2026-08-19 06:20:00+00:00,AWS-001,21.3,980.06,71.32,28.6139,77.209,216.0,False,NORMAL,NONE,False,none,21.3,980.06,71.32,{}
2026-08-19 06:25:00+00:00,AWS-001,21.55,980.04,70.51,28.6139,77.209,216.0,False,NORMAL,NONE,False,none,21.55,980.04,70.51,{}
2026-08-19 06:30:00+00:00,AWS-001,21.71,980.12,68.49,28.6139,77.209,216.0,False,NORMAL,NONE,False,none,21.71,980.12,68.49,{}
2026-08-19 06:35:00+00:00,AWS-001,21.88,980.12,66.89,28.6139,77.209,216.0,False,NORMAL,NONE,False,none,21.88,980.12,66.89,{}
2026-08-19 06:40:00+00:00,AWS-001,21.79,980.09,67.44,28.6139,77.209,216.0,False,NORMAL,NONE,False,none,21.79,980.09,67.44,{}
2026-08-19 06:45:00+00:00,AWS-001,21.88,980.07,67.11,28.6139,77.209,216.0,False,NORMAL,NONE,False,none,21.88,980.07,67.11,{}
2026-08-19 06:50:00+00:00,AWS-001,21.73,980.06,67.42,28.6139,77.209,216.0,False,NORMAL,NONE,False,none,21.73,980.06,67.42,{}
2026-08-19 06:55:00+00:00,AWS-001,21.54,980.01,69.5,28.6139,77.209,216.0,False,NORMAL,NONE,False,none,21.54,980.01,69.5,{}
2026-08-19 07:00:00+00:00,AWS-001,21.85,980.0,68.18,28.6139,77.209,216.0,False,NORMAL,NONE,False,none,21.85,980.0,68.18,{}
2026-08-19 07:05:00+00:00,AWS-001,21.88,980.03,68.26,28.6139,77.209,216.0,False,NORMAL,NONE,False,none,21.88,980.03,68.26,{}
2026-08-19 07:10:00+00:00,AWS-001,22.2,980.08,67.43,28.6139,77.209,216.0,False,NORMAL,NONE,False,none,22.2,980.08,67.43,{}
2026-08-19 07:15:00+00:00,AWS-001,22.54,980.16,65.9,28.6139,77.209,216.0,False,NORMAL,NONE,False,none,22.54,980.16,65.9,{}
2026-08-19 07:20:00+00:00,AWS-001,22.57,980.19,67.23,28.6139,77.209,216.0,False,NORMAL,NONE,False,none,22.57,980.19,67.23,{}
2026-08-19 07:25:00+00:00,AWS-001,22.81,980.17,65.28,28.6139,77.209,216.0,False,NORMAL,NONE,False,none,22.81,980.17,65.28,{}
2026-08-19 07:30:00+00:00,AWS-001,22.83,980.13,64.54,28.6139,77.209,216.0,False,NORMAL,NONE,False,none,22.83,980.13,64.54,{}
2026-08-19 07:35:00+00:00,AWS-001,22.67,980.16,64.39,28.6139,77.209,216.0,False,NORMAL,NONE,False,none,22.67,980.16,64.39,{}
2026-08-19 07:40:00+00:00,AWS-001,22.87,980.17,64.53,28.6139,77.209,216.0,False,NORMAL,NONE,False,none,22.87,980.17,64.53,{}
2026-08-19 07:45:00+00:00,AWS-001,22.97,980.18,64.47,28.6139,77.209,216.0,False,NORMAL,NONE,False,none,22.97,980.18,64.47,{}
2026-08-19 07:50:00+00:00,AWS-001,23.08,980.22,63.46,28.6139,77.209,216.0,False,NORMAL,NONE,False,none,23.08,980.22,63.46,{}
2026-08-19 07:55:00+00:00,AWS-001,23.59,980.26,60.84,28.6139,77.209,216.0,False,NORMAL,NONE,False,none,23.59,980.26,60.84,{}
2026-08-19 08:00:00+00:00,AWS-001,23.48,980.29,62.07,28.6139,77.209,216.0,False,NORMAL,NONE,False,none,23.48,980.29,62.07,{}
2026-08-19 08:05:00+00:00,AWS-001,23.72,980.29,61.25,28.6139,77.209,216.0,False,NORMAL,NONE,False,none,23.72,980.29,61.25,{}
2026-08-19 08:10:00+00:00,AWS-001,23.71,980.25,61.97,28.6139,77.209,216.0,False,NORMAL,NONE,False,none,23.71,980.25,61.97,{}
2026-08-19 08:15:00+00:00,AWS-001,24.04,980.22,60.45,28.6139,77.209,216.0,False,NORMAL,NONE,False,none,24.04,980.22,60.45,{}
2026-08-19 08:20:00+00:00,AWS-001,24.25,980.29,59.8,28.6139,77.209,216.0,False,NORMAL,NONE,False,none,24.25,980.29,59.8,{}
2026-08-19 08:25:00+00:00,AWS-001,24.46,980.27,58.99,28.6139,77.209,216.0,False,NORMAL,NONE,False,none,24.46,980.27,58.99,{}
2026-08-19 08:30:00+00:00,AWS-001,24.44,980.2,58.4,28.6139,77.209,216.0,False,NORMAL,NONE,False,none,24.44,980.2,58.4,{}
2026-08-19 08:35:00+00:00,AWS-001,24.47,980.28,58.03,28.6139,77.209,216.0,False,NORMAL,NONE,False,none,24.47,980.28,58.03,{}
2026-08-19 08:40:00+00:00,AWS-001,24.8,980.23,56.05,28.6139,77.209,216.0,False,NORMAL,NONE,False,none,24.8,980.23,56.05,{}
2026-08-19 08:45:00+00:00,AWS-001,25.24,980.24,54.9,28.6139,77.209,216.0,False,NORMAL,NONE,False,none,25.24,980.24,54.9,{}
2026-08-19 08:50:00+00:00,AWS-001,25.44,980.27,54.7,28.6139,77.209,216.0,False,NORMAL,NONE,False,none,25.44,980.27,54.7,{}
2026-08-19 08:55:00+00:00,AWS-001,25.4,980.28,55.35,28.6139,77.209,216.0,False,NORMAL,NONE,False,none,25.4,980.28,55.35,{}
2026-08-19 09:00:00+00:00,AWS-001,25.58,980.13,54.99,28.6139,77.209,216.0,False,NORMAL,NONE,False,none,25.58,980.13,54.99,{}
2026-08-19 09:05:00+00:00,AWS-001,26.11,980.16,53.03,28.6139,77.209,216.0,False,NORMAL,NONE,False,none,26.11,980.16,53.03,{}
2026-08-19 09:10:00+00:00,AWS-001,26.2,980.24,53.54,28.6139,77.209,216.0,False,NORMAL,NONE,False,none,26.2,980.24,53.54,{}
2026-08-19 09:15:00+00:00,AWS-001,26.53,980.29,52.82,28.6139,77.209,216.0,False,NORMAL,NONE,False,none,26.53,980.29,52.82,{}
2026-08-19 09:20:00+00:00,AWS-001,26.46,980.15,53.55,28.6139,77.209,216.0,False,NORMAL,NONE,False,none,26.46,980.15,53.55,{}
2026-08-19 09:25:00+00:00,AWS-001,26.54,980.27,53.81,28.6139,77.209,216.0,False,NORMAL,NONE,False,none,26.54,980.27,53.81,{}
2026-08-19 09:30:00+00:00,AWS-001,26.73,980.18,52.66,28.6139,77.209,216.0,False,NORMAL,NONE,False,none,26.73,980.18,52.66,{}
2026-08-19 09:35:00+00:00,AWS-001,26.88,980.11,52.06,28.6139,77.209,216.0,False,NORMAL,NONE,False,none,26.88,980.11,52.06,{}
2026-08-19 09:40:00+00:00,AWS-001,26.83,980.15,52.29,28.6139,77.209,216.0,False,NORMAL,NONE,False,none,26.83,980.15,52.29,{}
2026-08-19 09:45:00+00:00,AWS-001,26.79,980.16,51.25,28.6139,77.209,216.0,False,NORMAL,NONE,False,none,26.79,980.16,51.25,{}
2026-08-19 09:50:00+00:00,AWS-001,27.08,980.14,49.48,28.6139,77.209,216.0,False,NORMAL,NONE,False,none,27.08,980.14,49.48,{}
2026-08-19 09:55:00+00:00,AWS-001,27.38,980.09,47.7,28.6139,77.209,216.0,False,NORMAL,NONE,False,none,27.38,980.09,47.7,{}
2026-08-19 10:00:00+00:00,AWS-001,27.71,980.14,46.75,28.6139,77.209,216.0,False,NORMAL,NONE,False,none,27.71,980.14,46.75,{}
2026-08-19 10:05:00+00:00,AWS-001,28.06,980.11,45.61,28.6139,77.209,216.0,False,NORMAL,NONE,False,none,28.06,980.11,45.61,{}
2026-08-19 10:10:00+00:00,AWS-001,28.11,979.99,44.64,28.6139,77.209,216.0,False,NORMAL,NONE,False,none,28.11,979.99,44.64,{}
2026-08-19 10:15:00+00:00,AWS-001,28.09,980.04,44.97,28.6139,77.209,216.0,False,NORMAL,NONE,False,none,28.09,980.04,44.97,{}
2026-08-19 10:20:00+00:00,AWS-001,28.37,980.01,44.32,28.6139,77.209,216.0,False,NORMAL,NONE,False,none,28.37,980.01,44.32,{}
2026-08-19 10:25:00+00:00,AWS-001,28.52,980.04,44.8,28.6139,77.209,216.0,False,NORMAL,NONE,False,none,28.52,980.04,44.8,{}
2026-08-19 10:30:00+00:00,AWS-001,28.38,980.03,46.43,28.6139,77.209,216.0,False,NORMAL,NONE,False,none,28.38,980.03,46.43,{}
2026-08-19 10:35:00+00:00,AWS-001,28.27,980.12,46.83,28.6139,77.209,216.0,False,NORMAL,NONE,False,none,28.27,980.12,46.83,{}
2026-08-19 10:40:00+00:00,AWS-001,28.43,980.04,45.74,28.6139,77.209,216.0,False,NORMAL,NONE,False,none,28.43,980.04,45.74,{}
2026-08-19 10:45:00+00:00,AWS-001,28.48,979.98,45.91,28.6139,77.209,216.0,False,NORMAL,NONE,False,none,28.48,979.98,45.91,{}
2026-08-19 10:50:00+00:00,AWS-001,28.56,979.96,45.55,28.6139,77.209,216.0,False,NORMAL,NONE,False,none,28.56,979.96,45.55,{}
2026-08-19 10:55:00+00:00,AWS-001,28.82,979.88,44.58,28.6139,77.209,216.0,False,NORMAL,NONE,False,none,28.82,979.88,44.58,{}
2026-08-19 11:00:00+00:00,AWS-001,29.02,979.87,43.45,28.6139,77.209,216.0,False,NORMAL,NONE,False,none,29.02,979.87,43.45,{}
2026-08-19 11:05:00+00:00,AWS-001,29.29,979.62,42.46,28.6139,77.209,216.0,False,NORMAL,NONE,False,none,29.29,979.62,42.46,{}
2026-08-19 11:10:00+00:00,AWS-001,29.0,979.57,43.11,28.6139,77.209,216.0,False,NORMAL,NONE,False,none,29.0,979.57,43.11,{}
2026-08-19 11:15:00+00:00,AWS-001,29.13,979.5,43.36,28.6139,77.209,216.0,False,NORMAL,NONE,False,none,29.13,979.5,43.36,{}
2026-08-19 11:20:00+00:00,AWS-001,29.32,979.44,43.18,28.6139,77.209,216.0,False,NORMAL,NONE,False,none,29.32,979.44,43.18,{}
2026-08-19 11:25:00+00:00,AWS-001,29.13,979.33,44.72,28.6139,77.209,216.0,False,NORMAL,NONE,False,none,29.13,979.33,44.72,{}
2026-08-19 11:30:00+00:00,AWS-001,29.11,979.33,44.94,28.6139,77.209,216.0,False,NORMAL,NONE,False,none,29.11,979.33,44.94,{}
2026-08-19 11:35:00+00:00,AWS-001,29.08,979.24,45.01,28.6139,77.209,216.0,False,NORMAL,NONE,False,none,29.08,979.24,45.01,{}
2026-08-19 11:40:00+00:00,AWS-001,29.21,979.19,44.24,28.6139,77.209,216.0,False,NORMAL,NONE,False,none,29.21,979.19,44.24,{}
2026-08-19 11:45:00+00:00,AWS-001,29.59,979.13,42.43,28.6139,77.209,216.0,False,NORMAL,NONE,False,none,29.59,979.13,42.43,{}
2026-08-19 11:50:00+00:00,AWS-001,30.01,979.09,41.0,28.6139,77.209,216.0,False,NORMAL,NONE,False,none,30.01,979.09,41.0,{}
2026-08-19 11:55:00+00:00,AWS-001,29.91,979.11,40.78,28.6139,77.209,216.0,False,NORMAL,NONE,False,none,29.91,979.11,40.78,{}
2026-08-19 12:00:00+00:00,AWS-001,30.05,979.05,38.87,28.6139,77.209,216.0,False,NORMAL,NONE,False,none,30.05,979.05,38.87,{}
2026-08-19 12:05:00+00:00,AWS-001,30.19,979.02,38.19,28.6139,77.209,216.0,False,NORMAL,NONE,False,none,30.19,979.02,38.19,{}
2026-08-19 12:10:00+00:00,AWS-001,30.3,978.95,39.3,28.6139,77.209,216.0,False,NORMAL,NONE,False,none,30.3,978.95,39.3,{}
2026-08-19 12:15:00+00:00,AWS-001,30.4,978.84,39.44,28.6139,77.209,216.0,False,NORMAL,NONE,False,none,30.4,978.84,39.44,{}
2026-08-19 12:20:00+00:00,AWS-001,30.48,978.76,39.1,28.6139,77.209,216.0,False,NORMAL,NONE,False,none,30.48,978.76,39.1,{}
2026-08-19 12:25:00+00:00,AWS-001,30.78,978.66,38.76,28.6139,77.209,216.0,False,NORMAL,NONE,False,none,30.78,978.66,38.76,{}
2026-08-19 12:30:00+00:00,AWS-001,30.96,978.62,37.17,28.6139,77.209,216.0,False,NORMAL,NONE,False,none,30.96,978.62,37.17,{}
2026-08-19 12:35:00+00:00,AWS-001,30.77,978.55,38.01,28.6139,77.209,216.0,False,NORMAL,NONE,False,none,30.77,978.55,38.01,{}
2026-08-19 12:40:00+00:00,AWS-001,30.91,978.43,38.67,28.6139,77.209,216.0,False,NORMAL,NONE,False,none,30.91,978.43,38.67,{}
2026-08-19 12:45:00+00:00,AWS-001,31.05,978.34,38.28,28.6139,77.209,216.0,False,NORMAL,NONE,False,none,31.05,978.34,38.28,{}
2026-08-19 12:50:00+00:00,AWS-001,31.09,978.18,37.1,28.6139,77.209,216.0,False,NORMAL,NONE,False,none,31.09,978.18,37.1,{}
2026-08-19 12:55:00+00:00,AWS-001,31.26,978.1,36.65,28.6139,77.209,216.0,False,NORMAL,NONE,False,none,31.26,978.1,36.65,{}
2026-08-19 13:00:00+00:00,AWS-001,31.26,978.04,37.66,28.6139,77.209,216.0,False,NORMAL,NONE,False,none,31.26,978.04,37.66,{}
2026-08-19 13:05:00+00:00,AWS-001,31.27,978.08,37.85,28.6139,77.209,216.0,False,NORMAL,NONE,False,none,31.27,978.08,37.85,{}
2026-08-19 13:10:00+00:00,AWS-001,31.26,978.09,36.98,28.6139,77.209,216.0,False,NORMAL,NONE,False,none,31.26,978.09,36.98,{}
2026-08-19 13:15:00+00:00,AWS-001,30.91,977.95,39.4,28.6139,77.209,216.0,False,NORMAL,NONE,False,none,30.91,977.95,39.4,{}
2026-08-19 13:20:00+00:00,AWS-001,30.92,977.89,38.48,28.6139,77.209,216.0,False,NORMAL,NONE,False,none,30.92,977.89,38.48,{}
2026-08-19 13:25:00+00:00,AWS-001,30.83,977.83,38.55,28.6139,77.209,216.0,False,NORMAL,NONE,False,none,30.83,977.83,38.55,{}
2026-08-19 13:30:00+00:00,AWS-001,30.67,977.74,38.29,28.6139,77.209,216.0,False,NORMAL,NONE,False,none,30.67,977.74,38.29,{}
2026-08-19 13:35:00+00:00,AWS-001,30.97,977.66,37.12,28.6139,77.209,216.0,False,NORMAL,NONE,False,none,30.97,977.66,37.12,{}
2026-08-19 13:40:00+00:00,AWS-001,31.08,977.57,36.81,28.6139,77.209,216.0,False,NORMAL,NONE,False,none,31.08,977.57,36.81,{}
2026-08-19 13:45:00+00:00,AWS-001,31.09,977.62,37.42,28.6139,77.209,216.0,False,NORMAL,NONE,False,none,31.09,977.62,37.42,{}
2026-08-19 13:50:00+00:00,AWS-001,31.0,977.52,38.54,28.6139,77.209,216.0,False,NORMAL,NONE,False,none,31.0,977.52,38.54,{}
2026-08-19 13:55:00+00:00,AWS-001,31.07,977.47,38.13,28.6139,77.209,216.0,False,NORMAL,NONE,False,none,31.07,977.47,38.13,{}
2026-08-19 14:00:00+00:00,AWS-001,31.25,977.26,37.13,28.6139,77.209,216.0,False,NORMAL,NONE,False,none,31.25,977.26,37.13,{}
2026-08-19 14:05:00+00:00,AWS-001,31.1,977.25,37.86,28.6139,77.209,216.0,False,NORMAL,NONE,False,none,31.1,977.25,37.86,{}
2026-08-19 14:10:00+00:00,AWS-001,31.11,977.26,38.22,28.6139,77.209,216.0,False,NORMAL,NONE,False,none,31.11,977.26,38.22,{}
2026-08-19 14:15:00+00:00,AWS-001,31.26,977.14,38.04,28.6139,77.209,216.0,False,NORMAL,NONE,False,none,31.26,977.14,38.04,{}
2026-08-19 14:20:00+00:00,AWS-001,30.92,977.06,38.92,28.6139,77.209,216.0,False,NORMAL,NONE,False,none,30.92,977.06,38.92,{}
2026-08-19 14:25:00+00:00,AWS-001,30.94,977.03,38.77,28.6139,77.209,216.0,False,NORMAL,NONE,False,none,30.94,977.03,38.77,{}
2026-08-19 14:30:00+00:00,AWS-001,30.89,976.99,38.91,28.6139,77.209,216.0,False,NORMAL,NONE,False,none,30.89,976.99,38.91,{}
2026-08-19 14:35:00+00:00,AWS-001,30.89,976.96,38.75,28.6139,77.209,216.0,False,NORMAL,NONE,False,none,30.89,976.96,38.75,{}
2026-08-19 14:40:00+00:00,AWS-001,30.82,976.9,39.55,28.6139,77.209,216.0,False,NORMAL,NONE,False,none,30.82,976.9,39.55,{}
2026-08-19 14:45:00+00:00,AWS-001,30.87,976.96,40.74,28.6139,77.209,216.0,False,NORMAL,NONE,False,none,30.87,976.96,40.74,{}
2026-08-19 14:50:00+00:00,AWS-001,31.2,976.87,39.81,28.6139,77.209,216.0,False,NORMAL,NONE,False,none,31.2,976.87,39.81,{}
2026-08-19 14:55:00+00:00,AWS-001,31.12,976.98,39.71,28.6139,77.209,216.0,False,NORMAL,NONE,False,none,31.12,976.98,39.71,{}
2026-08-19 15:00:00+00:00,AWS-001,31.14,977.0,39.58,28.6139,77.209,216.0,False,NORMAL,NONE,False,none,31.14,977.0,39.58,{}
2026-08-19 15:05:00+00:00,AWS-001,31.44,976.99,38.29,28.6139,77.209,216.0,False,NORMAL,NONE,False,none,31.44,976.99,38.29,{}
2026-08-19 15:10:00+00:00,AWS-001,31.27,976.87,38.99,28.6139,77.209,216.0,False,NORMAL,NONE,False,none,31.27,976.87,38.99,{}
2026-08-19 15:15:00+00:00,AWS-001,31.52,976.88,38.57,28.6139,77.209,216.0,False,NORMAL,NONE,False,none,31.52,976.88,38.57,{}
2026-08-19 15:20:00+00:00,AWS-001,31.42,976.87,38.3,28.6139,77.209,216.0,False,NORMAL,NONE,False,none,31.42,976.87,38.3,{}
2026-08-19 15:25:00+00:00,AWS-001,31.63,976.69,38.3,28.6139,77.209,216.0,False,NORMAL,NONE,False,none,31.63,976.69,38.3,{}
2026-08-19 15:30:00+00:00,AWS-001,31.63,976.58,38.11,28.6139,77.209,216.0,False,NORMAL,NONE,False,none,31.63,976.58,38.11,{}
2026-08-19 15:35:00+00:00,AWS-001,31.55,976.57,37.49,28.6139,77.209,216.0,False,NORMAL,NONE,False,none,31.55,976.57,37.49,{}
2026-08-19 15:40:00+00:00,AWS-001,31.41,976.54,37.95,28.6139,77.209,216.0,False,NORMAL,NONE,False,none,31.41,976.54,37.95,{}
2026-08-19 15:45:00+00:00,AWS-001,31.19,976.49,38.5,28.6139,77.209,216.0,False,NORMAL,NONE,False,none,31.19,976.49,38.5,{}
2026-08-19 15:50:00+00:00,AWS-001,31.1,976.54,39.2,28.6139,77.209,216.0,False,NORMAL,NONE,False,none,31.1,976.54,39.2,{}
2026-08-19 15:55:00+00:00,AWS-001,31.15,976.47,39.45,28.6139,77.209,216.0,False,NORMAL,NONE,False,none,31.15,976.47,39.45,{}
2026-08-19 16:00:00+00:00,AWS-001,31.04,976.44,39.4,28.6139,77.209,216.0,False,NORMAL,NONE,False,none,31.04,976.44,39.4,{}
2026-08-19 16:05:00+00:00,AWS-001,30.87,976.4,39.28,28.6139,77.209,216.0,False,NORMAL,NONE,False,none,30.87,976.4,39.28,{}
2026-08-19 16:10:00+00:00,AWS-001,30.73,976.43,39.48,28.6139,77.209,216.0,False,NORMAL,NONE,False,none,30.73,976.43,39.48,{}
2026-08-19 16:15:00+00:00,AWS-001,30.81,976.33,39.45,28.6139,77.209,216.0,False,NORMAL,NONE,False,none,30.81,976.33,39.45,{}
2026-08-19 16:20:00+00:00,AWS-001,30.9,976.31,39.44,28.6139,77.209,216.0,False,NORMAL,NONE,False,none,30.9,976.31,39.44,{}
2026-08-19 16:25:00+00:00,AWS-001,30.66,976.22,40.02,28.6139,77.209,216.0,False,NORMAL,NONE,False,none,30.66,976.22,40.02,{}
2026-08-19 16:30:00+00:00,AWS-001,30.43,976.23,40.32,28.6139,77.209,216.0,False,NORMAL,NONE,False,none,30.43,976.23,40.32,{}
2026-08-19 16:35:00+00:00,AWS-001,30.4,976.3,40.9,28.6139,77.209,216.0,False,NORMAL,NONE,False,none,30.4,976.3,40.9,{}
2026-08-19 16:40:00+00:00,AWS-001,30.55,976.37,39.94,28.6139,77.209,216.0,False,NORMAL,NONE,False,none,30.55,976.37,39.94,{}
2026-08-19 16:45:00+00:00,AWS-001,30.6,976.35,41.27,28.6139,77.209,216.0,False,NORMAL,NONE,False,none,30.6,976.35,41.27,{}
2026-08-19 16:50:00+00:00,AWS-001,30.24,976.41,42.25,28.6139,77.209,216.0,False,NORMAL,NONE,False,none,30.24,976.41,42.25,{}
2026-08-19 16:55:00+00:00,AWS-001,30.07,976.43,41.57,28.6139,77.209,216.0,False,NORMAL,NONE,False,none,30.07,976.43,41.57,{}
2026-08-19 17:00:00+00:00,AWS-001,29.81,976.54,42.12,28.6139,77.209,216.0,False,NORMAL,NONE,False,none,29.81,976.54,42.12,{}
2026-08-19 17:05:00+00:00,AWS-001,29.67,976.55,42.76,28.6139,77.209,216.0,False,NORMAL,NONE,False,none,29.67,976.55,42.76,{}
2026-08-19 17:10:00+00:00,AWS-001,29.84,976.41,41.89,28.6139,77.209,216.0,False,NORMAL,NONE,False,none,29.84,976.41,41.89,{}
2026-08-19 17:15:00+00:00,AWS-001,29.48,976.5,41.65,28.6139,77.209,216.0,False,NORMAL,NONE,False,none,29.48,976.5,41.65,{}
2026-08-19 17:20:00+00:00,AWS-001,29.12,976.52,41.88,28.6139,77.209,216.0,False,NORMAL,NONE,False,none,29.12,976.52,41.88,{}
2026-08-19 17:25:00+00:00,AWS-001,28.91,976.54,42.83,28.6139,77.209,216.0,False,NORMAL,NONE,False,none,28.91,976.54,42.83,{}
2026-08-19 17:30:00+00:00,AWS-001,28.91,976.61,41.77,28.6139,77.209,216.0,False,NORMAL,NONE,False,none,28.91,976.61,41.77,{}
2026-08-19 17:35:00+00:00,AWS-001,28.94,976.57,40.96,28.6139,77.209,216.0,False,NORMAL,NONE,False,none,28.94,976.57,40.96,{}
2026-08-19 17:40:00+00:00,AWS-001,28.93,976.63,41.63,28.6139,77.209,216.0,False,NORMAL,NONE,False,none,28.93,976.63,41.63,{}
2026-08-19 17:45:00+00:00,AWS-001,29.02,976.71,41.46,28.6139,77.209,216.0,False,NORMAL,NONE,False,none,29.02,976.71,41.46,{}
2026-08-19 17:50:00+00:00,AWS-001,28.6,976.79,42.26,28.6139,77.209,216.0,False,NORMAL,NONE,False,none,28.6,976.79,42.26,{}
2026-08-19 17:55:00+00:00,AWS-001,28.71,976.8,41.91,28.6139,77.209,216.0,False,NORMAL,NONE,False,none,28.71,976.8,41.91,{}
2026-08-19 18:00:00+00:00,AWS-001,28.54,976.91,41.65,28.6139,77.209,216.0,False,NORMAL,NONE,False,none,28.54,976.91,41.65,{}
2026-08-19 18:05:00+00:00,AWS-001,28.55,976.91,42.28,28.6139,77.209,216.0,False,NORMAL,NONE,False,none,28.55,976.91,42.28,{}
2026-08-19 18:10:00+00:00,AWS-001,28.2,976.93,42.92,28.6139,77.209,216.0,False,NORMAL,NONE,False,none,28.2,976.93,42.92,{}
2026-08-19 18:15:00+00:00,AWS-001,28.1,976.98,43.13,28.6139,77.209,216.0,False,NORMAL,NONE,False,none,28.1,976.98,43.13,{}
2026-08-19 18:20:00+00:00,AWS-001,28.03,977.06,43.82,28.6139,77.209,216.0,False,NORMAL,NONE,False,none,28.03,977.06,43.82,{}
2026-08-19 18:25:00+00:00,AWS-001,28.11,977.1,43.67,28.6139,77.209,216.0,False,NORMAL,NONE,False,none,28.11,977.1,43.67,{}
2026-08-19 18:30:00+00:00,AWS-001,27.71,977.23,44.5,28.6139,77.209,216.0,False,NORMAL,NONE,False,none,27.71,977.23,44.5,{}
2026-08-19 18:35:00+00:00,AWS-001,27.6,977.3,43.76,28.6139,77.209,216.0,False,NORMAL,NONE,False,none,27.6,977.3,43.76,{}
2026-08-19 18:40:00+00:00,AWS-001,27.31,977.36,45.19,28.6139,77.209,216.0,False,NORMAL,NONE,False,none,27.31,977.36,45.19,{}
2026-08-19 18:45:00+00:00,AWS-001,27.3,977.43,45.56,28.6139,77.209,216.0,False,NORMAL,NONE,False,none,27.3,977.43,45.56,{}
2026-08-19 18:50:00+00:00,AWS-001,27.32,977.53,45.42,28.6139,77.209,216.0,False,NORMAL,NONE,False,none,27.32,977.53,45.42,{}
2026-08-19 18:55:00+00:00,AWS-001,27.41,977.59,44.78,28.6139,77.209,216.0,False,NORMAL,NONE,False,none,27.41,977.59,44.78,{}
2026-08-19 19:00:00+00:00,AWS-001,27.16,977.54,45.78,28.6139,77.209,216.0,False,NORMAL,NONE,False,none,27.16,977.54,45.78,{}
2026-08-19 19:05:00+00:00,AWS-001,27.18,977.66,46.32,28.6139,77.209,216.0,False,NORMAL,NONE,False,none,27.18,977.66,46.32,{}
2026-08-19 19:10:00+00:00,AWS-001,27.24,977.73,46.38,28.6139,77.209,216.0,False,NORMAL,NONE,False,none,27.24,977.73,46.38,{}
2026-08-19 19:15:00+00:00,AWS-001,26.78,977.82,48.85,28.6139,77.209,216.0,False,NORMAL,NONE,False,none,26.78,977.82,48.85,{}
2026-08-19 19:20:00+00:00,AWS-001,26.74,977.85,49.4,28.6139,77.209,216.0,False,NORMAL,NONE,False,none,26.74,977.85,49.4,{}
2026-08-19 19:25:00+00:00,AWS-001,26.74,977.8,49.23,28.6139,77.209,216.0,False,NORMAL,NONE,False,none,26.74,977.8,49.23,{}
2026-08-19 19:30:00+00:00,AWS-001,26.52,977.72,50.26,28.6139,77.209,216.0,False,NORMAL,NONE,False,none,26.52,977.72,50.26,{}
2026-08-19 19:35:00+00:00,AWS-001,26.15,977.74,51.25,28.6139,77.209,216.0,False,NORMAL,NONE,False,none,26.15,977.74,51.25,{}
2026-08-19 19:40:00+00:00,AWS-001,26.17,977.85,51.11,28.6139,77.209,216.0,False,NORMAL,NONE,False,none,26.17,977.85,51.11,{}
2026-08-19 19:45:00+00:00,AWS-001,25.81,977.99,52.9,28.6139,77.209,216.0,False,NORMAL,NONE,False,none,25.81,977.99,52.9,{}
2026-08-19 19:50:00+00:00,AWS-001,25.64,978.07,52.63,28.6139,77.209,216.0,False,NORMAL,NONE,False,none,25.64,978.07,52.63,{}
2026-08-19 19:55:00+00:00,AWS-001,25.51,978.07,52.97,28.6139,77.209,216.0,False,NORMAL,NONE,False,none,25.51,978.07,52.97,{}
2026-08-19 20:00:00+00:00,AWS-001,25.49,978.09,53.68,28.6139,77.209,216.0,False,NORMAL,NONE,False,none,25.49,978.09,53.68,{}
2026-08-19 20:05:00+00:00,AWS-001,25.24,978.23,54.48,28.6139,77.209,216.0,False,NORMAL,NONE,False,none,25.24,978.23,54.48,{}
2026-08-19 20:10:00+00:00,AWS-001,24.99,978.21,54.86,28.6139,77.209,216.0,False,NORMAL,NONE,False,none,24.99,978.21,54.86,{}
2026-08-19 20:15:00+00:00,AWS-001,24.89,978.4,53.99,28.6139,77.209,216.0,False,NORMAL,NONE,False,none,24.89,978.4,53.99,{}
2026-08-19 20:20:00+00:00,AWS-001,24.93,978.56,52.48,28.6139,77.209,216.0,False,NORMAL,NONE,False,none,24.93,978.56,52.48,{}
2026-08-19 20:25:00+00:00,AWS-001,25.16,978.73,53.31,28.6139,77.209,216.0,False,NORMAL,NONE,False,none,25.16,978.73,53.31,{}
2026-08-19 20:30:00+00:00,AWS-001,24.72,978.78,54.97,28.6139,77.209,216.0,False,NORMAL,NONE,False,none,24.72,978.78,54.97,{}
2026-08-19 20:35:00+00:00,AWS-001,24.61,978.78,54.93,28.6139,77.209,216.0,False,NORMAL,NONE,False,none,24.61,978.78,54.93,{}
2026-08-19 20:40:00+00:00,AWS-001,24.27,978.84,56.35,28.6139,77.209,216.0,False,NORMAL,NONE,False,none,24.27,978.84,56.35,{}
2026-08-19 20:45:00+00:00,AWS-001,24.3,978.92,55.65,28.6139,77.209,216.0,False,NORMAL,NONE,False,none,24.3,978.92,55.65,{}
2026-08-19 20:50:00+00:00,AWS-001,23.99,978.9,56.6,28.6139,77.209,216.0,False,NORMAL,NONE,False,none,23.99,978.9,56.6,{}
2026-08-19 20:55:00+00:00,AWS-001,23.74,978.86,56.99,28.6139,77.209,216.0,False,NORMAL,NONE,False,none,23.74,978.86,56.99,{}
2026-08-19 21:00:00+00:00,AWS-001,23.52,978.87,57.06,28.6139,77.209,216.0,False,NORMAL,NONE,False,none,23.52,978.87,57.06,{}
2026-08-19 21:05:00+00:00,AWS-001,23.39,978.86,56.47,28.6139,77.209,216.0,False,NORMAL,NONE,False,none,23.39,978.86,56.47,{}
2026-08-19 21:10:00+00:00,AWS-001,23.33,978.97,56.13,28.6139,77.209,216.0,False,NORMAL,NONE,False,none,23.33,978.97,56.13,{}
2026-08-19 21:15:00+00:00,AWS-001,23.29,978.96,57.46,28.6139,77.209,216.0,False,NORMAL,NONE,False,none,23.29,978.96,57.46,{}
2026-08-19 21:20:00+00:00,AWS-001,23.15,978.99,57.68,28.6139,77.209,216.0,False,NORMAL,NONE,False,none,23.15,978.99,57.68,{}
2026-08-19 21:25:00+00:00,AWS-001,22.79,979.07,59.72,28.6139,77.209,216.0,False,NORMAL,NONE,False,none,22.79,979.07,59.72,{}
2026-08-19 21:30:00+00:00,AWS-001,22.81,979.16,60.56,28.6139,77.209,216.0,False,NORMAL,NONE,False,none,22.81,979.16,60.56,{}
2026-08-19 21:35:00+00:00,AWS-001,22.67,979.19,61.22,28.6139,77.209,216.0,False,NORMAL,NONE,False,none,22.67,979.19,61.22,{}
2026-08-19 21:40:00+00:00,AWS-001,22.74,979.22,60.9,28.6139,77.209,216.0,False,NORMAL,NONE,False,none,22.74,979.22,60.9,{}
2026-08-19 21:45:00+00:00,AWS-001,22.48,979.17,62.12,28.6139,77.209,216.0,False,NORMAL,NONE,False,none,22.48,979.17,62.12,{}
2026-08-19 21:50:00+00:00,AWS-001,22.08,979.24,63.5,28.6139,77.209,216.0,False,NORMAL,NONE,False,none,22.08,979.24,63.5,{}
2026-08-19 21:55:00+00:00,AWS-001,21.98,979.32,64.79,28.6139,77.209,216.0,False,NORMAL,NONE,False,none,21.98,979.32,64.79,{}
2026-08-19 22:00:00+00:00,AWS-001,22.09,979.21,65.52,28.6139,77.209,216.0,False,NORMAL,NONE,False,none,22.09,979.21,65.52,{}
2026-08-19 22:05:00+00:00,AWS-001,21.99,979.32,66.66,28.6139,77.209,216.0,False,NORMAL,NONE,False,none,21.99,979.32,66.66,{}
2026-08-19 22:10:00+00:00,AWS-001,21.82,979.27,65.65,28.6139,77.209,216.0,False,NORMAL,NONE,False,none,21.82,979.27,65.65,{}
2026-08-19 22:15:00+00:00,AWS-001,21.55,979.31,66.42,28.6139,77.209,216.0,False,NORMAL,NONE,False,none,21.55,979.31,66.42,{}
2026-08-19 22:20:00+00:00,AWS-001,21.74,979.31,65.68,28.6139,77.209,216.0,False,NORMAL,NONE,False,none,21.74,979.31,65.68,{}
2026-08-19 22:25:00+00:00,AWS-001,21.42,979.3,67.25,28.6139,77.209,216.0,False,NORMAL,NONE,False,none,21.42,979.3,67.25,{}
2026-08-19 22:30:00+00:00,AWS-001,21.18,979.28,67.1,28.6139,77.209,216.0,False,NORMAL,NONE,False,none,21.18,979.28,67.1,{}
2026-08-19 22:35:00+00:00,AWS-001,21.18,979.21,66.16,28.6139,77.209,216.0,False,NORMAL,NONE,False,none,21.18,979.21,66.16,{}
2026-08-19 22:40:00+00:00,AWS-001,20.75,979.24,69.06,28.6139,77.209,216.0,False,NORMAL,NONE,False,none,20.75,979.24,69.06,{}
2026-08-19 22:45:00+00:00,AWS-001,20.89,979.21,68.24,28.6139,77.209,216.0,False,NORMAL,NONE,False,none,20.89,979.21,68.24,{}
2026-08-19 22:50:00+00:00,AWS-001,20.88,979.13,67.45,28.6139,77.209,216.0,False,NORMAL,NONE,False,none,20.88,979.13,67.45,{}
2026-08-19 22:55:00+00:00,AWS-001,20.91,979.06,66.88,28.6139,77.209,216.0,False,NORMAL,NONE,False,none,20.91,979.06,66.88,{}
2026-08-19 23:00:00+00:00,AWS-001,20.87,978.99,67.63,28.6139,77.209,216.0,False,NORMAL,NONE,False,none,20.87,978.99,67.63,{}
2026-08-19 23:05:00+00:00,AWS-001,20.71,978.96,68.07,28.6139,77.209,216.0,False,NORMAL,NONE,False,none,20.71,978.96,68.07,{}
2026-08-19 23:10:00+00:00,AWS-001,20.4,978.99,69.85,28.6139,77.209,216.0,False,NORMAL,NONE,False,none,20.4,978.99,69.85,{}
2026-08-19 23:15:00+00:00,AWS-001,20.27,978.95,70.03,28.6139,77.209,216.0,False,NORMAL,NONE,False,none,20.27,978.95,70.03,{}
2026-08-19 23:20:00+00:00,AWS-001,20.0,979.01,70.38,28.6139,77.209,216.0,False,NORMAL,NONE,False,none,20.0,979.01,70.38,{}
2026-08-19 23:25:00+00:00,AWS-001,20.0,978.99,71.68,28.6139,77.209,216.0,False,NORMAL,NONE,False,none,20.0,978.99,71.68,{}
2026-08-19 23:30:00+00:00,AWS-001,20.05,978.97,71.95,28.6139,77.209,216.0,False,NORMAL,NONE,False,none,20.05,978.97,71.95,{}
2026-08-19 23:35:00+00:00,AWS-001,20.19,978.96,71.25,28.6139,77.209,216.0,False,NORMAL,NONE,False,none,20.19,978.96,71.25,{}
2026-08-19 23:40:00+00:00,AWS-001,20.12,979.03,71.38,28.6139,77.209,216.0,False,NORMAL,NONE,False,none,20.12,979.03,71.38,{}
2026-08-19 23:45:00+00:00,AWS-001,20.14,978.93,72.39,28.6139,77.209,216.0,False,NORMAL,NONE,False,none,20.14,978.93,72.39,{}
2026-08-19 23:50:00+00:00,AWS-001,19.94,979.01,73.65,28.6139,77.209,216.0,False,NORMAL,NONE,False,none,19.94,979.01,73.65,{}
2026-08-19 23:55:00+00:00,AWS-001,19.73,979.04,75.29,28.6139,77.209,216.0,False,NORMAL,NONE,False,none,19.73,979.04,75.29,{}
2026-08-20 00:00:00+00:00,AWS-001,19.63,979.01,75.28,28.6139,77.209,216.0,False,NORMAL,NONE,False,none,19.63,979.01,75.28,{}
2026-08-20 00:05:00+00:00,AWS-001,19.44,979.05,76.09,28.6139,77.209,216.0,False,NORMAL,NONE,False,none,19.44,979.05,76.09,{}
2026-08-20 00:10:00+00:00,AWS-001,19.39,978.99,76.55,28.6139,77.209,216.0,False,NORMAL,NONE,False,none,19.39,978.99,76.55,{}
2026-08-20 00:15:00+00:00,AWS-001,19.11,978.98,77.45,28.6139,77.209,216.0,False,NORMAL,NONE,False,none,19.11,978.98,77.45,{}
2026-08-20 00:20:00+00:00,AWS-001,18.88,978.91,78.45,28.6139,77.209,216.0,False,NORMAL,NONE,False,none,18.88,978.91,78.45,{}
2026-08-20 00:25:00+00:00,AWS-001,18.93,978.93,77.82,28.6139,77.209,216.0,False,NORMAL,NONE,False,none,18.93,978.93,77.82,{}
2026-08-20 00:30:00+00:00,AWS-001,19.01,978.85,77.74,28.6139,77.209,216.0,False,NORMAL,NONE,False,none,19.01,978.85,77.74,{}
2026-08-20 00:35:00+00:00,AWS-001,18.76,978.82,78.12,28.6139,77.209,216.0,False,NORMAL,NONE,False,none,18.76,978.82,78.12,{}
2026-08-20 00:40:00+00:00,AWS-001,18.81,978.82,78.36,28.6139,77.209,216.0,False,NORMAL,NONE,False,none,18.81,978.82,78.36,{}
2026-08-20 00:45:00+00:00,AWS-001,18.65,978.85,79.4,28.6139,77.209,216.0,False,NORMAL,NONE,False,none,18.65,978.85,79.4,{}
2026-08-20 00:50:00+00:00,AWS-001,18.6,978.76,79.56,28.6139,77.209,216.0,False,NORMAL,NONE,False,none,18.6,978.76,79.56,{}
2026-08-20 00:55:00+00:00,AWS-001,18.78,978.77,78.98,28.6139,77.209,216.0,False,NORMAL,NONE,False,none,18.78,978.77,78.98,{}
2026-08-20 01:00:00+00:00,AWS-001,18.83,978.67,78.47,28.6139,77.209,216.0,False,NORMAL,NONE,False,none,18.83,978.67,78.47,{}
2026-08-20 01:05:00+00:00,AWS-001,18.87,978.51,77.87,28.6139,77.209,216.0,False,NORMAL,NONE,False,none,18.87,978.51,77.87,{}
2026-08-20 01:10:00+00:00,AWS-001,19.09,978.45,77.24,28.6139,77.209,216.0,False,NORMAL,NONE,False,none,19.09,978.45,77.24,{}
2026-08-20 01:15:00+00:00,AWS-001,18.84,978.48,78.83,28.6139,77.209,216.0,False,NORMAL,NONE,False,none,18.84,978.48,78.83,{}
2026-08-20 01:20:00+00:00,AWS-001,18.58,978.46,79.79,28.6139,77.209,216.0,False,NORMAL,NONE,False,none,18.58,978.46,79.79,{}
2026-08-20 01:25:00+00:00,AWS-001,18.38,978.4,80.4,28.6139,77.209,216.0,False,NORMAL,NONE,False,none,18.38,978.4,80.4,{}
2026-08-20 01:30:00+00:00,AWS-001,18.29,978.39,80.83,28.6139,77.209,216.0,False,NORMAL,NONE,False,none,18.29,978.39,80.83,{}
2026-08-20 01:35:00+00:00,AWS-001,17.86,978.37,82.81,28.6139,77.209,216.0,False,NORMAL,NONE,False,none,17.86,978.37,82.81,{}
2026-08-20 01:40:00+00:00,AWS-001,17.83,978.39,84.03,28.6139,77.209,216.0,False,NORMAL,NONE,False,none,17.83,978.39,84.03,{}
2026-08-20 01:45:00+00:00,AWS-001,17.75,978.27,84.6,28.6139,77.209,216.0,False,NORMAL,NONE,False,none,17.75,978.27,84.6,{}
2026-08-20 01:50:00+00:00,AWS-001,17.9,978.25,83.75,28.6139,77.209,216.0,False,NORMAL,NONE,False,none,17.9,978.25,83.75,{}
2026-08-20 01:55:00+00:00,AWS-001,17.96,978.25,82.79,28.6139,77.209,216.0,False,NORMAL,NONE,False,none,17.96,978.25,82.79,{}
2026-08-20 02:00:00+00:00,AWS-001,17.86,978.16,83.85,28.6139,77.209,216.0,False,NORMAL,NONE,False,none,17.86,978.16,83.85,{}
2026-08-20 02:05:00+00:00,AWS-001,17.97,978.07,82.87,28.6139,77.209,216.0,False,NORMAL,NONE,False,none,17.97,978.07,82.87,{}
2026-08-20 02:10:00+00:00,AWS-001,18.08,978.05,81.88,28.6139,77.209,216.0,False,NORMAL,NONE,False,none,18.08,978.05,81.88,{}
2026-08-20 02:15:00+00:00,AWS-001,17.94,978.06,83.2,28.6139,77.209,216.0,False,NORMAL,NONE,False,none,17.94,978.06,83.2,{}
2026-08-20 02:20:00+00:00,AWS-001,17.86,978.06,83.86,28.6139,77.209,216.0,False,NORMAL,NONE,False,none,17.86,978.06,83.86,{}
2026-08-20 02:25:00+00:00,AWS-001,17.5,978.03,84.14,28.6139,77.209,216.0,False,NORMAL,NONE,False,none,17.5,978.03,84.14,{}
2026-08-20 02:30:00+00:00,AWS-001,17.38,978.01,84.91,28.6139,77.209,216.0,False,NORMAL,NONE,False,none,17.38,978.01,84.91,{}
2026-08-20 02:35:00+00:00,AWS-001,17.34,978.0,85.43,28.6139,77.209,216.0,False,NORMAL,NONE,False,none,17.34,978.0,85.43,{}
2026-08-20 02:40:00+00:00,AWS-001,17.43,978.03,84.84,28.6139,77.209,216.0,False,NORMAL,NONE,False,none,17.43,978.03,84.84,{}
2026-08-20 02:45:00+00:00,AWS-001,17.36,978.11,85.53,28.6139,77.209,216.0,False,NORMAL,NONE,False,none,17.36,978.11,85.53,{}
2026-08-20 02:50:00+00:00,AWS-001,17.36,977.99,84.48,28.6139,77.209,216.0,False,NORMAL,NONE,False,none,17.36,977.99,84.48,{}
2026-08-20 02:55:00+00:00,AWS-001,17.25,978.05,83.56,28.6139,77.209,216.0,False,NORMAL,NONE,False,none,17.25,978.05,83.56,{}
2026-08-20 03:00:00+00:00,AWS-001,17.39,978.06,82.68,28.6139,77.209,216.0,False,NORMAL,NONE,False,none,17.39,978.06,82.68,{}
2026-08-20 03:05:00+00:00,AWS-001,17.57,978.11,82.45,28.6139,77.209,216.0,False,NORMAL,NONE,False,none,17.57,978.11,82.45,{}
2026-08-20 03:10:00+00:00,AWS-001,17.72,978.19,80.02,28.6139,77.209,216.0,False,NORMAL,NONE,False,none,17.72,978.19,80.02,{}
2026-08-20 03:15:00+00:00,AWS-001,17.79,978.16,79.75,28.6139,77.209,216.0,False,NORMAL,NONE,False,none,17.79,978.16,79.75,{}
2026-08-20 03:20:00+00:00,AWS-001,17.61,978.23,80.16,28.6139,77.209,216.0,False,NORMAL,NONE,False,none,17.61,978.23,80.16,{}
2026-08-20 03:25:00+00:00,AWS-001,17.61,978.18,80.76,28.6139,77.209,216.0,False,NORMAL,NONE,False,none,17.61,978.18,80.76,{}
2026-08-20 03:30:00+00:00,AWS-001,17.64,978.21,82.44,28.6139,77.209,216.0,False,NORMAL,NONE,False,none,17.64,978.21,82.44,{}
2026-08-20 03:35:00+00:00,AWS-001,17.69,978.22,82.44,28.6139,77.209,216.0,False,NORMAL,NONE,False,none,17.69,978.22,82.44,{}
2026-08-20 03:40:00+00:00,AWS-001,17.81,978.25,82.04,28.6139,77.209,216.0,False,NORMAL,NONE,False,none,17.81,978.25,82.04,{}
2026-08-20 03:45:00+00:00,AWS-001,18.15,978.22,81.08,28.6139,77.209,216.0,False,NORMAL,NONE,False,none,18.15,978.22,81.08,{}
2026-08-20 03:50:00+00:00,AWS-001,18.36,978.29,80.21,28.6139,77.209,216.0,False,NORMAL,NONE,False,none,18.36,978.29,80.21,{}
2026-08-20 03:55:00+00:00,AWS-001,18.25,978.42,80.77,28.6139,77.209,216.0,False,NORMAL,NONE,False,none,18.25,978.42,80.77,{}
2026-08-20 04:00:00+00:00,AWS-001,18.44,978.39,80.53,28.6139,77.209,216.0,False,NORMAL,NONE,False,none,18.44,978.39,80.53,{}
2026-08-20 04:05:00+00:00,AWS-001,18.61,978.44,80.01,28.6139,77.209,216.0,False,NORMAL,NONE,False,none,18.61,978.44,80.01,{}
2026-08-20 04:10:00+00:00,AWS-001,18.53,978.53,80.58,28.6139,77.209,216.0,False,NORMAL,NONE,False,none,18.53,978.53,80.58,{}
2026-08-20 04:15:00+00:00,AWS-001,18.74,978.55,79.39,28.6139,77.209,216.0,False,NORMAL,NONE,False,none,18.74,978.55,79.39,{}
2026-08-20 04:20:00+00:00,AWS-001,18.77,978.67,79.0,28.6139,77.209,216.0,False,NORMAL,NONE,False,none,18.77,978.67,79.0,{}
2026-08-20 04:25:00+00:00,AWS-001,18.6,978.68,80.45,28.6139,77.209,216.0,False,NORMAL,NONE,False,none,18.6,978.68,80.45,{}
2026-08-20 04:30:00+00:00,AWS-001,18.77,978.72,79.32,28.6139,77.209,216.0,False,NORMAL,NONE,False,none,18.77,978.72,79.32,{}
2026-08-20 04:35:00+00:00,AWS-001,18.9,978.7,79.48,28.6139,77.209,216.0,False,NORMAL,NONE,False,none,18.9,978.7,79.48,{}
2026-08-20 04:40:00+00:00,AWS-001,18.94,978.76,78.46,28.6139,77.209,216.0,False,NORMAL,NONE,False,none,18.94,978.76,78.46,{}
2026-08-20 04:45:00+00:00,AWS-001,19.02,978.82,78.95,28.6139,77.209,216.0,False,NORMAL,NONE,False,none,19.02,978.82,78.95,{}
2026-08-20 04:50:00+00:00,AWS-001,18.99,978.91,79.24,28.6139,77.209,216.0,False,NORMAL,NONE,False,none,18.99,978.91,79.24,{}
2026-08-20 04:55:00+00:00,AWS-001,19.2,978.93,77.45,28.6139,77.209,216.0,False,NORMAL,NONE,False,none,19.2,978.93,77.45,{}
2026-08-20 05:00:00+00:00,AWS-001,19.29,978.95,77.31,28.6139,77.209,216.0,False,NORMAL,NONE,False,none,19.29,978.95,77.31,{}
2026-08-20 05:05:00+00:00,AWS-001,19.41,979.05,76.22,28.6139,77.209,216.0,False,NORMAL,NONE,False,none,19.41,979.05,76.22,{}
2026-08-20 05:10:00+00:00,AWS-001,19.56,979.2,75.51,28.6139,77.209,216.0,False,NORMAL,NONE,False,none,19.56,979.2,75.51,{}
2026-08-20 05:15:00+00:00,AWS-001,19.46,979.29,75.67,28.6139,77.209,216.0,False,NORMAL,NONE,False,none,19.46,979.29,75.67,{}
2026-08-20 05:20:00+00:00,AWS-001,19.43,979.46,75.78,28.6139,77.209,216.0,False,NORMAL,NONE,False,none,19.43,979.46,75.78,{}
2026-08-20 05:25:00+00:00,AWS-001,19.19,979.55,77.54,28.6139,77.209,216.0,False,NORMAL,NONE,False,none,19.19,979.55,77.54,{}
2026-08-20 05:30:00+00:00,AWS-001,19.46,979.64,76.54,28.6139,77.209,216.0,False,NORMAL,NONE,False,none,19.46,979.64,76.54,{}
2026-08-20 05:35:00+00:00,AWS-001,19.41,979.73,75.96,28.6139,77.209,216.0,False,NORMAL,NONE,False,none,19.41,979.73,75.96,{}
2026-08-20 05:40:00+00:00,AWS-001,19.61,979.88,74.38,28.6139,77.209,216.0,False,NORMAL,NONE,False,none,19.61,979.88,74.38,{}
2026-08-20 05:45:00+00:00,AWS-001,19.84,980.0,73.62,28.6139,77.209,216.0,False,NORMAL,NONE,False,none,19.84,980.0,73.62,{}
2026-08-20 05:50:00+00:00,AWS-001,20.1,979.99,72.77,28.6139,77.209,216.0,False,NORMAL,NONE,False,none,20.1,979.99,72.77,{}
2026-08-20 05:55:00+00:00,AWS-001,20.03,980.09,72.66,28.6139,77.209,216.0,False,NORMAL,NONE,False,none,20.03,980.09,72.66,{}
2026-08-20 06:00:00+00:00,AWS-001,20.18,980.17,73.09,28.6139,77.209,216.0,False,NORMAL,NONE,False,none,20.18,980.17,73.09,{}
2026-08-20 06:05:00+00:00,AWS-001,20.62,980.21,71.61,28.6139,77.209,216.0,False,NORMAL,NONE,False,none,20.62,980.21,71.61,{}
2026-08-20 06:10:00+00:00,AWS-001,21.03,980.17,69.34,28.6139,77.209,216.0,False,NORMAL,NONE,False,none,21.03,980.17,69.34,{}
2026-08-20 06:15:00+00:00,AWS-001,21.28,980.16,67.78,28.6139,77.209,216.0,False,NORMAL,NONE,False,none,21.28,980.16,67.78,{}
2026-08-20 06:20:00+00:00,AWS-001,21.41,980.22,67.12,28.6139,77.209,216.0,False,NORMAL,NONE,False,none,21.41,980.22,67.12,{}
2026-08-20 06:25:00+00:00,AWS-001,21.32,980.22,67.34,28.6139,77.209,216.0,False,NORMAL,NONE,False,none,21.32,980.22,67.34,{}
2026-08-20 06:30:00+00:00,AWS-001,21.54,980.3,67.3,28.6139,77.209,216.0,False,NORMAL,NONE,False,none,21.54,980.3,67.3,{}
2026-08-20 06:35:00+00:00,AWS-001,21.6,980.44,67.6,28.6139,77.209,216.0,False,NORMAL,NONE,False,none,21.6,980.44,67.6,{}
2026-08-20 06:40:00+00:00,AWS-001,21.79,980.5,66.7,28.6139,77.209,216.0,False,NORMAL,NONE,False,none,21.79,980.5,66.7,{}
2026-08-20 06:45:00+00:00,AWS-001,21.78,980.6,67.06,28.6139,77.209,216.0,False,NORMAL,NONE,False,none,21.78,980.6,67.06,{}
2026-08-20 06:50:00+00:00,AWS-001,21.86,980.63,67.09,28.6139,77.209,216.0,False,NORMAL,NONE,False,none,21.86,980.63,67.09,{}
2026-08-20 06:55:00+00:00,AWS-001,22.01,980.75,66.33,28.6139,77.209,216.0,False,NORMAL,NONE,False,none,22.01,980.75,66.33,{}
2026-08-20 07:00:00+00:00,AWS-001,22.17,980.88,65.77,28.6139,77.209,216.0,False,NORMAL,NONE,False,none,22.17,980.88,65.77,{}
2026-08-20 07:05:00+00:00,AWS-001,22.36,980.89,65.18,28.6139,77.209,216.0,False,NORMAL,NONE,False,none,22.36,980.89,65.18,{}
2026-08-20 07:10:00+00:00,AWS-001,22.37,980.95,65.22,28.6139,77.209,216.0,False,NORMAL,NONE,False,none,22.37,980.95,65.22,{}
2026-08-20 07:15:00+00:00,AWS-001,22.28,980.98,64.88,28.6139,77.209,216.0,False,NORMAL,NONE,False,none,22.28,980.98,64.88,{}
2026-08-20 07:20:00+00:00,AWS-001,22.7,981.12,62.71,28.6139,77.209,216.0,False,NORMAL,NONE,False,none,22.7,981.12,62.71,{}
2026-08-20 07:25:00+00:00,AWS-001,23.23,981.23,60.5,28.6139,77.209,216.0,False,NORMAL,NONE,False,none,23.23,981.23,60.5,{}
2026-08-20 07:30:00+00:00,AWS-001,23.38,981.33,59.52,28.6139,77.209,216.0,False,NORMAL,NONE,False,none,23.38,981.33,59.52,{}
2026-08-20 07:35:00+00:00,AWS-001,23.23,981.43,59.19,28.6139,77.209,216.0,False,NORMAL,NONE,False,none,23.23,981.43,59.19,{}
2026-08-20 07:40:00+00:00,AWS-001,23.21,981.55,59.9,28.6139,77.209,216.0,False,NORMAL,NONE,False,none,23.21,981.55,59.9,{}
2026-08-20 07:45:00+00:00,AWS-001,23.42,981.67,59.45,28.6139,77.209,216.0,False,NORMAL,NONE,False,none,23.42,981.67,59.45,{}
2026-08-20 07:50:00+00:00,AWS-001,23.76,981.73,57.44,28.6139,77.209,216.0,False,NORMAL,NONE,False,none,23.76,981.73,57.44,{}
2026-08-20 07:55:00+00:00,AWS-001,23.65,981.79,57.85,28.6139,77.209,216.0,False,NORMAL,NONE,False,none,23.65,981.79,57.85,{}
2026-08-20 08:00:00+00:00,AWS-001,23.76,981.89,57.54,28.6139,77.209,216.0,False,NORMAL,NONE,False,none,23.76,981.89,57.54,{}
2026-08-20 08:05:00+00:00,AWS-001,23.92,981.97,57.25,28.6139,77.209,216.0,False,NORMAL,NONE,False,none,23.92,981.97,57.25,{}
2026-08-20 08:10:00+00:00,AWS-001,24.19,982.19,55.75,28.6139,77.209,216.0,False,NORMAL,NONE,False,none,24.19,982.19,55.75,{}
2026-08-20 08:15:00+00:00,AWS-001,24.25,982.25,54.92,28.6139,77.209,216.0,False,NORMAL,NONE,False,none,24.25,982.25,54.92,{}
2026-08-20 08:20:00+00:00,AWS-001,24.11,982.35,56.03,28.6139,77.209,216.0,False,NORMAL,NONE,False,none,24.11,982.35,56.03,{}
2026-08-20 08:25:00+00:00,AWS-001,24.37,982.46,54.39,28.6139,77.209,216.0,False,NORMAL,NONE,False,none,24.37,982.46,54.39,{}
2026-08-20 08:30:00+00:00,AWS-001,24.7,982.62,53.47,28.6139,77.209,216.0,False,NORMAL,NONE,False,none,24.7,982.62,53.47,{}
2026-08-20 08:35:00+00:00,AWS-001,24.8,982.64,53.22,28.6139,77.209,216.0,False,NORMAL,NONE,False,none,24.8,982.64,53.22,{}
2026-08-20 08:40:00+00:00,AWS-001,25.0,982.79,52.8,28.6139,77.209,216.0,False,NORMAL,NONE,False,none,25.0,982.79,52.8,{}
2026-08-20 08:45:00+00:00,AWS-001,25.03,982.84,53.1,28.6139,77.209,216.0,False,NORMAL,NONE,False,none,25.03,982.84,53.1,{}
2026-08-20 08:50:00+00:00,AWS-001,25.02,983.06,54.34,28.6139,77.209,216.0,False,NORMAL,NONE,False,none,25.02,983.06,54.34,{}
2026-08-20 08:55:00+00:00,AWS-001,25.34,983.13,52.33,28.6139,77.209,216.0,False,NORMAL,NONE,False,none,25.34,983.13,52.33,{}
2026-08-20 09:00:00+00:00,AWS-001,25.53,983.11,52.45,28.6139,77.209,216.0,False,NORMAL,NONE,False,none,25.53,983.11,52.45,{}
2026-08-20 09:05:00+00:00,AWS-001,25.73,983.15,50.3,28.6139,77.209,216.0,False,NORMAL,NONE,False,none,25.73,983.15,50.3,{}
2026-08-20 09:10:00+00:00,AWS-001,26.1,983.28,50.36,28.6139,77.209,216.0,False,NORMAL,NONE,False,none,26.1,983.28,50.36,{}
2026-08-20 09:15:00+00:00,AWS-001,26.01,983.34,49.46,28.6139,77.209,216.0,False,NORMAL,NONE,False,none,26.01,983.34,49.46,{}
2026-08-20 09:20:00+00:00,AWS-001,26.03,983.38,51.24,28.6139,77.209,216.0,False,NORMAL,NONE,False,none,26.03,983.38,51.24,{}
2026-08-20 09:25:00+00:00,AWS-001,26.18,983.47,50.55,28.6139,77.209,216.0,False,NORMAL,NONE,False,none,26.18,983.47,50.55,{}
2026-08-20 09:30:00+00:00,AWS-001,26.21,983.49,51.34,28.6139,77.209,216.0,False,NORMAL,NONE,False,none,26.21,983.49,51.34,{}
2026-08-20 09:35:00+00:00,AWS-001,26.47,983.52,51.16,28.6139,77.209,216.0,False,NORMAL,NONE,False,none,26.47,983.52,51.16,{}
2026-08-20 09:40:00+00:00,AWS-001,26.56,983.5,50.46,28.6139,77.209,216.0,False,NORMAL,NONE,False,none,26.56,983.5,50.46,{}
2026-08-20 09:45:00+00:00,AWS-001,26.52,983.65,50.26,28.6139,77.209,216.0,False,NORMAL,NONE,False,none,26.52,983.65,50.26,{}
2026-08-20 09:50:00+00:00,AWS-001,26.67,983.61,49.23,28.6139,77.209,216.0,False,NORMAL,NONE,False,none,26.67,983.61,49.23,{}
2026-08-20 09:55:00+00:00,AWS-001,26.84,983.67,49.29,28.6139,77.209,216.0,False,NORMAL,NONE,False,none,26.84,983.67,49.29,{}
2026-08-20 10:00:00+00:00,AWS-001,27.13,983.73,48.15,28.6139,77.209,216.0,False,NORMAL,NONE,False,none,27.13,983.73,48.15,{}
2026-08-20 10:05:00+00:00,AWS-001,27.31,983.76,47.14,28.6139,77.209,216.0,False,NORMAL,NONE,False,none,27.31,983.76,47.14,{}
2026-08-20 10:10:00+00:00,AWS-001,27.5,983.72,47.05,28.6139,77.209,216.0,False,NORMAL,NONE,False,none,27.5,983.72,47.05,{}
2026-08-20 10:15:00+00:00,AWS-001,27.65,983.7,46.09,28.6139,77.209,216.0,False,NORMAL,NONE,False,none,27.65,983.7,46.09,{}
2026-08-20 10:20:00+00:00,AWS-001,27.71,983.77,45.82,28.6139,77.209,216.0,False,NORMAL,NONE,False,none,27.71,983.77,45.82,{}
2026-08-20 10:25:00+00:00,AWS-001,27.7,983.76,46.06,28.6139,77.209,216.0,False,NORMAL,NONE,False,none,27.7,983.76,46.06,{}
2026-08-20 10:30:00+00:00,AWS-001,27.86,983.67,45.3,28.6139,77.209,216.0,False,NORMAL,NONE,False,none,27.86,983.67,45.3,{}
2026-08-20 10:35:00+00:00,AWS-001,27.92,983.74,44.99,28.6139,77.209,216.0,False,NORMAL,NONE,False,none,27.92,983.74,44.99,{}
2026-08-20 10:40:00+00:00,AWS-001,28.31,983.73,45.07,28.6139,77.209,216.0,False,NORMAL,NONE,False,none,28.31,983.73,45.07,{}
2026-08-20 10:45:00+00:00,AWS-001,28.62,983.8,44.15,28.6139,77.209,216.0,False,NORMAL,NONE,False,none,28.62,983.8,44.15,{}
2026-08-20 10:50:00+00:00,AWS-001,28.78,983.82,43.53,28.6139,77.209,216.0,False,NORMAL,NONE,False,none,28.78,983.82,43.53,{}
2026-08-20 10:55:00+00:00,AWS-001,28.9,983.84,43.19,28.6139,77.209,216.0,False,NORMAL,NONE,False,none,28.9,983.84,43.19,{}
2026-08-20 11:00:00+00:00,AWS-001,28.93,983.87,43.45,28.6139,77.209,216.0,False,NORMAL,NONE,False,none,28.93,983.87,43.45,{}
2026-08-20 11:05:00+00:00,AWS-001,28.78,983.83,43.2,28.6139,77.209,216.0,False,NORMAL,NONE,False,none,28.78,983.83,43.2,{}
2026-08-20 11:10:00+00:00,AWS-001,28.83,983.81,43.45,28.6139,77.209,216.0,False,NORMAL,NONE,False,none,28.83,983.81,43.45,{}
2026-08-20 11:15:00+00:00,AWS-001,28.93,983.83,43.39,28.6139,77.209,216.0,False,NORMAL,NONE,False,none,28.93,983.83,43.39,{}
2026-08-20 11:20:00+00:00,AWS-001,29.06,983.79,41.97,28.6139,77.209,216.0,False,NORMAL,NONE,False,none,29.06,983.79,41.97,{}
2026-08-20 11:25:00+00:00,AWS-001,29.23,983.86,42.89,28.6139,77.209,216.0,False,NORMAL,NONE,False,none,29.23,983.86,42.89,{}
2026-08-20 11:30:00+00:00,AWS-001,29.45,983.87,43.24,28.6139,77.209,216.0,False,NORMAL,NONE,False,none,29.45,983.87,43.24,{}
2026-08-20 11:35:00+00:00,AWS-001,29.4,983.8,42.74,28.6139,77.209,216.0,False,NORMAL,NONE,False,none,29.4,983.8,42.74,{}
2026-08-20 11:40:00+00:00,AWS-001,29.36,983.8,42.08,28.6139,77.209,216.0,False,NORMAL,NONE,False,none,29.36,983.8,42.08,{}
2026-08-20 11:45:00+00:00,AWS-001,29.69,983.83,41.49,28.6139,77.209,216.0,False,NORMAL,NONE,False,none,29.69,983.83,41.49,{}
2026-08-20 11:50:00+00:00,AWS-001,29.87,983.83,40.19,28.6139,77.209,216.0,False,NORMAL,NONE,False,none,29.87,983.83,40.19,{}
2026-08-20 11:55:00+00:00,AWS-001,29.85,983.87,41.27,28.6139,77.209,216.0,False,NORMAL,NONE,False,none,29.85,983.87,41.27,{}
2026-08-20 12:00:00+00:00,AWS-001,29.89,983.92,40.9,28.6139,77.209,216.0,False,NORMAL,NONE,False,none,29.89,983.92,40.9,{}
2026-08-20 12:05:00+00:00,AWS-001,29.93,984.08,41.89,28.6139,77.209,216.0,False,NORMAL,NONE,False,none,29.93,984.08,41.89,{}
2026-08-20 12:10:00+00:00,AWS-001,30.0,984.14,41.11,28.6139,77.209,216.0,False,NORMAL,NONE,False,none,30.0,984.14,41.11,{}
2026-08-20 12:15:00+00:00,AWS-001,30.14,984.04,40.7,28.6139,77.209,216.0,False,NORMAL,NONE,False,none,30.14,984.04,40.7,{}
2026-08-20 12:20:00+00:00,AWS-001,30.61,984.02,40.42,28.6139,77.209,216.0,False,NORMAL,NONE,False,none,30.61,984.02,40.42,{}
2026-08-20 12:25:00+00:00,AWS-001,30.64,984.0,40.03,28.6139,77.209,216.0,False,NORMAL,NONE,False,none,30.64,984.0,40.03,{}
2026-08-20 12:30:00+00:00,AWS-001,30.76,984.03,39.89,28.6139,77.209,216.0,False,NORMAL,NONE,False,none,30.76,984.03,39.89,{}
2026-08-20 12:35:00+00:00,AWS-001,30.47,983.98,41.14,28.6139,77.209,216.0,False,NORMAL,NONE,False,none,30.47,983.98,41.14,{}
2026-08-20 12:40:00+00:00,AWS-001,30.43,983.95,40.73,28.6139,77.209,216.0,False,NORMAL,NONE,False,none,30.43,983.95,40.73,{}
2026-08-20 12:45:00+00:00,AWS-001,30.68,983.87,39.27,28.6139,77.209,216.0,False,NORMAL,NONE,False,none,30.68,983.87,39.27,{}
2026-08-20 12:50:00+00:00,AWS-001,30.77,983.85,38.19,28.6139,77.209,216.0,False,NORMAL,NONE,False,none,30.77,983.85,38.19,{}
2026-08-20 12:55:00+00:00,AWS-001,30.05,983.82,40.38,28.6139,77.209,216.0,False,NORMAL,NONE,False,none,30.05,983.82,40.38,{}
2026-08-20 13:00:00+00:00,AWS-001,30.27,983.81,40.22,28.6139,77.209,216.0,False,NORMAL,NONE,False,none,30.27,983.81,40.22,{}
2026-08-20 13:05:00+00:00,AWS-001,30.67,983.75,40.02,28.6139,77.209,216.0,False,NORMAL,NONE,False,none,30.67,983.75,40.02,{}
2026-08-20 13:10:00+00:00,AWS-001,30.38,983.82,40.46,28.6139,77.209,216.0,False,NORMAL,NONE,False,none,30.38,983.82,40.46,{}
2026-08-20 13:15:00+00:00,AWS-001,30.71,983.86,38.78,28.6139,77.209,216.0,False,NORMAL,NONE,False,none,30.71,983.86,38.78,{}
2026-08-20 13:20:00+00:00,AWS-001,30.28,983.78,38.38,28.6139,77.209,216.0,False,NORMAL,NONE,False,none,30.28,983.78,38.38,{}
2026-08-20 13:25:00+00:00,AWS-001,30.53,983.79,39.94,28.6139,77.209,216.0,False,NORMAL,NONE,False,none,30.53,983.79,39.94,{}
2026-08-20 13:30:00+00:00,AWS-001,30.6,983.71,40.14,28.6139,77.209,216.0,False,NORMAL,NONE,False,none,30.6,983.71,40.14,{}
2026-08-20 13:35:00+00:00,AWS-001,30.26,983.81,40.95,28.6139,77.209,216.0,False,NORMAL,NONE,False,none,30.26,983.81,40.95,{}
2026-08-20 13:40:00+00:00,AWS-001,30.44,983.91,40.67,28.6139,77.209,216.0,False,NORMAL,NONE,False,none,30.44,983.91,40.67,{}
2026-08-20 13:45:00+00:00,AWS-001,30.71,983.91,39.08,28.6139,77.209,216.0,False,NORMAL,NONE,False,none,30.71,983.91,39.08,{}
2026-08-20 13:50:00+00:00,AWS-001,30.82,983.86,38.42,28.6139,77.209,216.0,False,NORMAL,NONE,False,none,30.82,983.86,38.42,{}
2026-08-20 13:55:00+00:00,AWS-001,30.95,983.83,39.37,28.6139,77.209,216.0,False,NORMAL,NONE,False,none,30.95,983.83,39.37,{}
2026-08-20 14:00:00+00:00,AWS-001,30.9,983.82,39.86,28.6139,77.209,216.0,False,NORMAL,NONE,False,none,30.9,983.82,39.86,{}
2026-08-20 14:05:00+00:00,AWS-001,30.61,983.82,39.93,28.6139,77.209,216.0,False,NORMAL,NONE,False,none,30.61,983.82,39.93,{}
2026-08-20 14:10:00+00:00,AWS-001,30.79,983.92,38.75,28.6139,77.209,216.0,False,NORMAL,NONE,False,none,30.79,983.92,38.75,{}
2026-08-20 14:15:00+00:00,AWS-001,31.11,983.98,37.81,28.6139,77.209,216.0,False,NORMAL,NONE,False,none,31.11,983.98,37.81,{}
2026-08-20 14:20:00+00:00,AWS-001,31.29,984.04,37.36,28.6139,77.209,216.0,False,NORMAL,NONE,False,none,31.29,984.04,37.36,{}
2026-08-20 14:25:00+00:00,AWS-001,30.93,984.05,39.61,28.6139,77.209,216.0,False,NORMAL,NONE,False,none,30.93,984.05,39.61,{}
2026-08-20 14:30:00+00:00,AWS-001,30.69,983.99,39.97,28.6139,77.209,216.0,False,NORMAL,NONE,False,none,30.69,983.99,39.97,{}
2026-08-20 14:35:00+00:00,AWS-001,30.59,983.95,39.42,28.6139,77.209,216.0,False,NORMAL,NONE,False,none,30.59,983.95,39.42,{}
2026-08-20 14:40:00+00:00,AWS-001,30.37,983.97,39.98,28.6139,77.209,216.0,False,NORMAL,NONE,False,none,30.37,983.97,39.98,{}
2026-08-20 14:45:00+00:00,AWS-001,30.45,983.91,40.05,28.6139,77.209,216.0,False,NORMAL,NONE,False,none,30.45,983.91,40.05,{}
2026-08-20 14:50:00+00:00,AWS-001,30.57,983.96,39.01,28.6139,77.209,216.0,False,NORMAL,NONE,False,none,30.57,983.96,39.01,{}
2026-08-20 14:55:00+00:00,AWS-001,30.37,984.03,39.89,28.6139,77.209,216.0,False,NORMAL,NONE,False,none,30.37,984.03,39.89,{}
2026-08-20 15:00:00+00:00,AWS-001,30.55,984.08,40.33,28.6139,77.209,216.0,False,NORMAL,NONE,False,none,30.55,984.08,40.33,{}
2026-08-20 15:05:00+00:00,AWS-001,30.68,984.13,40.1,28.6139,77.209,216.0,False,NORMAL,NONE,False,none,30.68,984.13,40.1,{}
2026-08-20 15:10:00+00:00,AWS-001,30.6,984.04,39.75,28.6139,77.209,216.0,False,NORMAL,NONE,False,none,30.6,984.04,39.75,{}
2026-08-20 15:15:00+00:00,AWS-001,30.58,984.15,39.5,28.6139,77.209,216.0,False,NORMAL,NONE,False,none,30.58,984.15,39.5,{}
2026-08-20 15:20:00+00:00,AWS-001,30.26,984.08,39.28,28.6139,77.209,216.0,False,NORMAL,NONE,False,none,30.26,984.08,39.28,{}
2026-08-20 15:25:00+00:00,AWS-001,30.25,984.11,39.47,28.6139,77.209,216.0,False,NORMAL,NONE,False,none,30.25,984.11,39.47,{}
2026-08-20 15:30:00+00:00,AWS-001,30.28,984.18,39.8,28.6139,77.209,216.0,False,NORMAL,NONE,False,none,30.28,984.18,39.8,{}
2026-08-20 15:35:00+00:00,AWS-001,30.33,984.24,39.27,28.6139,77.209,216.0,False,NORMAL,NONE,False,none,30.33,984.24,39.27,{}
2026-08-20 15:40:00+00:00,AWS-001,30.41,984.2,40.55,28.6139,77.209,216.0,False,NORMAL,NONE,False,none,30.41,984.2,40.55,{}
2026-08-20 15:45:00+00:00,AWS-001,30.44,984.18,40.98,28.6139,77.209,216.0,False,NORMAL,NONE,False,none,30.44,984.18,40.98,{}
2026-08-20 15:50:00+00:00,AWS-001,30.38,984.25,39.92,28.6139,77.209,216.0,False,NORMAL,NONE,False,none,30.38,984.25,39.92,{}
2026-08-20 15:55:00+00:00,AWS-001,30.4,984.33,38.85,28.6139,77.209,216.0,False,NORMAL,NONE,False,none,30.4,984.33,38.85,{}
2026-08-20 16:00:00+00:00,AWS-001,30.54,984.31,38.19,28.6139,77.209,216.0,False,NORMAL,NONE,False,none,30.54,984.31,38.19,{}
2026-08-20 16:05:00+00:00,AWS-001,30.46,984.39,39.67,28.6139,77.209,216.0,False,NORMAL,NONE,False,none,30.46,984.39,39.67,{}
2026-08-20 16:10:00+00:00,AWS-001,30.46,984.36,40.38,28.6139,77.209,216.0,False,NORMAL,NONE,False,none,30.46,984.36,40.38,{}
2026-08-20 16:15:00+00:00,AWS-001,30.36,984.46,41.66,28.6139,77.209,216.0,False,NORMAL,NONE,False,none,30.36,984.46,41.66,{}
2026-08-20 16:20:00+00:00,AWS-001,30.19,984.47,41.94,28.6139,77.209,216.0,False,NORMAL,NONE,False,none,30.19,984.47,41.94,{}
2026-08-20 16:25:00+00:00,AWS-001,30.22,984.55,41.62,28.6139,77.209,216.0,False,NORMAL,NONE,False,none,30.22,984.55,41.62,{}
2026-08-20 16:30:00+00:00,AWS-001,30.05,984.61,41.15,28.6139,77.209,216.0,False,NORMAL,NONE,False,none,30.05,984.61,41.15,{}
2026-08-20 16:35:00+00:00,AWS-001,30.06,984.75,41.42,28.6139,77.209,216.0,False,NORMAL,NONE,False,none,30.06,984.75,41.42,{}
2026-08-20 16:40:00+00:00,AWS-001,29.99,984.83,41.48,28.6139,77.209,216.0,False,NORMAL,NONE,False,none,29.99,984.83,41.48,{}
2026-08-20 16:45:00+00:00,AWS-001,29.86,984.87,41.67,28.6139,77.209,216.0,False,NORMAL,NONE,False,none,29.86,984.87,41.67,{}
2026-08-20 16:50:00+00:00,AWS-001,29.73,984.96,43.06,28.6139,77.209,216.0,False,NORMAL,NONE,False,none,29.73,984.96,43.06,{}
2026-08-20 16:55:00+00:00,AWS-001,29.58,985.16,43.25,28.6139,77.209,216.0,False,NORMAL,NONE,False,none,29.58,985.16,43.25,{}
2026-08-20 17:00:00+00:00,AWS-001,29.24,985.26,44.86,28.6139,77.209,216.0,False,NORMAL,NONE,False,none,29.24,985.26,44.86,{}
2026-08-20 17:05:00+00:00,AWS-001,29.27,985.32,43.6,28.6139,77.209,216.0,False,NORMAL,NONE,False,none,29.27,985.32,43.6,{}
2026-08-20 17:10:00+00:00,AWS-001,29.26,985.34,45.33,28.6139,77.209,216.0,False,NORMAL,NONE,False,none,29.26,985.34,45.33,{}
2026-08-20 17:15:00+00:00,AWS-001,29.33,985.37,44.64,28.6139,77.209,216.0,False,NORMAL,NONE,False,none,29.33,985.37,44.64,{}
2026-08-20 17:20:00+00:00,AWS-001,29.16,985.49,45.34,28.6139,77.209,216.0,False,NORMAL,NONE,False,none,29.16,985.49,45.34,{}
2026-08-20 17:25:00+00:00,AWS-001,29.39,985.51,45.08,28.6139,77.209,216.0,False,NORMAL,NONE,False,none,29.39,985.51,45.08,{}
2026-08-20 17:30:00+00:00,AWS-001,29.21,985.59,44.96,28.6139,77.209,216.0,False,NORMAL,NONE,False,none,29.21,985.59,44.96,{}
2026-08-20 17:35:00+00:00,AWS-001,28.95,985.76,45.96,28.6139,77.209,216.0,False,NORMAL,NONE,False,none,28.95,985.76,45.96,{}
2026-08-20 17:40:00+00:00,AWS-001,28.69,985.85,46.96,28.6139,77.209,216.0,False,NORMAL,NONE,False,none,28.69,985.85,46.96,{}
2026-08-20 17:45:00+00:00,AWS-001,28.32,985.86,47.21,28.6139,77.209,216.0,False,NORMAL,NONE,False,none,28.32,985.86,47.21,{}
2026-08-20 17:50:00+00:00,AWS-001,28.53,986.08,46.06,28.6139,77.209,216.0,False,NORMAL,NONE,False,none,28.53,986.08,46.06,{}
2026-08-20 17:55:00+00:00,AWS-001,28.66,986.26,45.66,28.6139,77.209,216.0,False,NORMAL,NONE,False,none,28.66,986.26,45.66,{}
2026-08-20 18:00:00+00:00,AWS-001,28.64,986.35,45.58,28.6139,77.209,216.0,False,NORMAL,NONE,False,none,28.64,986.35,45.58,{}
2026-08-20 18:05:00+00:00,AWS-001,28.36,986.5,47.17,28.6139,77.209,216.0,False,NORMAL,NONE,False,none,28.36,986.5,47.17,{}
2026-08-20 18:10:00+00:00,AWS-001,28.55,986.55,46.96,28.6139,77.209,216.0,False,NORMAL,NONE,False,none,28.55,986.55,46.96,{}
2026-08-20 18:15:00+00:00,AWS-001,28.33,986.66,47.28,28.6139,77.209,216.0,False,NORMAL,NONE,False,none,28.33,986.66,47.28,{}
2026-08-20 18:20:00+00:00,AWS-001,28.14,986.71,48.0,28.6139,77.209,216.0,False,NORMAL,NONE,False,none,28.14,986.71,48.0,{}
2026-08-20 18:25:00+00:00,AWS-001,28.25,986.7,46.24,28.6139,77.209,216.0,False,NORMAL,NONE,False,none,28.25,986.7,46.24,{}
2026-08-20 18:30:00+00:00,AWS-001,28.19,986.94,46.03,28.6139,77.209,216.0,False,NORMAL,NONE,False,none,28.19,986.94,46.03,{}
2026-08-20 18:35:00+00:00,AWS-001,28.38,986.93,45.79,28.6139,77.209,216.0,False,NORMAL,NONE,False,none,28.38,986.93,45.79,{}
2026-08-20 18:40:00+00:00,AWS-001,28.21,987.03,47.01,28.6139,77.209,216.0,False,NORMAL,NONE,False,none,28.21,987.03,47.01,{}
2026-08-20 18:45:00+00:00,AWS-001,27.93,987.12,47.83,28.6139,77.209,216.0,False,NORMAL,NONE,False,none,27.93,987.12,47.83,{}
2026-08-20 18:50:00+00:00,AWS-001,27.64,987.23,49.5,28.6139,77.209,216.0,False,NORMAL,NONE,False,none,27.64,987.23,49.5,{}
2026-08-20 18:55:00+00:00,AWS-001,27.16,987.31,51.23,28.6139,77.209,216.0,False,NORMAL,NONE,False,none,27.16,987.31,51.23,{}
2026-08-20 19:00:00+00:00,AWS-001,26.98,987.38,51.21,28.6139,77.209,216.0,False,NORMAL,NONE,False,none,26.98,987.38,51.21,{}
2026-08-20 19:05:00+00:00,AWS-001,27.04,987.48,50.78,28.6139,77.209,216.0,False,NORMAL,NONE,False,none,27.04,987.48,50.78,{}
2026-08-20 19:10:00+00:00,AWS-001,26.99,987.59,51.07,28.6139,77.209,216.0,False,NORMAL,NONE,False,none,26.99,987.59,51.07,{}
2026-08-20 19:15:00+00:00,AWS-001,26.83,987.67,51.12,28.6139,77.209,216.0,False,NORMAL,NONE,False,none,26.83,987.67,51.12,{}
2026-08-20 19:20:00+00:00,AWS-001,26.5,987.74,53.0,28.6139,77.209,216.0,False,NORMAL,NONE,False,none,26.5,987.74,53.0,{}
2026-08-20 19:25:00+00:00,AWS-001,26.4,987.75,52.41,28.6139,77.209,216.0,False,NORMAL,NONE,False,none,26.4,987.75,52.41,{}
2026-08-20 19:30:00+00:00,AWS-001,26.42,987.96,52.47,28.6139,77.209,216.0,False,NORMAL,NONE,False,none,26.42,987.96,52.47,{}
2026-08-20 19:35:00+00:00,AWS-001,26.33,988.07,53.14,28.6139,77.209,216.0,False,NORMAL,NONE,False,none,26.33,988.07,53.14,{}
2026-08-20 19:40:00+00:00,AWS-001,26.19,988.16,53.24,28.6139,77.209,216.0,False,NORMAL,NONE,False,none,26.19,988.16,53.24,{}
2026-08-20 19:45:00+00:00,AWS-001,25.88,988.2,53.77,28.6139,77.209,216.0,False,NORMAL,NONE,False,none,25.88,988.2,53.77,{}
2026-08-20 19:50:00+00:00,AWS-001,25.88,988.22,53.72,28.6139,77.209,216.0,False,NORMAL,NONE,False,none,25.88,988.22,53.72,{}
2026-08-20 19:55:00+00:00,AWS-001,25.19,988.35,56.47,28.6139,77.209,216.0,False,NORMAL,NONE,False,none,25.19,988.35,56.47,{}
2026-08-20 20:00:00+00:00,AWS-001,25.15,988.42,56.21,28.6139,77.209,216.0,False,NORMAL,NONE,False,none,25.15,988.42,56.21,{}
2026-08-20 20:05:00+00:00,AWS-001,25.46,988.54,54.48,28.6139,77.209,216.0,False,NORMAL,NONE,False,none,25.46,988.54,54.48,{}
2026-08-20 20:10:00+00:00,AWS-001,25.04,988.53,56.69,28.6139,77.209,216.0,False,NORMAL,NONE,False,none,25.04,988.53,56.69,{}
2026-08-20 20:15:00+00:00,AWS-001,24.86,988.7,57.51,28.6139,77.209,216.0,False,NORMAL,NONE,False,none,24.86,988.7,57.51,{}
2026-08-20 20:20:00+00:00,AWS-001,24.73,988.83,58.55,28.6139,77.209,216.0,False,NORMAL,NONE,False,none,24.73,988.83,58.55,{}
2026-08-20 20:25:00+00:00,AWS-001,24.52,988.89,59.61,28.6139,77.209,216.0,False,NORMAL,NONE,False,none,24.52,988.89,59.61,{}
2026-08-20 20:30:00+00:00,AWS-001,24.57,988.99,60.64,28.6139,77.209,216.0,False,NORMAL,NONE,False,none,24.57,988.99,60.64,{}
2026-08-20 20:35:00+00:00,AWS-001,24.5,989.09,61.22,28.6139,77.209,216.0,False,NORMAL,NONE,False,none,24.5,989.09,61.22,{}
2026-08-20 20:40:00+00:00,AWS-001,24.36,989.07,60.81,28.6139,77.209,216.0,False,NORMAL,NONE,False,none,24.36,989.07,60.81,{}
2026-08-20 20:45:00+00:00,AWS-001,24.34,989.24,60.91,28.6139,77.209,216.0,False,NORMAL,NONE,False,none,24.34,989.24,60.91,{}
2026-08-20 20:50:00+00:00,AWS-001,24.17,989.32,60.88,28.6139,77.209,216.0,False,NORMAL,NONE,False,none,24.17,989.32,60.88,{}
2026-08-20 20:55:00+00:00,AWS-001,24.53,989.33,59.14,28.6139,77.209,216.0,False,NORMAL,NONE,False,none,24.53,989.33,59.14,{}
2026-08-20 21:00:00+00:00,AWS-001,24.33,989.33,58.85,28.6139,77.209,216.0,False,NORMAL,NONE,False,none,24.33,989.33,58.85,{}
2026-08-20 21:05:00+00:00,AWS-001,24.14,989.44,59.38,28.6139,77.209,216.0,False,NORMAL,NONE,False,none,24.14,989.44,59.38,{}
2026-08-20 21:10:00+00:00,AWS-001,23.64,989.51,61.61,28.6139,77.209,216.0,False,NORMAL,NONE,False,none,23.64,989.51,61.61,{}
2026-08-20 21:15:00+00:00,AWS-001,23.38,989.59,62.55,28.6139,77.209,216.0,False,NORMAL,NONE,False,none,23.38,989.59,62.55,{}
2026-08-20 21:20:00+00:00,AWS-001,23.42,989.64,61.74,28.6139,77.209,216.0,False,NORMAL,NONE,False,none,23.42,989.64,61.74,{}
2026-08-20 21:25:00+00:00,AWS-001,23.02,989.62,62.42,28.6139,77.209,216.0,False,NORMAL,NONE,False,none,23.02,989.62,62.42,{}
2026-08-20 21:30:00+00:00,AWS-001,22.52,989.7,65.99,28.6139,77.209,216.0,False,NORMAL,NONE,False,none,22.52,989.7,65.99,{}
2026-08-20 21:35:00+00:00,AWS-001,22.42,989.74,66.59,28.6139,77.209,216.0,False,NORMAL,NONE,False,none,22.42,989.74,66.59,{}
2026-08-20 21:40:00+00:00,AWS-001,22.55,989.78,65.55,28.6139,77.209,216.0,False,NORMAL,NONE,False,none,22.55,989.78,65.55,{}
2026-08-20 21:45:00+00:00,AWS-001,22.42,989.96,66.42,28.6139,77.209,216.0,False,NORMAL,NONE,False,none,22.42,989.96,66.42,{}
2026-08-20 21:50:00+00:00,AWS-001,22.23,990.04,68.6,28.6139,77.209,216.0,False,NORMAL,NONE,False,none,22.23,990.04,68.6,{}
2026-08-20 21:55:00+00:00,AWS-001,21.8,990.12,70.61,28.6139,77.209,216.0,False,NORMAL,NONE,False,none,21.8,990.12,70.61,{}
2026-08-20 22:00:00+00:00,AWS-001,21.79,990.3,68.69,28.6139,77.209,216.0,False,NORMAL,NONE,False,none,21.79,990.3,68.69,{}
2026-08-20 22:05:00+00:00,AWS-001,21.79,990.32,70.42,28.6139,77.209,216.0,False,NORMAL,NONE,False,none,21.79,990.32,70.42,{}
2026-08-20 22:10:00+00:00,AWS-001,21.38,990.33,70.84,28.6139,77.209,216.0,False,NORMAL,NONE,False,none,21.38,990.33,70.84,{}
2026-08-20 22:15:00+00:00,AWS-001,21.49,990.3,70.28,28.6139,77.209,216.0,False,NORMAL,NONE,False,none,21.49,990.3,70.28,{}
2026-08-20 22:20:00+00:00,AWS-001,21.51,990.27,69.53,28.6139,77.209,216.0,False,NORMAL,NONE,False,none,21.51,990.27,69.53,{}
2026-08-20 22:25:00+00:00,AWS-001,21.57,990.16,68.94,28.6139,77.209,216.0,False,NORMAL,NONE,False,none,21.57,990.16,68.94,{}
2026-08-20 22:30:00+00:00,AWS-001,21.52,990.22,69.53,28.6139,77.209,216.0,False,NORMAL,NONE,False,none,21.52,990.22,69.53,{}
2026-08-20 22:35:00+00:00,AWS-001,21.48,990.16,68.56,28.6139,77.209,216.0,False,NORMAL,NONE,False,none,21.48,990.16,68.56,{}
2026-08-20 22:40:00+00:00,AWS-001,21.4,990.23,69.15,28.6139,77.209,216.0,False,NORMAL,NONE,False,none,21.4,990.23,69.15,{}
2026-08-20 22:45:00+00:00,AWS-001,21.38,990.24,70.26,28.6139,77.209,216.0,False,NORMAL,NONE,False,none,21.38,990.24,70.26,{}
2026-08-20 22:50:00+00:00,AWS-001,20.91,990.25,71.98,28.6139,77.209,216.0,False,NORMAL,NONE,False,none,20.91,990.25,71.98,{}
2026-08-20 22:55:00+00:00,AWS-001,20.53,990.26,73.04,28.6139,77.209,216.0,False,NORMAL,NONE,False,none,20.53,990.26,73.04,{}
2026-08-20 23:00:00+00:00,AWS-001,20.31,990.34,74.28,28.6139,77.209,216.0,False,NORMAL,NONE,False,none,20.31,990.34,74.28,{}
2026-08-20 23:05:00+00:00,AWS-001,20.21,990.41,74.83,28.6139,77.209,216.0,False,NORMAL,NONE,False,none,20.21,990.41,74.83,{}
2026-08-20 23:10:00+00:00,AWS-001,20.19,990.4,74.8,28.6139,77.209,216.0,False,NORMAL,NONE,False,none,20.19,990.4,74.8,{}
2026-08-20 23:15:00+00:00,AWS-001,20.15,990.33,74.52,28.6139,77.209,216.0,False,NORMAL,NONE,False,none,20.15,990.33,74.52,{}
2026-08-20 23:20:00+00:00,AWS-001,20.24,990.38,74.79,28.6139,77.209,216.0,False,NORMAL,NONE,False,none,20.24,990.38,74.79,{}
2026-08-20 23:25:00+00:00,AWS-001,20.32,990.31,75.09,28.6139,77.209,216.0,False,NORMAL,NONE,False,none,20.32,990.31,75.09,{}
2026-08-20 23:30:00+00:00,AWS-001,20.03,990.21,75.92,28.6139,77.209,216.0,False,NORMAL,NONE,False,none,20.03,990.21,75.92,{}
2026-08-20 23:35:00+00:00,AWS-001,19.96,990.24,75.94,28.6139,77.209,216.0,False,NORMAL,NONE,False,none,19.96,990.24,75.94,{}
2026-08-20 23:40:00+00:00,AWS-001,19.71,990.3,77.58,28.6139,77.209,216.0,False,NORMAL,NONE,False,none,19.71,990.3,77.58,{}
2026-08-20 23:45:00+00:00,AWS-001,19.58,990.27,77.83,28.6139,77.209,216.0,False,NORMAL,NONE,False,none,19.58,990.27,77.83,{}
2026-08-20 23:50:00+00:00,AWS-001,19.55,990.28,78.42,28.6139,77.209,216.0,False,NORMAL,NONE,False,none,19.55,990.28,78.42,{}
2026-08-20 23:55:00+00:00,AWS-001,18.89,990.24,82.94,28.6139,77.209,216.0,False,NORMAL,NONE,False,none,18.89,990.24,82.94,{}
